Provinsi,NamaKab/Kota,KodeKab/Kota,Jenis kelamin,Usia di bawah 15 tahun,Usia 15 - 44 tahun,Usia 45 - 59 tahun,Usia 60 tahun ke atas
ACEH,SIMEULUE,1101,P,41,128,66,68
ACEH,SIMEULUE,1101,L,63,217,75,77
ACEH,ACEH SINGKIL,1102,P,41,116,46,67
ACEH,ACEH SINGKIL,1102,L,45,155,66,49
ACEH,ACEH SELATAN,1103,P,72,349,212,248
ACEH,ACEH SELATAN,1103,L,97,560,296,212
ACEH,ACEH TENGGARA,1104,P,60,132,54,33
ACEH,ACEH TENGGARA,1104,L,101,265,110,37
ACEH,ACEH TIMUR,1105,P,160,569,235,293
ACEH,ACEH TIMUR,1105,L,221,827,367,265
ACEH,ACEH TENGAH,1106,P,58,192,82,88
ACEH,ACEH TENGAH,1106,L,75,339,105,83
ACEH,ACEH BARAT,1107,P,41,171,118,146
ACEH,ACEH BARAT,1107,L,60,259,147,136
ACEH,ACEH BESAR,1108,P,107,317,185,224
ACEH,ACEH BESAR,1108,L,154,495,226,187
ACEH,PIDIE,1109,P,191,685,233,315
ACEH,PIDIE,1109,L,248,957,311,300
ACEH,BIREUEN,1110,P,199,725,348,380
ACEH,BIREUEN,1110,L,281,"1,143",517,359
ACEH,ACEH UTARA,1111,P,238,834,422,617
ACEH,ACEH UTARA,1111,L,303,"1,237",544,553
ACEH,ACEH BARAT DAYA,1112,P,38,216,125,109
ACEH,ACEH BARAT DAYA,1112,L,71,301,179,124
ACEH,GAYO LUES,1113,P,28,84,45,24
ACEH,GAYO LUES,1113,L,48,144,43,35
ACEH,ACEH TAMIANG,1114,P,85,264,132,176
ACEH,ACEH TAMIANG,1114,L,107,434,205,141
ACEH,NAGAN RAYA,1115,P,63,232,162,202
ACEH,NAGAN RAYA,1115,L,57,290,149,187
ACEH,ACEH JAYA,1116,P,33,84,53,57
ACEH,ACEH JAYA,1116,L,41,171,72,74
ACEH,BENER MERIAH,1117,P,24,93,25,22
ACEH,BENER MERIAH,1117,L,35,123,53,33
ACEH,PIDIE JAYA,1118,P,49,209,95,144
ACEH,PIDIE JAYA,1118,L,71,318,108,112
ACEH,KOTA BANDA ACEH,1171,P,32,107,44,23
ACEH,KOTA BANDA ACEH,1171,L,45,180,79,22
ACEH,KOTA SABANG,1172,P,9,41,13,20
ACEH,KOTA SABANG,1172,L,17,47,14,23
ACEH,KOTA LANGSA,1173,P,39,101,35,13
ACEH,KOTA LANGSA,1173,L,55,173,66,27
ACEH,KOTA LHOKSEUMAWE,1174,P,42,105,47,28
ACEH,KOTA LHOKSEUMAWE,1174,L,55,203,87,43
ACEH,KOTA SUBULUSSALAM,1175,P,32,80,36,27
ACEH,KOTA SUBULUSSALAM,1175,L,47,130,50,44
SUMATERA UTARA,NIAS,1201,P,92,185,119,158
SUMATERA UTARA,NIAS,1201,L,118,323,136,177
SUMATERA UTARA,MANDAILING NATAL,1202,P,96,356,185,235
SUMATERA UTARA,MANDAILING NATAL,1202,L,142,536,239,173
SUMATERA UTARA,TAPANULI SELATAN,1203,P,59,208,106,161
SUMATERA UTARA,TAPANULI SELATAN,1203,L,73,342,133,123
SUMATERA UTARA,TAPANULI TENGAH,1204,P,135,363,195,209
SUMATERA UTARA,TAPANULI TENGAH,1204,L,198,611,258,171
SUMATERA UTARA,TAPANULI UTARA,1205,P,90,330,216,229
SUMATERA UTARA,TAPANULI UTARA,1205,L,150,629,369,181
SUMATERA UTARA,TOBA SAMOSIR,1206,P,66,128,50,42
SUMATERA UTARA,TOBA SAMOSIR,1206,L,80,248,87,33
SUMATERA UTARA,LABUHAN BATU,1207,P,35,163,74,92
SUMATERA UTARA,LABUHAN BATU,1207,L,54,225,94,95
SUMATERA UTARA,ASAHAN,1208,P,124,451,227,204
SUMATERA UTARA,ASAHAN,1208,L,157,635,279,231
SUMATERA UTARA,SIMALUNGUN,1209,P,166,770,340,367
SUMATERA UTARA,SIMALUNGUN,1209,L,227,"1,112",451,432
SUMATERA UTARA,DAIRI,1210,P,64,230,105,85
SUMATERA UTARA,DAIRI,1210,L,105,346,126,69
SUMATERA UTARA,KARO,1211,P,87,274,114,52
SUMATERA UTARA,KARO,1211,L,147,463,170,76
SUMATERA UTARA,DELI SERDANG,1212,P,213,"1,041",560,672
SUMATERA UTARA,DELI SERDANG,1212,L,319,"1,667",811,707
SUMATERA UTARA,LANGKAT,1213,P,237,896,412,505
SUMATERA UTARA,LANGKAT,1213,L,295,"1,296",600,487
SUMATERA UTARA,NIAS SELATAN,1214,P,173,500,267,232
SUMATERA UTARA,NIAS SELATAN,1214,L,208,666,310,295
SUMATERA UTARA,HUMBANG HASUNDUTAN,1215,P,75,181,92,143
SUMATERA UTARA,HUMBANG HASUNDUTAN,1215,L,89,344,142,107
SUMATERA UTARA,PAKPAK BHARAT,1216,P,20,36,6,5
SUMATERA UTARA,PAKPAK BHARAT,1216,L,16,45,13,8
SUMATERA UTARA,SAMOSIR,1217,P,43,110,35,29
SUMATERA UTARA,SAMOSIR,1217,L,61,186,77,30
SUMATERA UTARA,SERDANG BEDAGAI,1218,P,146,542,256,256
SUMATERA UTARA,SERDANG BEDAGAI,1218,L,202,798,348,275
SUMATERA UTARA,BATU BARA,1219,P,108,455,217,286
SUMATERA UTARA,BATU BARA,1219,L,142,665,316,274
SUMATERA UTARA,PADANG LAWAS UTARA,1220,P,67,125,37,26
SUMATERA UTARA,PADANG LAWAS UTARA,1220,L,98,226,95,28
SUMATERA UTARA,PADANG LAWAS,1221,P,84,223,125,94
SUMATERA UTARA,PADANG LAWAS,1221,L,101,361,134,102
SUMATERA UTARA,LABUHAN BATU SELATAN,1222,P,23,90,31,30
SUMATERA UTARA,LABUHAN BATU SELATAN,1222,L,37,140,56,32
SUMATERA UTARA,LABUHAN BATU UTARA,1223,P,72,207,116,144
SUMATERA UTARA,LABUHAN BATU UTARA,1223,L,95,354,141,131
SUMATERA UTARA,NIAS UTARA,1224,P,117,245,114,217
SUMATERA UTARA,NIAS UTARA,1224,L,156,356,140,193
SUMATERA UTARA,NIAS BARAT,1225,P,66,144,82,86
SUMATERA UTARA,NIAS BARAT,1225,L,73,218,106,81
SUMATERA UTARA,KOTA SIBOLGA,1271,P,22,58,29,20
SUMATERA UTARA,KOTA SIBOLGA,1271,L,25,100,34,11
SUMATERA UTARA,KOTA TANJUNG BALAI,1272,P,52,121,56,61
SUMATERA UTARA,KOTA TANJUNG BALAI,1272,L,66,205,73,44
SUMATERA UTARA,KOTA PEMATANG SIANTAR,1273,P,35,155,85,77
SUMATERA UTARA,KOTA PEMATANG SIANTAR,1273,L,51,207,116,62
SUMATERA UTARA,KOTA TEBING TINGGI,1274,P,39,139,82,55
SUMATERA UTARA,KOTA TEBING TINGGI,1274,L,53,207,110,67
SUMATERA UTARA,KOTA MEDAN,1275,P,261,970,459,339
SUMATERA UTARA,KOTA MEDAN,1275,L,363,"1,455",648,321
SUMATERA UTARA,KOTA BINJAI,1276,P,60,216,113,101
SUMATERA UTARA,KOTA BINJAI,1276,L,64,327,158,78
SUMATERA UTARA,KOTA PADANGSIDIMPUAN,1277,P,44,147,72,92
SUMATERA UTARA,KOTA PADANGSIDIMPUAN,1277,L,51,270,91,44
SUMATERA UTARA,KOTA GUNUNGSITOLI,1278,P,47,158,89,142
SUMATERA UTARA,KOTA GUNUNGSITOLI,1278,L,79,310,123,113
SUMATERA BARAT,KEPULAUAN MENTAWAI,1301,P,36,64,14,12
SUMATERA BARAT,KEPULAUAN MENTAWAI,1301,L,46,74,35,17
SUMATERA BARAT,PESISIR SELATAN,1302,P,170,555,308,293
SUMATERA BARAT,PESISIR SELATAN,1302,L,260,752,324,230
SUMATERA BARAT,SOLOK,1303,P,146,471,248,234
SUMATERA BARAT,SOLOK,1303,L,198,571,259,200
SUMATERA BARAT,SIJUNJUNG,1304,P,56,191,130,181
SUMATERA BARAT,SIJUNJUNG,1304,L,92,285,128,144
SUMATERA BARAT,TANAH DATAR,1305,P,99,331,184,173
SUMATERA BARAT,TANAH DATAR,1305,L,150,420,190,170
SUMATERA BARAT,PADANG PARIAMAN,1306,P,137,514,238,316
SUMATERA BARAT,PADANG PARIAMAN,1306,L,196,615,237,234
SUMATERA BARAT,AGAM,1307,P,103,393,202,269
SUMATERA BARAT,AGAM,1307,L,198,557,257,257
SUMATERA BARAT,LIMA PULUH KOTA,1308,P,135,509,297,471
SUMATERA BARAT,LIMA PULUH KOTA,1308,L,199,729,358,324
SUMATERA BARAT,PASAMAN,1309,P,114,346,173,163
SUMATERA BARAT,PASAMAN,1309,L,145,453,201,128
SUMATERA BARAT,SOLOK SELATAN,1310,P,60,153,83,91
SUMATERA BARAT,SOLOK SELATAN,1310,L,66,183,94,67
SUMATERA BARAT,DHARMASRAYA,1311,P,34,100,60,68
SUMATERA BARAT,DHARMASRAYA,1311,L,34,144,64,48
SUMATERA BARAT,PASAMAN BARAT,1312,P,132,385,209,296
SUMATERA BARAT,PASAMAN BARAT,1312,L,181,581,236,202
SUMATERA BARAT,KOTA PADANG,1371,P,163,651,292,191
SUMATERA BARAT,KOTA PADANG,1371,L,253,904,344,172
SUMATERA BARAT,KOTA SOLOK,1372,P,16,49,21,16
SUMATERA BARAT,KOTA SOLOK,1372,L,13,60,29,14
SUMATERA BARAT,KOTA SAWAH LUNTO,1373,P,15,56,34,41
SUMATERA BARAT,KOTA SAWAH LUNTO,1373,L,18,90,43,21
SUMATERA BARAT,KOTA PADANG PANJANG,1374,P,16,31,19,19
SUMATERA BARAT,KOTA PADANG PANJANG,1374,L,23,60,27,18
SUMATERA BARAT,KOTA BUKITTINGGI,1375,P,15,65,40,22
SUMATERA BARAT,KOTA BUKITTINGGI,1375,L,36,84,41,28
SUMATERA BARAT,KOTA PAYAKUMBUH,1376,P,42,110,64,69
SUMATERA BARAT,KOTA PAYAKUMBUH,1376,L,42,189,90,52
SUMATERA BARAT,KOTA PARIAMAN,1377,P,29,112,66,81
SUMATERA BARAT,KOTA PARIAMAN,1377,L,41,163,73,44
RIAU,KUANTAN SINGINGI,1401,P,77,270,163,317
RIAU,KUANTAN SINGINGI,1401,L,86,378,231,262
RIAU,INDRAGIRI HULU,1402,P,95,302,168,222
RIAU,INDRAGIRI HULU,1402,L,124,405,183,195
RIAU,INDRAGIRI HILIR,1403,P,106,362,140,132
RIAU,INDRAGIRI HILIR,1403,L,111,503,208,197
RIAU,PELALAWAN,1404,P,76,202,93,104
RIAU,PELALAWAN,1404,L,84,238,125,128
RIAU,S I A K,1405,P,45,191,81,121
RIAU,S I A K,1405,L,84,287,101,98
RIAU,KAMPAR,1406,P,163,569,252,250
RIAU,KAMPAR,1406,L,240,785,359,219
RIAU,ROKAN HULU,1407,P,116,339,169,251
RIAU,ROKAN HULU,1407,L,122,534,253,224
RIAU,BENGKALIS,1408,P,81,304,133,121
RIAU,BENGKALIS,1408,L,100,451,199,170
RIAU,ROKAN HILIR,1409,P,94,324,166,218
RIAU,ROKAN HILIR,1409,L,142,531,202,209
RIAU,KEPULAUAN MERANTI,1410,P,48,195,69,91
RIAU,KEPULAUAN MERANTI,1410,L,63,264,102,106
RIAU,KOTA PEKANBARU,1471,P,106,254,99,79
RIAU,KOTA PEKANBARU,1471,L,164,364,145,103
RIAU,KOTA DUMAI,1473,P,49,167,57,56
RIAU,KOTA DUMAI,1473,L,60,232,76,78
JAMBI,KERINCI,1501,P,86,352,244,409
JAMBI,KERINCI,1501,L,108,485,232,300
JAMBI,MERANGIN,1502,P,74,268,162,132
JAMBI,MERANGIN,1502,L,89,369,181,154
JAMBI,SAROLANGUN,1503,P,65,238,135,146
JAMBI,SAROLANGUN,1503,L,73,324,139,99
JAMBI,BATANG HARI,1504,P,80,275,127,159
JAMBI,BATANG HARI,1504,L,108,389,175,148
JAMBI,MUARO JAMBI,1505,P,65,210,79,89
JAMBI,MUARO JAMBI,1505,L,72,298,112,64
JAMBI,TANJUNG JABUNG TIMUR,1506,P,44,194,74,124
JAMBI,TANJUNG JABUNG TIMUR,1506,L,60,231,127,141
JAMBI,TANJUNG JABUNG BARAT,1507,P,56,203,106,147
JAMBI,TANJUNG JABUNG BARAT,1507,L,91,328,147,149
JAMBI,TEBO,1508,P,66,270,137,189
JAMBI,TEBO,1508,L,71,347,165,189
JAMBI,BUNGO,1509,P,88,278,136,248
JAMBI,BUNGO,1509,L,117,417,177,171
JAMBI,KOTA JAMBI,1571,P,77,315,153,117
JAMBI,KOTA JAMBI,1571,L,112,457,197,135
JAMBI,KOTA SUNGAI PENUH,1572,P,19,57,48,89
JAMBI,KOTA SUNGAI PENUH,1572,L,17,92,44,64
SUMATERA SELATAN,OGAN KOMERING ULU,1601,P,53,196,134,166
SUMATERA SELATAN,OGAN KOMERING ULU,1601,L,74,357,200,195
SUMATERA SELATAN,OGAN KOMERING ILIR,1602,P,172,586,280,351
SUMATERA SELATAN,OGAN KOMERING ILIR,1602,L,216,964,384,354
SUMATERA SELATAN,MUARA ENIM,1603,P,144,652,294,359
SUMATERA SELATAN,MUARA ENIM,1603,L,204,975,410,356
SUMATERA SELATAN,LAHAT,1604,P,113,522,268,389
SUMATERA SELATAN,LAHAT,1604,L,141,804,368,347
SUMATERA SELATAN,MUSI RAWAS,1605,P,84,451,220,276
SUMATERA SELATAN,MUSI RAWAS,1605,L,134,665,295,293
SUMATERA SELATAN,MUSI BANYUASIN,1606,P,85,371,199,278
SUMATERA SELATAN,MUSI BANYUASIN,1606,L,121,642,301,281
SUMATERA SELATAN,BANYU ASIN,1607,P,165,672,316,439
SUMATERA SELATAN,BANYU ASIN,1607,L,207,961,424,469
SUMATERA SELATAN,OGAN KOMERING ULU SELATAN,1608,P,73,318,156,173
SUMATERA SELATAN,OGAN KOMERING ULU SELATAN,1608,L,101,462,197,215
SUMATERA SELATAN,OGAN KOMERING ULU TIMUR,1609,P,69,374,142,193
SUMATERA SELATAN,OGAN KOMERING ULU TIMUR,1609,L,89,492,212,214
SUMATERA SELATAN,OGAN ILIR,1610,P,122,473,220,310
SUMATERA SELATAN,OGAN ILIR,1610,L,151,735,333,270
SUMATERA SELATAN,EMPAT LAWANG,1611,P,50,293,162,329
SUMATERA SELATAN,EMPAT LAWANG,1611,L,69,524,215,284
SUMATERA SELATAN,PENUKAL ABAB LEMATANG ILIR,1612,P,46,176,79,97
SUMATERA SELATAN,PENUKAL ABAB LEMATANG ILIR,1612,L,62,275,92,82
SUMATERA SELATAN,MUSI RAWAS UTARA,1613,P,55,202,91,129
SUMATERA SELATAN,MUSI RAWAS UTARA,1613,L,63,276,137,110
SUMATERA SELATAN,KOTA PALEMBANG,1671,P,181,690,288,278
SUMATERA SELATAN,KOTA PALEMBANG,1671,L,221,"1,129",391,267
SUMATERA SELATAN,KOTA PRABUMULIH,1672,P,25,120,46,74
SUMATERA SELATAN,KOTA PRABUMULIH,1672,L,49,174,69,47
SUMATERA SELATAN,KOTA PAGAR ALAM,1673,P,21,102,66,65
SUMATERA SELATAN,KOTA PAGAR ALAM,1673,L,22,197,85,48
SUMATERA SELATAN,KOTA LUBUKLINGGAU,1674,P,20,139,71,56
SUMATERA SELATAN,KOTA LUBUKLINGGAU,1674,L,43,206,67,62
BENGKULU,BENGKULU SELATAN,1701,P,44,202,115,149
BENGKULU,BENGKULU SELATAN,1701,L,60,311,107,149
BENGKULU,REJANG LEBONG,1702,P,56,313,158,234
BENGKULU,REJANG LEBONG,1702,L,89,494,219,199
BENGKULU,BENGKULU UTARA,1703,P,77,229,122,187
BENGKULU,BENGKULU UTARA,1703,L,105,352,175,178
BENGKULU,KAUR,1704,P,51,164,93,166
BENGKULU,KAUR,1704,L,55,208,109,148
BENGKULU,SELUMA,1705,P,56,217,111,197
BENGKULU,SELUMA,1705,L,86,366,150,181
BENGKULU,MUKOMUKO,1706,P,65,184,84,112
BENGKULU,MUKOMUKO,1706,L,67,245,89,124
BENGKULU,LEBONG,1707,P,21,99,60,106
BENGKULU,LEBONG,1707,L,32,159,73,89
BENGKULU,KEPAHIANG,1708,P,37,159,70,116
BENGKULU,KEPAHIANG,1708,L,62,218,114,88
BENGKULU,BENGKULU TENGAH,1709,P,37,148,70,178
BENGKULU,BENGKULU TENGAH,1709,L,36,164,86,180
BENGKULU,KOTA BENGKULU,1771,P,62,214,109,116
BENGKULU,KOTA BENGKULU,1771,L,91,298,118,106
LAMPUNG,LAMPUNG BARAT,1801,P,47,191,65,98
LAMPUNG,LAMPUNG BARAT,1801,L,64,260,119,128
LAMPUNG,TANGGAMUS,1802,P,129,553,222,309
LAMPUNG,TANGGAMUS,1802,L,174,823,347,354
LAMPUNG,LAMPUNG SELATAN,1803,P,200,943,412,628
LAMPUNG,LAMPUNG SELATAN,1803,L,290,"1,406",565,704
LAMPUNG,LAMPUNG TIMUR,1804,P,196,883,424,660
LAMPUNG,LAMPUNG TIMUR,1804,L,268,"1,374",587,788
LAMPUNG,LAMPUNG TENGAH,1805,P,244,"1,144",483,797
LAMPUNG,LAMPUNG TENGAH,1805,L,334,"1,536",691,875
LAMPUNG,LAMPUNG UTARA,1806,P,147,621,284,343
LAMPUNG,LAMPUNG UTARA,1806,L,205,935,414,404
LAMPUNG,WAY KANAN,1807,P,87,390,178,278
LAMPUNG,WAY KANAN,1807,L,122,532,262,336
LAMPUNG,TULANGBAWANG,1808,P,79,342,111,155
LAMPUNG,TULANGBAWANG,1808,L,118,450,147,214
LAMPUNG,PESAWARAN,1809,P,102,391,176,280
LAMPUNG,PESAWARAN,1809,L,157,654,275,344
LAMPUNG,PRINGSEWU,1810,P,70,381,204,228
LAMPUNG,PRINGSEWU,1810,L,115,491,232,241
LAMPUNG,MESUJI,1811,P,46,225,73,95
LAMPUNG,MESUJI,1811,L,80,301,105,141
LAMPUNG,TULANG BAWANG BARAT,1812,P,43,203,70,127
LAMPUNG,TULANG BAWANG BARAT,1812,L,55,302,116,155
LAMPUNG,PESISIR BARAT,1813,P,36,159,70,98
LAMPUNG,PESISIR BARAT,1813,L,50,274,121,113
LAMPUNG,KOTA BANDAR LAMPUNG,1871,P,126,518,240,251
LAMPUNG,KOTA BANDAR LAMPUNG,1871,L,178,737,341,241
LAMPUNG,KOTA METRO,1872,P,23,125,49,62
LAMPUNG,KOTA METRO,1872,L,46,158,76,62
KEPULAUAN BANGKA BELITUNG,BANGKA,1901,P,45,234,166,233
KEPULAUAN BANGKA BELITUNG,BANGKA,1901,L,61,332,227,191
KEPULAUAN BANGKA BELITUNG,BELITUNG,1902,P,15,89,76,112
KEPULAUAN BANGKA BELITUNG,BELITUNG,1902,L,27,183,100,120
KEPULAUAN BANGKA BELITUNG,BANGKA BARAT,1903,P,29,86,61,79
KEPULAUAN BANGKA BELITUNG,BANGKA BARAT,1903,L,34,179,69,83
KEPULAUAN BANGKA BELITUNG,BANGKA TENGAH,1904,P,30,170,103,154
KEPULAUAN BANGKA BELITUNG,BANGKA TENGAH,1904,L,49,269,127,151
KEPULAUAN BANGKA BELITUNG,BANGKA SELATAN,1905,P,16,104,86,159
KEPULAUAN BANGKA BELITUNG,BANGKA SELATAN,1905,L,22,168,89,123
KEPULAUAN BANGKA BELITUNG,BELITUNG TIMUR,1906,P,9,93,61,80
KEPULAUAN BANGKA BELITUNG,BELITUNG TIMUR,1906,L,25,161,82,84
KEPULAUAN BANGKA BELITUNG,KOTA PANGKAL PINANG,1971,P,23,109,73,100
KEPULAUAN BANGKA BELITUNG,KOTA PANGKAL PINANG,1971,L,31,168,94,77
KEPULAUAN RIAU,KARIMUN,2101,P,42,163,92,134
KEPULAUAN RIAU,KARIMUN,2101,L,47,220,128,138
KEPULAUAN RIAU,BINTAN,2102,P,25,90,27,22
KEPULAUAN RIAU,BINTAN,2102,L,37,108,49,29
KEPULAUAN RIAU,NATUNA,2103,P,15,42,29,18
KEPULAUAN RIAU,NATUNA,2103,L,28,65,40,38
KEPULAUAN RIAU,LINGGA,2104,P,31,89,54,84
KEPULAUAN RIAU,LINGGA,2104,L,32,138,62,78
KEPULAUAN RIAU,KEPULAUAN ANAMBAS,2105,P,3,17,8,6
KEPULAUAN RIAU,KEPULAUAN ANAMBAS,2105,L,2,23,10,6
KEPULAUAN RIAU,KOTA BATAM,2171,P,99,169,63,65
KEPULAUAN RIAU,KOTA BATAM,2171,L,116,224,93,87
KEPULAUAN RIAU,KOTA TANJUNG PINANG,2172,P,27,78,30,40
KEPULAUAN RIAU,KOTA TANJUNG PINANG,2172,L,44,150,56,35
DKI JAKARTA,KEPULAUAN SERIBU,3101,P,8,15,10,3
DKI JAKARTA,KEPULAUAN SERIBU,3101,L,7,18,9,9
DKI JAKARTA,KOTA JAKARTA SELATAN,3171,P,90,312,207,169
DKI JAKARTA,KOTA JAKARTA SELATAN,3171,L,105,478,261,153
DKI JAKARTA,KOTA JAKARTA TIMUR,3172,P,193,693,385,342
DKI JAKARTA,KOTA JAKARTA TIMUR,3172,L,240,"1,029",512,321
DKI JAKARTA,KOTA JAKARTA PUSAT,3173,P,70,302,219,229
DKI JAKARTA,KOTA JAKARTA PUSAT,3173,L,103,498,312,189
DKI JAKARTA,KOTA JAKARTA BARAT,3174,P,149,427,234,255
DKI JAKARTA,KOTA JAKARTA BARAT,3174,L,176,733,329,214
DKI JAKARTA,KOTA JAKARTA UTARA,3175,P,171,537,285,257
DKI JAKARTA,KOTA JAKARTA UTARA,3175,L,235,845,372,227
JAWA BARAT,BOGOR,3201,P,330,"1,766",907,"1,435"
JAWA BARAT,BOGOR,3201,L,507,"2,737","1,236","1,427"
JAWA BARAT,SUKABUMI,3202,P,392,"1,545",734,944
JAWA BARAT,SUKABUMI,3202,L,511,"1,993","1,035","1,276"
JAWA BARAT,CIANJUR,3203,P,413,"1,601",907,"1,879"
JAWA BARAT,CIANJUR,3203,L,500,"2,059","1,121","1,551"
JAWA BARAT,BANDUNG,3204,P,624,"1,911",909,"1,221"
JAWA BARAT,BANDUNG,3204,L,828,"2,756","1,235","1,206"
JAWA BARAT,GARUT,3205,P,543,"1,851",932,"1,521"
JAWA BARAT,GARUT,3205,L,678,"2,437","1,140","1,357"
JAWA BARAT,TASIKMALAYA,3206,P,403,"1,518",942,"1,648"
JAWA BARAT,TASIKMALAYA,3206,L,566,"1,948","1,084","1,403"
JAWA BARAT,CIAMIS,3207,P,226,"1,098",749,"1,106"
JAWA BARAT,CIAMIS,3207,L,305,"1,531",875,"1,058"
JAWA BARAT,KUNINGAN,3208,P,174,968,575,843
JAWA BARAT,KUNINGAN,3208,L,246,"1,512",776,792
JAWA BARAT,CIREBON,3209,P,326,"1,894",975,"1,957"
JAWA BARAT,CIREBON,3209,L,410,"2,497","1,130","1,426"
JAWA BARAT,MAJALENGKA,3210,P,229,"1,165",769,"1,542"
JAWA BARAT,MAJALENGKA,3210,L,306,"1,602",811,"1,073"
JAWA BARAT,SUMEDANG,3211,P,148,826,519,821
JAWA BARAT,SUMEDANG,3211,L,219,"1,000",552,789
JAWA BARAT,INDRAMAYU,3212,P,256,"1,510","1,056","2,152"
JAWA BARAT,INDRAMAYU,3212,L,347,"1,979","1,075","1,594"
JAWA BARAT,SUBANG,3213,P,160,955,528,748
JAWA BARAT,SUBANG,3213,L,290,"1,235",729,944
JAWA BARAT,PURWAKARTA,3214,P,101,519,300,438
JAWA BARAT,PURWAKARTA,3214,L,130,704,337,468
JAWA BARAT,KARAWANG,3215,P,181,"1,294",757,"1,304"
JAWA BARAT,KARAWANG,3215,L,311,"1,682",955,"1,197"
JAWA BARAT,BEKASI,3216,P,143,772,449,811
JAWA BARAT,BEKASI,3216,L,193,"1,140",559,658
JAWA BARAT,BANDUNG BARAT,3217,P,251,999,540,713
JAWA BARAT,BANDUNG BARAT,3217,L,315,"1,335",672,733
JAWA BARAT,PANGANDARAN,3218,P,68,341,229,341
JAWA BARAT,PANGANDARAN,3218,L,97,426,262,358
JAWA BARAT,KOTA BOGOR,3271,P,146,481,244,235
JAWA BARAT,KOTA BOGOR,3271,L,153,707,349,225
JAWA BARAT,KOTA SUKABUMI,3272,P,48,179,74,149
JAWA BARAT,KOTA SUKABUMI,3272,L,48,229,104,116
JAWA BARAT,KOTA BANDUNG,3273,P,250,829,515,534
JAWA BARAT,KOTA BANDUNG,3273,L,352,"1,220",672,482
JAWA BARAT,KOTA CIREBON,3274,P,57,220,116,156
JAWA BARAT,KOTA CIREBON,3274,L,85,333,172,127
JAWA BARAT,KOTA BEKASI,3275,P,114,546,264,266
JAWA BARAT,KOTA BEKASI,3275,L,221,796,327,246
JAWA BARAT,KOTA DEPOK,3276,P,128,567,303,277
JAWA BARAT,KOTA DEPOK,3276,L,198,871,427,260
JAWA BARAT,KOTA CIMAHI,3277,P,50,209,109,91
JAWA BARAT,KOTA CIMAHI,3277,L,86,319,151,86
JAWA BARAT,KOTA TASIKMALAYA,3278,P,156,457,264,395
JAWA BARAT,KOTA TASIKMALAYA,3278,L,163,706,283,319
JAWA BARAT,KOTA BANJAR,3279,P,16,101,99,127
JAWA BARAT,KOTA BANJAR,3279,L,30,147,85,103
JAWA TENGAH,CILACAP,3301,P,426,"2,212","1,219","1,964"
JAWA TENGAH,CILACAP,3301,L,610,"2,891","1,517","2,164"
JAWA TENGAH,BANYUMAS,3302,P,452,"2,117","1,246","2,095"
JAWA TENGAH,BANYUMAS,3302,L,583,"3,015","1,699","2,185"
JAWA TENGAH,PURBALINGGA,3303,P,299,"1,220",737,"1,353"
JAWA TENGAH,PURBALINGGA,3303,L,363,"1,684",913,"1,316"
JAWA TENGAH,BANJARNEGARA,3304,P,205,"1,010",637,"1,190"
JAWA TENGAH,BANJARNEGARA,3304,L,267,"1,425",805,"1,179"
JAWA TENGAH,KEBUMEN,3305,P,368,"1,818","1,151","1,561"
JAWA TENGAH,KEBUMEN,3305,L,479,"2,632","1,342","1,571"
JAWA TENGAH,PURWOREJO,3306,P,203,"1,120",884,"1,189"
JAWA TENGAH,PURWOREJO,3306,L,292,"1,688","1,144","1,181"
JAWA TENGAH,WONOSOBO,3307,P,129,729,406,614
JAWA TENGAH,WONOSOBO,3307,L,186,915,502,655
JAWA TENGAH,MAGELANG,3308,P,365,"1,642","1,206","1,442"
JAWA TENGAH,MAGELANG,3308,L,500,"2,416","1,479","1,455"
JAWA TENGAH,BOYOLALI,3309,P,165,"1,116",722,"1,114"
JAWA TENGAH,BOYOLALI,3309,L,266,"1,469",869,"1,143"
JAWA TENGAH,KLATEN,3310,P,293,"1,850","1,344","1,899"
JAWA TENGAH,KLATEN,3310,L,463,"2,430","1,560","1,743"
JAWA TENGAH,SUKOHARJO,3311,P,191,"1,010",624,957
JAWA TENGAH,SUKOHARJO,3311,L,250,"1,481",805,881
JAWA TENGAH,WONOGIRI,3312,P,204,"1,264",930,"1,335"
JAWA TENGAH,WONOGIRI,3312,L,309,"1,703","1,112","1,276"
JAWA TENGAH,KARANGANYAR,3313,P,155,905,621,723
JAWA TENGAH,KARANGANYAR,3313,L,171,"1,291",721,777
JAWA TENGAH,SRAGEN,3314,P,178,"1,100",605,"1,167"
JAWA TENGAH,SRAGEN,3314,L,253,"1,395",736,973
JAWA TENGAH,GROBOGAN,3315,P,315,"1,632",965,"1,976"
JAWA TENGAH,GROBOGAN,3315,L,458,"2,168","1,167","1,573"
JAWA TENGAH,BLORA,3316,P,203,"1,057",651,"1,091"
JAWA TENGAH,BLORA,3316,L,274,"1,406",801,985
JAWA TENGAH,REMBANG,3317,P,161,790,465,925
JAWA TENGAH,REMBANG,3317,L,214,"1,130",588,771
JAWA TENGAH,PATI,3318,P,299,"1,977","1,372","2,701"
JAWA TENGAH,PATI,3318,L,410,"2,690","1,579","2,161"
JAWA TENGAH,KUDUS,3319,P,136,789,480,670
JAWA TENGAH,KUDUS,3319,L,188,"1,107",607,527
JAWA TENGAH,JEPARA,3320,P,329,"1,559",899,"1,517"
JAWA TENGAH,JEPARA,3320,L,437,"2,089","1,113","1,252"
JAWA TENGAH,DEMAK,3321,P,291,"1,527",861,"1,472"
JAWA TENGAH,DEMAK,3321,L,391,"2,084","1,122","1,106"
JAWA TENGAH,SEMARANG,3322,P,187,959,576,848
JAWA TENGAH,SEMARANG,3322,L,251,"1,290",763,754
JAWA TENGAH,TEMANGGUNG,3323,P,206,832,551,648
JAWA TENGAH,TEMANGGUNG,3323,L,272,"1,202",704,647
JAWA TENGAH,KENDAL,3324,P,207,"1,270",833,"1,123"
JAWA TENGAH,KENDAL,3324,L,310,"1,641",893,954
JAWA TENGAH,BATANG,3325,P,172,796,387,506
JAWA TENGAH,BATANG,3325,L,230,981,490,499
JAWA TENGAH,PEKALONGAN,3326,P,279,"1,128",573,847
JAWA TENGAH,PEKALONGAN,3326,L,358,"1,567",780,683
JAWA TENGAH,PEMALANG,3327,P,357,"1,580",854,"1,412"
JAWA TENGAH,PEMALANG,3327,L,448,"2,037",963,"1,293"
JAWA TENGAH,TEGAL,3328,P,443,"2,028","1,106","2,300"
JAWA TENGAH,TEGAL,3328,L,570,"2,856","1,358","1,700"
JAWA TENGAH,BREBES,3329,P,478,"2,480","1,219","2,420"
JAWA TENGAH,BREBES,3329,L,661,"3,105","1,387","1,856"
JAWA TENGAH,KOTA MAGELANG,3371,P,24,85,77,72
JAWA TENGAH,KOTA MAGELANG,3371,L,19,142,90,54
JAWA TENGAH,KOTA SURAKARTA,3372,P,87,354,224,257
JAWA TENGAH,KOTA SURAKARTA,3372,L,87,501,327,237
JAWA TENGAH,KOTA SALATIGA,3373,P,27,114,60,115
JAWA TENGAH,KOTA SALATIGA,3373,L,37,165,86,88
JAWA TENGAH,KOTA SEMARANG,3374,P,191,818,512,544
JAWA TENGAH,KOTA SEMARANG,3374,L,246,"1,227",689,505
JAWA TENGAH,KOTA PEKALONGAN,3375,P,51,213,144,162
JAWA TENGAH,KOTA PEKALONGAN,3375,L,77,363,157,119
JAWA TENGAH,KOTA TEGAL,3376,P,58,277,134,191
JAWA TENGAH,KOTA TEGAL,3376,L,100,404,192,157
DI YOGYAKARTA,KULON PROGO,3401,P,94,588,473,583
DI YOGYAKARTA,KULON PROGO,3401,L,124,749,532,546
DI YOGYAKARTA,BANTUL,3402,P,195,"1,179",862,"1,172"
DI YOGYAKARTA,BANTUL,3402,L,299,"1,438",956,950
DI YOGYAKARTA,GUNUNG KIDUL,3403,P,216,"1,046",704,"1,323"
DI YOGYAKARTA,GUNUNG KIDUL,3403,L,247,"1,313",775,"1,115"
DI YOGYAKARTA,SLEMAN,3404,P,200,"1,049",862,801
DI YOGYAKARTA,SLEMAN,3404,L,274,"1,436",828,705
DI YOGYAKARTA,KOTA YOGYAKARTA,3471,P,57,277,227,230
DI YOGYAKARTA,KOTA YOGYAKARTA,3471,L,86,377,275,217
JAWA TIMUR,PACITAN,3501,P,92,500,430,902
JAWA TIMUR,PACITAN,3501,L,120,643,476,785
JAWA TIMUR,PONOROGO,3502,P,152,"1,057",941,"1,445"
JAWA TIMUR,PONOROGO,3502,L,196,"1,531","1,185","1,269"
JAWA TIMUR,TRENGGALEK,3503,P,125,743,518,777
JAWA TIMUR,TRENGGALEK,3503,L,151,987,623,776
JAWA TIMUR,TULUNGAGUNG,3504,P,152,"1,117",861,"1,303"
JAWA TIMUR,TULUNGAGUNG,3504,L,229,"1,625","1,071","1,228"
JAWA TIMUR,BLITAR,3505,P,159,"1,105",977,"1,436"
JAWA TIMUR,BLITAR,3505,L,212,"1,424","1,106","1,167"
JAWA TIMUR,KEDIRI,3506,P,227,"1,516","1,144","1,698"
JAWA TIMUR,KEDIRI,3506,L,318,"2,133","1,254","1,448"
JAWA TIMUR,MALANG,3507,P,289,"1,747","1,326","2,293"
JAWA TIMUR,MALANG,3507,L,391,"2,338","1,674","1,977"
JAWA TIMUR,LUMAJANG,3508,P,162,878,656,"1,022"
JAWA TIMUR,LUMAJANG,3508,L,198,"1,128",711,789
JAWA TIMUR,JEMBER,3509,P,334,"1,687","1,104","1,977"
JAWA TIMUR,JEMBER,3509,L,458,"2,042","1,253","1,655"
JAWA TIMUR,BANYUWANGI,3510,P,225,"1,132",877,"1,726"
JAWA TIMUR,BANYUWANGI,3510,L,281,"1,472",954,"1,396"
JAWA TIMUR,BONDOWOSO,3511,P,181,803,482,762
JAWA TIMUR,BONDOWOSO,3511,L,279,918,496,604
JAWA TIMUR,SITUBONDO,3512,P,126,643,433,881
JAWA TIMUR,SITUBONDO,3512,L,189,730,494,632
JAWA TIMUR,PROBOLINGGO,3513,P,242,"1,093",701,"1,144"
JAWA TIMUR,PROBOLINGGO,3513,L,307,"1,446",853,901
JAWA TIMUR,PASURUAN,3514,P,199,"1,268",981,"1,463"
JAWA TIMUR,PASURUAN,3514,L,290,"1,701","1,106","1,130"
JAWA TIMUR,SIDOARJO,3515,P,185,"1,065",841,"1,189"
JAWA TIMUR,SIDOARJO,3515,L,245,"1,665","1,064","1,056"
JAWA TIMUR,MOJOKERTO,3516,P,128,801,511,818
JAWA TIMUR,MOJOKERTO,3516,L,197,"1,145",635,759
JAWA TIMUR,JOMBANG,3517,P,205,"1,178",801,"1,377"
JAWA TIMUR,JOMBANG,3517,L,288,"1,779","1,029","1,066"
JAWA TIMUR,NGANJUK,3518,P,197,"1,205",848,"1,451"
JAWA TIMUR,NGANJUK,3518,L,278,"1,739","1,051","1,163"
JAWA TIMUR,MADIUN,3519,P,71,738,572,"1,160"
JAWA TIMUR,MADIUN,3519,L,140,944,642,871
JAWA TIMUR,MAGETAN,3520,P,102,783,535,"1,032"
JAWA TIMUR,MAGETAN,3520,L,140,"1,032",620,744
JAWA TIMUR,NGAWI,3521,P,175,990,660,"1,164"
JAWA TIMUR,NGAWI,3521,L,225,"1,390",750,"1,056"
JAWA TIMUR,BOJONEGORO,3522,P,218,"1,287",850,"1,557"
JAWA TIMUR,BOJONEGORO,3522,L,341,"1,988","1,203","1,397"
JAWA TIMUR,TUBAN,3523,P,154,"1,010",759,"1,589"
JAWA TIMUR,TUBAN,3523,L,234,"1,464",977,"1,193"
JAWA TIMUR,LAMONGAN,3524,P,166,"1,034",808,"1,397"
JAWA TIMUR,LAMONGAN,3524,L,204,"1,600","1,032","1,024"
JAWA TIMUR,GRESIK,3525,P,169,871,639,991
JAWA TIMUR,GRESIK,3525,L,245,"1,398",780,767
JAWA TIMUR,BANGKALAN,3526,P,106,653,497,"1,155"
JAWA TIMUR,BANGKALAN,3526,L,140,835,563,830
JAWA TIMUR,SAMPANG,3527,P,157,735,431,"1,046"
JAWA TIMUR,SAMPANG,3527,L,182,919,538,759
JAWA TIMUR,PAMEKASAN,3528,P,155,791,429,657
JAWA TIMUR,PAMEKASAN,3528,L,198,"1,026",598,528
JAWA TIMUR,SUMENEP,3529,P,182,"1,128",785,"1,207"
JAWA TIMUR,SUMENEP,3529,L,279,"1,428",931,958
JAWA TIMUR,KOTA KEDIRI,3571,P,40,210,137,193
JAWA TIMUR,KOTA KEDIRI,3571,L,62,344,173,145
JAWA TIMUR,KOTA BLITAR,3572,P,17,89,68,100
JAWA TIMUR,KOTA BLITAR,3572,L,23,121,68,96
JAWA TIMUR,KOTA MALANG,3573,P,76,340,218,283
JAWA TIMUR,KOTA MALANG,3573,L,68,460,323,238
JAWA TIMUR,KOTA PROBOLINGGO,3574,P,43,148,102,162
JAWA TIMUR,KOTA PROBOLINGGO,3574,L,52,206,84,110
JAWA TIMUR,KOTA PASURUAN,3575,P,33,142,110,142
JAWA TIMUR,KOTA PASURUAN,3575,L,39,186,91,104
JAWA TIMUR,KOTA MOJOKERTO,3576,P,15,59,41,50
JAWA TIMUR,KOTA MOJOKERTO,3576,L,17,129,49,55
JAWA TIMUR,KOTA MADIUN,3577,P,10,81,65,85
JAWA TIMUR,KOTA MADIUN,3577,L,13,96,68,60
JAWA TIMUR,KOTA SURABAYA,3578,P,196,"1,022",680,812
JAWA TIMUR,KOTA SURABAYA,3578,L,327,"1,495",904,667
JAWA TIMUR,KOTA BATU,3579,P,17,116,74,107
JAWA TIMUR,KOTA BATU,3579,L,35,152,85,91
BANTEN,PANDEGLANG,3601,P,233,842,357,433
BANTEN,PANDEGLANG,3601,L,287,"1,143",564,488
BANTEN,LEBAK,3602,P,208,812,342,415
BANTEN,LEBAK,3602,L,239,"1,103",532,513
BANTEN,TANGERANG,3603,P,198,"1,192",708,"1,167"
BANTEN,TANGERANG,3603,L,294,"1,825",900,"1,030"
BANTEN,SERANG,3604,P,148,711,436,534
BANTEN,SERANG,3604,L,187,"1,090",561,478
BANTEN,KOTA TANGERANG,3671,P,115,609,268,307
BANTEN,KOTA TANGERANG,3671,L,151,861,376,256
BANTEN,KOTA CILEGON,3672,P,31,152,81,113
BANTEN,KOTA CILEGON,3672,L,47,245,109,89
BANTEN,KOTA SERANG,3673,P,61,225,89,78
BANTEN,KOTA SERANG,3673,L,73,324,168,90
BANTEN,KOTA TANGERANG SELATAN,3674,P,32,170,126,130
BANTEN,KOTA TANGERANG SELATAN,3674,L,39,307,153,125
BALI,JEMBRANA,5101,P,45,211,141,175
BALI,JEMBRANA,5101,L,57,315,169,169
BALI,TABANAN,5102,P,112,449,362,406
BALI,TABANAN,5102,L,124,676,507,436
BALI,BADUNG,5103,P,44,210,108,188
BALI,BADUNG,5103,L,51,301,186,216
BALI,GIANYAR,5104,P,89,311,175,254
BALI,GIANYAR,5104,L,119,498,239,291
BALI,KLUNGKUNG,5105,P,36,175,102,140
BALI,KLUNGKUNG,5105,L,56,249,126,158
BALI,BANGLI,5106,P,49,234,131,187
BALI,BANGLI,5106,L,90,364,197,257
BALI,KARANG ASEM,5107,P,145,574,277,586
BALI,KARANG ASEM,5107,L,206,738,390,615
BALI,BULELENG,5108,P,202,777,492,704
BALI,BULELENG,5108,L,300,"1,192",682,744
BALI,KOTA DENPASAR,5171,P,19,90,42,39
BALI,KOTA DENPASAR,5171,L,29,118,34,34
NUSA TENGGARA BARAT,LOMBOK BARAT,5201,P,197,719,394,619
NUSA TENGGARA BARAT,LOMBOK BARAT,5201,L,244,914,401,483
NUSA TENGGARA BARAT,LOMBOK TENGAH,5202,P,263,"1,043",650,872
NUSA TENGGARA BARAT,LOMBOK TENGAH,5202,L,312,"1,255",620,751
NUSA TENGGARA BARAT,LOMBOK TIMUR,5203,P,358,"1,330",834,"1,291"
NUSA TENGGARA BARAT,LOMBOK TIMUR,5203,L,437,"1,716",865,964
NUSA TENGGARA BARAT,SUMBAWA,5204,P,112,487,247,375
NUSA TENGGARA BARAT,SUMBAWA,5204,L,152,564,293,364
NUSA TENGGARA BARAT,DOMPU,5205,P,83,282,152,174
NUSA TENGGARA BARAT,DOMPU,5205,L,89,357,192,197
NUSA TENGGARA BARAT,BIMA,5206,P,142,585,290,502
NUSA TENGGARA BARAT,BIMA,5206,L,214,787,366,460
NUSA TENGGARA BARAT,SUMBAWA BARAT,5207,P,31,137,77,106
NUSA TENGGARA BARAT,SUMBAWA BARAT,5207,L,38,159,76,84
NUSA TENGGARA BARAT,LOMBOK UTARA,5208,P,61,254,160,203
NUSA TENGGARA BARAT,LOMBOK UTARA,5208,L,94,334,192,255
NUSA TENGGARA BARAT,KOTA MATARAM,5271,P,71,251,108,175
NUSA TENGGARA BARAT,KOTA MATARAM,5271,L,92,357,148,150
NUSA TENGGARA BARAT,KOTA BIMA,5272,P,41,128,59,129
NUSA TENGGARA BARAT,KOTA BIMA,5272,L,58,205,123,130
NUSA TENGGARA TIMUR,SUMBA BARAT,5301,P,79,183,76,115
NUSA TENGGARA TIMUR,SUMBA BARAT,5301,L,94,217,81,110
NUSA TENGGARA TIMUR,SUMBA TIMUR,5302,P,191,357,142,247
NUSA TENGGARA TIMUR,SUMBA TIMUR,5302,L,241,453,193,292
NUSA TENGGARA TIMUR,KUPANG,5303,P,232,581,272,439
NUSA TENGGARA TIMUR,KUPANG,5303,L,302,722,349,543
NUSA TENGGARA TIMUR,TIMOR TENGAH SELATAN,5304,P,293,817,536,882
NUSA TENGGARA TIMUR,TIMOR TENGAH SELATAN,5304,L,405,"1,093",672,"1,113"
NUSA TENGGARA TIMUR,TIMOR TENGAH UTARA,5305,P,124,370,225,426
NUSA TENGGARA TIMUR,TIMOR TENGAH UTARA,5305,L,207,457,259,472
NUSA TENGGARA TIMUR,BELU,5306,P,109,299,146,196
NUSA TENGGARA TIMUR,BELU,5306,L,174,369,187,271
NUSA TENGGARA TIMUR,ALOR,5307,P,152,398,217,298
NUSA TENGGARA TIMUR,ALOR,5307,L,218,465,220,286
NUSA TENGGARA TIMUR,LEMBATA,5308,P,93,256,188,295
NUSA TENGGARA TIMUR,LEMBATA,5308,L,125,269,160,227
NUSA TENGGARA TIMUR,FLORES TIMUR,5309,P,124,357,201,338
NUSA TENGGARA TIMUR,FLORES TIMUR,5309,L,180,498,228,294
NUSA TENGGARA TIMUR,SIKKA,5310,P,233,640,393,557
NUSA TENGGARA TIMUR,SIKKA,5310,L,296,767,382,505
NUSA TENGGARA TIMUR,ENDE,5311,P,160,484,266,329
NUSA TENGGARA TIMUR,ENDE,5311,L,251,595,275,354
NUSA TENGGARA TIMUR,NGADA,5312,P,109,289,135,280
NUSA TENGGARA TIMUR,NGADA,5312,L,146,328,156,250
NUSA TENGGARA TIMUR,MANGGARAI,5313,P,199,462,202,298
NUSA TENGGARA TIMUR,MANGGARAI,5313,L,249,561,224,282
NUSA TENGGARA TIMUR,ROTE NDAO,5314,P,92,204,103,300
NUSA TENGGARA TIMUR,ROTE NDAO,5314,L,84,262,137,292
NUSA TENGGARA TIMUR,MANGGARAI BARAT,5315,P,177,448,214,241
NUSA TENGGARA TIMUR,MANGGARAI BARAT,5315,L,253,563,292,265
NUSA TENGGARA TIMUR,SUMBA TENGAH,5316,P,72,142,57,104
NUSA TENGGARA TIMUR,SUMBA TENGAH,5316,L,76,172,84,113
NUSA TENGGARA TIMUR,SUMBA BARAT DAYA,5317,P,184,365,172,229
NUSA TENGGARA TIMUR,SUMBA BARAT DAYA,5317,L,201,496,213,267
NUSA TENGGARA TIMUR,NAGEKEO,5318,P,90,288,157,154
NUSA TENGGARA TIMUR,NAGEKEO,5318,L,166,320,160,175
NUSA TENGGARA TIMUR,MANGGARAI TIMUR,5319,P,183,476,226,239
NUSA TENGGARA TIMUR,MANGGARAI TIMUR,5319,L,244,526,280,259
NUSA TENGGARA TIMUR,SABU RAIJUA,5320,P,52,144,70,151
NUSA TENGGARA TIMUR,SABU RAIJUA,5320,L,73,178,83,146
NUSA TENGGARA TIMUR,MALAKA,5321,P,97,330,167,214
NUSA TENGGARA TIMUR,MALAKA,5321,L,145,386,218,303
NUSA TENGGARA TIMUR,KOTA KUPANG,5371,P,82,190,85,122
NUSA TENGGARA TIMUR,KOTA KUPANG,5371,L,104,311,116,121
KALIMANTAN BARAT,SAMBAS,6101,P,141,598,351,587
KALIMANTAN BARAT,SAMBAS,6101,L,194,869,438,493
KALIMANTAN BARAT,BENGKAYANG,6102,P,90,256,118,108
KALIMANTAN BARAT,BENGKAYANG,6102,L,101,367,165,147
KALIMANTAN BARAT,LANDAK,6103,P,186,681,348,382
KALIMANTAN BARAT,LANDAK,6103,L,249,966,439,448
KALIMANTAN BARAT,MEMPAWAH,6104,P,92,263,146,159
KALIMANTAN BARAT,MEMPAWAH,6104,L,102,389,205,168
KALIMANTAN BARAT,SANGGAU,6105,P,130,551,385,449
KALIMANTAN BARAT,SANGGAU,6105,L,162,865,482,442
KALIMANTAN BARAT,KETAPANG,6106,P,115,489,315,413
KALIMANTAN BARAT,KETAPANG,6106,L,155,696,422,466
KALIMANTAN BARAT,SINTANG,6107,P,169,649,392,411
KALIMANTAN BARAT,SINTANG,6107,L,237,926,459,477
KALIMANTAN BARAT,KAPUAS HULU,6108,P,119,415,281,271
KALIMANTAN BARAT,KAPUAS HULU,6108,L,133,635,332,255
KALIMANTAN BARAT,SEKADAU,6109,P,48,164,86,90
KALIMANTAN BARAT,SEKADAU,6109,L,55,211,117,70
KALIMANTAN BARAT,MELAWI,6110,P,70,372,264,282
KALIMANTAN BARAT,MELAWI,6110,L,110,481,321,325
KALIMANTAN BARAT,KAYONG UTARA,6111,P,33,114,62,71
KALIMANTAN BARAT,KAYONG UTARA,6111,L,52,169,75,88
KALIMANTAN BARAT,KUBU RAYA,6112,P,117,408,196,229
KALIMANTAN BARAT,KUBU RAYA,6112,L,122,537,288,294
KALIMANTAN BARAT,KOTA PONTIANAK,6171,P,52,267,126,86
KALIMANTAN BARAT,KOTA PONTIANAK,6171,L,99,436,158,119
KALIMANTAN BARAT,KOTA SINGKAWANG,6172,P,52,161,69,97
KALIMANTAN BARAT,KOTA SINGKAWANG,6172,L,64,264,143,100
KALIMANTAN TENGAH,KOTAWARINGIN BARAT,6201,P,25,146,94,124
KALIMANTAN TENGAH,KOTAWARINGIN BARAT,6201,L,41,214,110,151
KALIMANTAN TENGAH,KOTAWARINGIN TIMUR,6202,P,63,313,144,217
KALIMANTAN TENGAH,KOTAWARINGIN TIMUR,6202,L,103,488,228,232
KALIMANTAN TENGAH,KAPUAS,6203,P,81,313,175,173
KALIMANTAN TENGAH,KAPUAS,6203,L,89,463,232,163
KALIMANTAN TENGAH,BARITO SELATAN,6204,P,32,94,82,100
KALIMANTAN TENGAH,BARITO SELATAN,6204,L,38,192,88,84
KALIMANTAN TENGAH,BARITO UTARA,6205,P,17,116,97,156
KALIMANTAN TENGAH,BARITO UTARA,6205,L,26,156,111,114
KALIMANTAN TENGAH,SUKAMARA,6206,P,14,48,31,40
KALIMANTAN TENGAH,SUKAMARA,6206,L,6,48,29,34
KALIMANTAN TENGAH,LAMANDAU,6207,P,9,54,46,83
KALIMANTAN TENGAH,LAMANDAU,6207,L,13,88,47,101
KALIMANTAN TENGAH,SERUYAN,6208,P,34,97,85,80
KALIMANTAN TENGAH,SERUYAN,6208,L,35,135,91,89
KALIMANTAN TENGAH,KATINGAN,6209,P,30,134,76,128
KALIMANTAN TENGAH,KATINGAN,6209,L,42,209,109,112
KALIMANTAN TENGAH,PULANG PISAU,6210,P,56,192,100,135
KALIMANTAN TENGAH,PULANG PISAU,6210,L,76,283,121,171
KALIMANTAN TENGAH,GUNUNG MAS,6211,P,13,49,16,10
KALIMANTAN TENGAH,GUNUNG MAS,6211,L,30,98,24,14
KALIMANTAN TENGAH,BARITO TIMUR,6212,P,23,117,83,134
KALIMANTAN TENGAH,BARITO TIMUR,6212,L,28,170,80,97
KALIMANTAN TENGAH,MURUNG RAYA,6213,P,35,126,62,38
KALIMANTAN TENGAH,MURUNG RAYA,6213,L,57,153,77,38
KALIMANTAN TENGAH,KOTA PALANGKA RAYA,6271,P,21,98,35,32
KALIMANTAN TENGAH,KOTA PALANGKA RAYA,6271,L,52,125,61,26
KALIMANTAN SELATAN,TANAH LAUT,6301,P,48,219,101,138
KALIMANTAN SELATAN,TANAH LAUT,6301,L,63,311,131,173
KALIMANTAN SELATAN,KOTA BARU,6302,P,52,237,105,125
KALIMANTAN SELATAN,KOTA BARU,6302,L,76,282,135,136
KALIMANTAN SELATAN,BANJAR,6303,P,86,502,230,267
KALIMANTAN SELATAN,BANJAR,6303,L,152,705,286,248
KALIMANTAN SELATAN,BARITO KUALA,6304,P,57,301,118,127
KALIMANTAN SELATAN,BARITO KUALA,6304,L,83,372,142,133
KALIMANTAN SELATAN,TAPIN,6305,P,22,130,42,71
KALIMANTAN SELATAN,TAPIN,6305,L,30,165,64,49
KALIMANTAN SELATAN,HULU SUNGAI SELATAN,6306,P,85,353,197,270
KALIMANTAN SELATAN,HULU SUNGAI SELATAN,6306,L,97,561,216,177
KALIMANTAN SELATAN,HULU SUNGAI TENGAH,6307,P,68,400,262,338
KALIMANTAN SELATAN,HULU SUNGAI TENGAH,6307,L,78,525,320,236
KALIMANTAN SELATAN,HULU SUNGAI UTARA,6308,P,78,432,242,229
KALIMANTAN SELATAN,HULU SUNGAI UTARA,6308,L,97,542,238,154
KALIMANTAN SELATAN,TABALONG,6309,P,48,300,192,173
KALIMANTAN SELATAN,TABALONG,6309,L,74,415,204,132
KALIMANTAN SELATAN,TANAH BUMBU,6310,P,51,187,121,180
KALIMANTAN SELATAN,TANAH BUMBU,6310,L,57,287,154,166
KALIMANTAN SELATAN,BALANGAN,6311,P,28,139,77,67
KALIMANTAN SELATAN,BALANGAN,6311,L,42,186,86,44
KALIMANTAN SELATAN,KOTA BANJARMASIN,6371,P,116,460,223,204
KALIMANTAN SELATAN,KOTA BANJARMASIN,6371,L,143,720,272,161
KALIMANTAN SELATAN,KOTA BANJAR BARU,6372,P,29,109,62,71
KALIMANTAN SELATAN,KOTA BANJAR BARU,6372,L,34,206,85,52
KALIMANTAN TIMUR,PASER,6401,P,48,203,95,115
KALIMANTAN TIMUR,PASER,6401,L,89,305,133,137
KALIMANTAN TIMUR,KUTAI BARAT,6402,P,29,120,94,78
KALIMANTAN TIMUR,KUTAI BARAT,6402,L,44,145,117,133
KALIMANTAN TIMUR,KUTAI KARTANEGARA,6403,P,87,372,244,312
KALIMANTAN TIMUR,KUTAI KARTANEGARA,6403,L,122,591,333,360
KALIMANTAN TIMUR,KUTAI TIMUR,6404,P,58,160,79,79
KALIMANTAN TIMUR,KUTAI TIMUR,6404,L,76,263,131,123
KALIMANTAN TIMUR,BERAU,6405,P,17,71,38,50
KALIMANTAN TIMUR,BERAU,6405,L,29,135,79,66
KALIMANTAN TIMUR,PENAJAM PASER UTARA,6409,P,28,134,38,41
KALIMANTAN TIMUR,PENAJAM PASER UTARA,6409,L,46,145,57,65
KALIMANTAN TIMUR,MAHAKAM HULU,6411,P,23,60,37,39
KALIMANTAN TIMUR,MAHAKAM HULU,6411,L,21,85,58,42
KALIMANTAN TIMUR,KOTA BALIKPAPAN,6471,P,85,308,171,119
KALIMANTAN TIMUR,KOTA BALIKPAPAN,6471,L,119,437,184,148
KALIMANTAN TIMUR,KOTA SAMARINDA,6472,P,78,292,158,124
KALIMANTAN TIMUR,KOTA SAMARINDA,6472,L,97,426,203,129
KALIMANTAN TIMUR,KOTA BONTANG,6474,P,24,76,24,21
KALIMANTAN TIMUR,KOTA BONTANG,6474,L,42,101,36,17
KALIMANTAN UTARA,MALINAU,6501,P,28,55,33,38
KALIMANTAN UTARA,MALINAU,6501,L,12,94,51,35
KALIMANTAN UTARA,BULUNGAN,6502,P,18,73,41,37
KALIMANTAN UTARA,BULUNGAN,6502,L,21,92,40,34
KALIMANTAN UTARA,TANA TIDUNG,6503,P,3,8,3,3
KALIMANTAN UTARA,TANA TIDUNG,6503,L,6,13,4,4
KALIMANTAN UTARA,NUNUKAN,6504,P,47,113,48,45
KALIMANTAN UTARA,NUNUKAN,6504,L,60,198,66,66
KALIMANTAN UTARA,KOTA TARAKAN,6571,P,48,117,39,43
KALIMANTAN UTARA,KOTA TARAKAN,6571,L,62,170,54,31
SULAWESI UTARA,BOLAANG MONGONDOW,7101,P,97,273,136,183
SULAWESI UTARA,BOLAANG MONGONDOW,7101,L,113,414,192,193
SULAWESI UTARA,MINAHASA,7102,P,83,228,101,75
SULAWESI UTARA,MINAHASA,7102,L,85,349,158,89
SULAWESI UTARA,KEPULAUAN SANGIHE,7103,P,38,149,61,109
SULAWESI UTARA,KEPULAUAN SANGIHE,7103,L,47,192,92,84
SULAWESI UTARA,KEPULAUAN TALAUD,7104,P,43,116,36,56
SULAWESI UTARA,KEPULAUAN TALAUD,7104,L,51,166,62,51
SULAWESI UTARA,MINAHASA SELATAN,7105,P,67,234,127,144
SULAWESI UTARA,MINAHASA SELATAN,7105,L,114,385,208,157
SULAWESI UTARA,MINAHASA UTARA,7106,P,52,168,116,89
SULAWESI UTARA,MINAHASA UTARA,7106,L,73,237,145,95
SULAWESI UTARA,BOLAANG MONGONDOW UTARA,7107,P,22,69,50,71
SULAWESI UTARA,BOLAANG MONGONDOW UTARA,7107,L,42,103,52,71
SULAWESI UTARA,SIAU TAGULANDANG BIARO,7108,P,10,36,31,36
SULAWESI UTARA,SIAU TAGULANDANG BIARO,7108,L,18,61,32,20
SULAWESI UTARA,MINAHASA TENGGARA,7109,P,30,100,46,66
SULAWESI UTARA,MINAHASA TENGGARA,7109,L,37,112,55,58
SULAWESI UTARA,BOLAANG MONGONDOW SELATAN,7110,P,24,56,25,45
SULAWESI UTARA,BOLAANG MONGONDOW SELATAN,7110,L,32,90,30,38
SULAWESI UTARA,BOLAANG MONGONDOW TIMUR,7111,P,25,58,22,42
SULAWESI UTARA,BOLAANG MONGONDOW TIMUR,7111,L,26,85,33,39
SULAWESI UTARA,KOTA MANADO,7171,P,55,196,115,100
SULAWESI UTARA,KOTA MANADO,7171,L,84,247,168,84
SULAWESI UTARA,KOTA BITUNG,7172,P,73,190,103,100
SULAWESI UTARA,KOTA BITUNG,7172,L,101,265,123,113
SULAWESI UTARA,KOTA TOMOHON,7173,P,19,85,51,34
SULAWESI UTARA,KOTA TOMOHON,7173,L,37,121,64,69
SULAWESI UTARA,KOTAMOBAGU,7174,P,27,110,51,56
SULAWESI UTARA,KOTAMOBAGU,7174,L,28,158,87,47
SULAWESI TENGAH,BANGGAI KEPULAUAN,7201,P,46,146,85,191
SULAWESI TENGAH,BANGGAI KEPULAUAN,7201,L,63,199,111,167
SULAWESI TENGAH,BANGGAI,7202,P,89,330,165,343
SULAWESI TENGAH,BANGGAI,7202,L,152,476,241,317
SULAWESI TENGAH,MOROWALI,7203,P,25,89,54,99
SULAWESI TENGAH,MOROWALI,7203,L,48,150,55,73
SULAWESI TENGAH,POSO,7204,P,78,271,174,185
SULAWESI TENGAH,POSO,7204,L,110,378,182,145
SULAWESI TENGAH,DONGGALA,7205,P,84,290,130,158
SULAWESI TENGAH,DONGGALA,7205,L,145,400,162,200
SULAWESI TENGAH,TOLI-TOLI,7206,P,57,159,76,137
SULAWESI TENGAH,TOLI-TOLI,7206,L,63,237,104,134
SULAWESI TENGAH,BUOL,7207,P,55,183,77,113
SULAWESI TENGAH,BUOL,7207,L,91,259,108,136
SULAWESI TENGAH,PARIGI MOUTONG,7208,P,151,415,190,206
SULAWESI TENGAH,PARIGI MOUTONG,7208,L,200,551,260,209
SULAWESI TENGAH,TOJO UNA-UNA,7209,P,60,107,57,74
SULAWESI TENGAH,TOJO UNA-UNA,7209,L,91,169,68,69
SULAWESI TENGAH,SIGI,7210,P,76,248,146,127
SULAWESI TENGAH,SIGI,7210,L,97,296,144,121
SULAWESI TENGAH,BANGGAI LAUT,7211,P,14,48,31,37
SULAWESI TENGAH,BANGGAI LAUT,7211,L,20,68,31,46
SULAWESI TENGAH,MOROWALI UTARA,7212,P,43,98,65,79
SULAWESI TENGAH,MOROWALI UTARA,7212,L,51,155,63,70
SULAWESI TENGAH,KOTA PALU,7271,P,54,120,47,39
SULAWESI TENGAH,KOTA PALU,7271,L,71,197,62,44
SULAWESI SELATAN,KEPULAUAN SELAYAR,7301,P,48,149,125,208
SULAWESI SELATAN,KEPULAUAN SELAYAR,7301,L,62,218,145,164
SULAWESI SELATAN,BULUKUMBA,7302,P,91,419,330,533
SULAWESI SELATAN,BULUKUMBA,7302,L,108,572,324,406
SULAWESI SELATAN,BANTAENG,7303,P,44,187,121,214
SULAWESI SELATAN,BANTAENG,7303,L,60,276,163,140
SULAWESI SELATAN,JENEPONTO,7304,P,106,428,279,426
SULAWESI SELATAN,JENEPONTO,7304,L,147,552,310,327
SULAWESI SELATAN,TAKALAR,7305,P,73,324,151,218
SULAWESI SELATAN,TAKALAR,7305,L,140,424,189,152
SULAWESI SELATAN,GOWA,7306,P,202,607,325,512
SULAWESI SELATAN,GOWA,7306,L,239,925,451,469
SULAWESI SELATAN,SINJAI,7307,P,62,250,165,228
SULAWESI SELATAN,SINJAI,7307,L,70,371,196,198
SULAWESI SELATAN,MAROS,7308,P,103,339,182,264
SULAWESI SELATAN,MAROS,7308,L,121,423,227,204
SULAWESI SELATAN,PANGKAJENE DAN KEPULAUAN,7309,P,97,306,195,227
SULAWESI SELATAN,PANGKAJENE DAN KEPULAUAN,7309,L,117,450,203,159
SULAWESI SELATAN,BARRU,7310,P,36,168,89,170
SULAWESI SELATAN,BARRU,7310,L,54,217,125,135
SULAWESI SELATAN,BONE,7311,P,199,957,736,"1,186"
SULAWESI SELATAN,BONE,7311,L,296,"1,325",796,888
SULAWESI SELATAN,SOPPENG,7312,P,59,238,195,306
SULAWESI SELATAN,SOPPENG,7312,L,70,333,219,244
SULAWESI SELATAN,WAJO,7313,P,85,343,231,276
SULAWESI SELATAN,WAJO,7313,L,119,502,302,222
SULAWESI SELATAN,SIDENRENG RAPPANG,7314,P,58,337,234,348
SULAWESI SELATAN,SIDENRENG RAPPANG,7314,L,107,416,199,274
SULAWESI SELATAN,PINRANG,7315,P,62,311,206,294
SULAWESI SELATAN,PINRANG,7315,L,99,426,246,211
SULAWESI SELATAN,ENREKANG,7316,P,66,300,293,337
SULAWESI SELATAN,ENREKANG,7316,L,111,367,286,292
SULAWESI SELATAN,LUWU,7317,P,116,369,222,315
SULAWESI SELATAN,LUWU,7317,L,142,577,285,296
SULAWESI SELATAN,TANA TORAJA,7318,P,100,402,289,452
SULAWESI SELATAN,TANA TORAJA,7318,L,152,510,345,371
SULAWESI SELATAN,LUWU UTARA,7322,P,129,427,193,324
SULAWESI SELATAN,LUWU UTARA,7322,L,168,555,244,272
SULAWESI SELATAN,LUWU TIMUR,7325,P,58,201,101,129
SULAWESI SELATAN,LUWU TIMUR,7325,L,79,282,137,127
SULAWESI SELATAN,TORAJA UTARA,7326,P,97,352,185,287
SULAWESI SELATAN,TORAJA UTARA,7326,L,127,448,202,331
SULAWESI SELATAN,KOTA MAKASSAR,7371,P,139,460,238,225
SULAWESI SELATAN,KOTA MAKASSAR,7371,L,186,699,363,208
SULAWESI SELATAN,KOTA PAREPARE,7372,P,34,72,45,41
SULAWESI SELATAN,KOTA PAREPARE,7372,L,37,121,50,44
SULAWESI SELATAN,KOTA PALOPO,7373,P,46,91,33,45
SULAWESI SELATAN,KOTA PALOPO,7373,L,37,141,53,27
SULAWESI TENGGARA,BUTON,7401,P,44,133,65,132
SULAWESI TENGGARA,BUTON,7401,L,49,184,81,131
SULAWESI TENGGARA,MUNA,7402,P,96,301,155,299
SULAWESI TENGGARA,MUNA,7402,L,135,386,173,197
SULAWESI TENGGARA,KONAWE,7403,P,102,206,84,143
SULAWESI TENGGARA,KONAWE,7403,L,115,285,116,141
SULAWESI TENGGARA,KOLAKA,7404,P,47,129,49,70
SULAWESI TENGGARA,KOLAKA,7404,L,63,160,84,92
SULAWESI TENGGARA,KONAWE SELATAN,7405,P,84,268,105,160
SULAWESI TENGGARA,KONAWE SELATAN,7405,L,106,305,133,171
SULAWESI TENGGARA,BOMBANA,7406,P,48,137,102,178
SULAWESI TENGGARA,BOMBANA,7406,L,55,208,104,146
SULAWESI TENGGARA,WAKATOBI,7407,P,23,102,40,47
SULAWESI TENGGARA,WAKATOBI,7407,L,28,118,56,70
SULAWESI TENGGARA,KOLAKA UTARA,7408,P,42,172,64,78
SULAWESI TENGGARA,KOLAKA UTARA,7408,L,70,184,92,81
SULAWESI TENGGARA,BUTON UTARA,7409,P,32,80,33,59
SULAWESI TENGGARA,BUTON UTARA,7409,L,33,109,39,35
SULAWESI TENGGARA,KONAWE UTARA,7410,P,26,58,22,20
SULAWESI TENGGARA,KONAWE UTARA,7410,L,34,80,27,27
SULAWESI TENGGARA,KOLAKA TIMUR,7411,P,44,79,41,76
SULAWESI TENGGARA,KOLAKA TIMUR,7411,L,54,154,64,79
SULAWESI TENGGARA,KONAWE KEPULAUAN,7412,P,18,38,13,18
SULAWESI TENGGARA,KONAWE KEPULAUAN,7412,L,15,53,17,21
SULAWESI TENGGARA,MUNA BARAT,7413,P,53,137,72,152
SULAWESI TENGGARA,MUNA BARAT,7413,L,52,161,82,125
SULAWESI TENGGARA,BUTON TENGAH,7414,P,47,193,101,263
SULAWESI TENGGARA,BUTON TENGAH,7414,L,74,233,87,152
SULAWESI TENGGARA,BUTON SELATAN,7415,P,46,135,75,169
SULAWESI TENGGARA,BUTON SELATAN,7415,L,50,153,70,141
SULAWESI TENGGARA,KOTA KENDARI,7471,P,86,137,46,31
SULAWESI TENGGARA,KOTA KENDARI,7471,L,96,221,87,47
SULAWESI TENGGARA,KOTA BAUBAU,7472,P,57,128,79,121
SULAWESI TENGGARA,KOTA BAUBAU,7472,L,61,181,71,77
GORONTALO,BOALEMO,7501,P,60,154,94,124
GORONTALO,BOALEMO,7501,L,88,223,97,123
GORONTALO,GORONTALO,7502,P,156,399,245,303
GORONTALO,GORONTALO,7502,L,182,489,263,271
GORONTALO,POHUWATO,7503,P,34,115,67,79
GORONTALO,POHUWATO,7503,L,39,163,78,77
GORONTALO,BONE BOLANGO,7504,P,52,153,74,155
GORONTALO,BONE BOLANGO,7504,L,100,232,118,116
GORONTALO,GORONTALO UTARA,7505,P,52,122,61,89
GORONTALO,GORONTALO UTARA,7505,L,48,155,57,96
GORONTALO,KOTA GORONTALO,7571,P,49,147,57,77
GORONTALO,KOTA GORONTALO,7571,L,64,167,88,52
SULAWESI BARAT,MAJENE,7601,P,80,193,101,174
SULAWESI BARAT,MAJENE,7601,L,100,269,95,123
SULAWESI BARAT,POLEWALI MANDAR,7602,P,146,438,269,328
SULAWESI BARAT,POLEWALI MANDAR,7602,L,169,561,273,274
SULAWESI BARAT,MAMASA,7603,P,122,339,162,237
SULAWESI BARAT,MAMASA,7603,L,160,444,196,291
SULAWESI BARAT,MAMUJU,7604,P,90,223,107,158
SULAWESI BARAT,MAMUJU,7604,L,120,296,130,146
SULAWESI BARAT,MAMUJU UTARA,7605,P,33,99,43,42
SULAWESI BARAT,MAMUJU UTARA,7605,L,52,133,47,35
SULAWESI BARAT,MAMUJU TENGAH,7606,P,24,78,38,31
SULAWESI BARAT,MAMUJU TENGAH,7606,L,28,111,44,55
MALUKU,MALUKU TENGGARA BARAT,8101,P,101,171,65,139
MALUKU,MALUKU TENGGARA BARAT,8101,L,111,219,109,156
MALUKU,MALUKU TENGGARA,8102,P,45,102,36,60
MALUKU,MALUKU TENGGARA,8102,L,68,133,50,54
MALUKU,MALUKU TENGAH,8103,P,123,425,160,233
MALUKU,MALUKU TENGAH,8103,L,205,523,265,288
MALUKU,BURU,8104,P,29,77,28,47
MALUKU,BURU,8104,L,40,117,50,66
MALUKU,KEPULAUAN ARU,8105,P,29,60,12,20
MALUKU,KEPULAUAN ARU,8105,L,44,66,17,25
MALUKU,SERAM BAGIAN BARAT,8106,P,82,204,95,91
MALUKU,SERAM BAGIAN BARAT,8106,L,142,330,108,134
MALUKU,SERAM BAGIAN TIMUR,8107,P,39,95,51,58
MALUKU,SERAM BAGIAN TIMUR,8107,L,56,130,67,61
MALUKU,MALUKU BARAT DAYA,8108,P,58,111,62,118
MALUKU,MALUKU BARAT DAYA,8108,L,59,129,72,128
MALUKU,BURU SELATAN,8109,P,12,34,15,14
MALUKU,BURU SELATAN,8109,L,27,54,22,19
MALUKU,KOTA AMBON,8171,P,56,184,109,104
MALUKU,KOTA AMBON,8171,L,105,306,118,105
MALUKU,KOTA TUAL,8172,P,22,51,19,30
MALUKU,KOTA TUAL,8172,L,27,65,28,26
MALUKU UTARA,HALMAHERA BARAT,8201,P,42,97,33,59
MALUKU UTARA,HALMAHERA BARAT,8201,L,39,120,64,69
MALUKU UTARA,HALMAHERA TENGAH,8202,P,16,46,21,27
MALUKU UTARA,HALMAHERA TENGAH,8202,L,26,67,25,29
MALUKU UTARA,KEPULAUAN SULA,8203,P,26,53,44,48
MALUKU UTARA,KEPULAUAN SULA,8203,L,41,101,53,54
MALUKU UTARA,HALMAHERA SELATAN,8204,P,36,85,41,58
MALUKU UTARA,HALMAHERA SELATAN,8204,L,66,122,60,69
MALUKU UTARA,HALMAHERA UTARA,8205,P,20,38,13,16
MALUKU UTARA,HALMAHERA UTARA,8205,L,15,67,12,18
MALUKU UTARA,HALMAHERA TIMUR,8206,P,24,64,24,36
MALUKU UTARA,HALMAHERA TIMUR,8206,L,22,75,56,59
MALUKU UTARA,PULAU MOROTAI,8207,P,17,36,11,17
MALUKU UTARA,PULAU MOROTAI,8207,L,16,50,24,21
MALUKU UTARA,PULAU TALIABU,8208,P,13,40,11,30
MALUKU UTARA,PULAU TALIABU,8208,L,14,45,17,19
MALUKU UTARA,KOTA TERNATE,8271,P,12,65,30,26
MALUKU UTARA,KOTA TERNATE,8271,L,19,78,51,29
MALUKU UTARA,KOTA TIDORE KEPULAUAN,8272,P,19,73,34,53
MALUKU UTARA,KOTA TIDORE KEPULAUAN,8272,L,28,82,51,40
PAPUA BARAT,FAKFAK,9101,P,18,42,28,10
PAPUA BARAT,FAKFAK,9101,L,18,62,26,17
PAPUA BARAT,KAIMANA,9102,P,13,29,14,6
PAPUA BARAT,KAIMANA,9102,L,33,44,19,10
PAPUA BARAT,TELUK WONDAMA,9103,P,8,16,2,4
PAPUA BARAT,TELUK WONDAMA,9103,L,8,19,6,4
PAPUA BARAT,TELUK BINTUNI,9104,P,19,45,14,7
PAPUA BARAT,TELUK BINTUNI,9104,L,17,44,35,7
PAPUA BARAT,MANOKWARI,9105,P,13,60,33,30
PAPUA BARAT,MANOKWARI,9105,L,27,76,40,41
PAPUA BARAT,SORONG SELATAN,9106,P,14,16,8,4
PAPUA BARAT,SORONG SELATAN,9106,L,14,16,7,4
PAPUA BARAT,SORONG,9107,P,11,40,16,16
PAPUA BARAT,SORONG,9107,L,20,40,19,16
PAPUA BARAT,RAJA AMPAT,9108,P,22,38,8,10
PAPUA BARAT,RAJA AMPAT,9108,L,23,41,21,14
PAPUA BARAT,TAMBRAUW,9109,P,6,8,3,1
PAPUA BARAT,TAMBRAUW,9109,L,4,9,5,6
PAPUA BARAT,MAYBRAT,9110,P,5,20,4,11
PAPUA BARAT,MAYBRAT,9110,L,4,25,9,5
PAPUA BARAT,MANOKWARI SELATAN,9111,P,3,21,9,4
PAPUA BARAT,MANOKWARI SELATAN,9111,L,9,32,18,7
PAPUA BARAT,PEGUNUNGAN ARFAK,9112,P,7,30,8,0
PAPUA BARAT,PEGUNUNGAN ARFAK,9112,L,9,34,13,1
PAPUA BARAT,KOTA SORONG,9171,P,26,67,24,18
PAPUA BARAT,KOTA SORONG,9171,L,27,96,35,32
PAPUA,MERAUKE,9401,P,18,47,27,16
PAPUA,MERAUKE,9401,L,22,73,30,38
PAPUA,JAYAWIJAYA,9402,P,9,20,15,2
PAPUA,JAYAWIJAYA,9402,L,9,18,3,4
PAPUA,JAYAPURA,9403,P,16,74,27,22
PAPUA,JAYAPURA,9403,L,31,104,49,42
PAPUA,NABIRE,9404,P,4,31,6,11
PAPUA,NABIRE,9404,L,13,27,16,6
PAPUA,KEPULAUAN YAPEN,9408,P,8,26,18,15
PAPUA,KEPULAUAN YAPEN,9408,L,5,50,30,17
PAPUA,BIAK NUMFOR,9409,P,20,58,23,18
PAPUA,BIAK NUMFOR,9409,L,17,77,44,19
PAPUA,PANIAI,9410,P,6,5,2,0
PAPUA,PANIAI,9410,L,5,3,6,6
PAPUA,PUNCAK JAYA,9411,P,1,11,0,3
PAPUA,PUNCAK JAYA,9411,L,5,11,10,3
PAPUA,MIMIKA,9412,P,9,24,8,8
PAPUA,MIMIKA,9412,L,14,29,18,19
PAPUA,BOVEN DIGOEL,9413,P,6,13,4,3
PAPUA,BOVEN DIGOEL,9413,L,6,15,4,2
PAPUA,MAPPI,9414,P,4,22,3,0
PAPUA,MAPPI,9414,L,3,25,3,1
PAPUA,ASMAT,9415,P,15,28,11,3
PAPUA,ASMAT,9415,L,27,34,9,6
PAPUA,YAHUKIMO,9416,P,10,21,6,0
PAPUA,YAHUKIMO,9416,L,22,61,18,7
PAPUA,PEGUNUNGAN BINTANG,9417,P,5,13,7,3
PAPUA,PEGUNUNGAN BINTANG,9417,L,5,21,9,1
PAPUA,TOLIKARA,9418,P,1,4,0,0
PAPUA,TOLIKARA,9418,L,5,7,0,0
PAPUA,SARMI,9419,P,4,6,5,1
PAPUA,SARMI,9419,L,12,9,9,3
PAPUA,KEEROM,9420,P,7,29,23,20
PAPUA,KEEROM,9420,L,7,42,31,34
PAPUA,WAROPEN,9426,P,1,14,6,4
PAPUA,WAROPEN,9426,L,2,15,8,4
PAPUA,SUPIORI,9427,P,5,11,6,4
PAPUA,SUPIORI,9427,L,6,12,5,5
PAPUA,MAMBERAMO RAYA,9428,P,0,4,6,2
PAPUA,MAMBERAMO RAYA,9428,L,2,3,6,0
PAPUA,NDUGA,9429,P,0,0,0,0
PAPUA,NDUGA,9429,L,0,0,0,0
PAPUA,LANNY JAYA,9430,P,0,5,5,2
PAPUA,LANNY JAYA,9430,L,1,2,12,14
PAPUA,MAMBERAMO TENGAH,9431,P,0,0,0,0
PAPUA,MAMBERAMO TENGAH,9431,L,0,0,0,0
PAPUA,YALIMO,9432,P,0,0,0,0
PAPUA,YALIMO,9432,L,0,0,0,0
PAPUA,PUNCAK,9433,P,0,1,0,0
PAPUA,PUNCAK,9433,L,1,2,0,0
PAPUA,DOGIYAI,9434,P,1,5,0,0
PAPUA,DOGIYAI,9434,L,2,10,18,0
PAPUA,INTAN JAYA,9435,P,0,0,3,0
PAPUA,INTAN JAYA,9435,L,1,2,15,0
PAPUA,DEIYAI,9436,P,15,37,6,0
PAPUA,DEIYAI,9436,L,20,33,3,0
PAPUA,KOTA JAYAPURA,9471,P,26,83,31,40
PAPUA,KOTA JAYAPURA,9471,L,25,129,61,50
