Provinsi,NamaKab/Kota,KodeKab/Kota,Jumlah rumah tangga dengan kepala rumah tangga perempuan,Usia
ACEH,SIMEULUE,1101,302,Usia di bawah 45 tahun
ACEH,SIMEULUE,1101,799,Usia 45 - 59 tahun
ACEH,SIMEULUE,1101,657,Usia 60 tahun keatas
ACEH,ACEH SINGKIL,1102,532,Usia di bawah 45 tahun
ACEH,ACEH SINGKIL,1102,868,Usia 45 - 59 tahun
ACEH,ACEH SINGKIL,1102,784,Usia 60 tahun keatas
ACEH,ACEH SELATAN,1103,"1,347",Usia di bawah 45 tahun
ACEH,ACEH SELATAN,1103,"2,484",Usia 45 - 59 tahun
ACEH,ACEH SELATAN,1103,"3,275",Usia 60 tahun keatas
ACEH,ACEH TENGGARA,1104,495,Usia di bawah 45 tahun
ACEH,ACEH TENGGARA,1104,717,Usia 45 - 59 tahun
ACEH,ACEH TENGGARA,1104,209,Usia 60 tahun keatas
ACEH,ACEH TIMUR,1105,"2,880",Usia di bawah 45 tahun
ACEH,ACEH TIMUR,1105,"4,501",Usia 45 - 59 tahun
ACEH,ACEH TIMUR,1105,"4,409",Usia 60 tahun keatas
ACEH,ACEH TENGAH,1106,862,Usia di bawah 45 tahun
ACEH,ACEH TENGAH,1106,"1,206",Usia 45 - 59 tahun
ACEH,ACEH TENGAH,1106,"1,345",Usia 60 tahun keatas
ACEH,ACEH BARAT,1107,792,Usia di bawah 45 tahun
ACEH,ACEH BARAT,1107,"1,517",Usia 45 - 59 tahun
ACEH,ACEH BARAT,1107,"1,717",Usia 60 tahun keatas
ACEH,ACEH BESAR,1108,"1,689",Usia di bawah 45 tahun
ACEH,ACEH BESAR,1108,"2,940",Usia 45 - 59 tahun
ACEH,ACEH BESAR,1108,"4,946",Usia 60 tahun keatas
ACEH,PIDIE,1109,"3,035",Usia di bawah 45 tahun
ACEH,PIDIE,1109,"3,481",Usia 45 - 59 tahun
ACEH,PIDIE,1109,"5,249",Usia 60 tahun keatas
ACEH,BIREUEN,1110,"3,115",Usia di bawah 45 tahun
ACEH,BIREUEN,1110,"5,529",Usia 45 - 59 tahun
ACEH,BIREUEN,1110,"6,860",Usia 60 tahun keatas
ACEH,ACEH UTARA,1111,"5,601",Usia di bawah 45 tahun
ACEH,ACEH UTARA,1111,"7,696",Usia 45 - 59 tahun
ACEH,ACEH UTARA,1111,"9,561",Usia 60 tahun keatas
ACEH,ACEH BARAT DAYA,1112,874,Usia di bawah 45 tahun
ACEH,ACEH BARAT DAYA,1112,"1,345",Usia 45 - 59 tahun
ACEH,ACEH BARAT DAYA,1112,"1,086",Usia 60 tahun keatas
ACEH,GAYO LUES,1113,278,Usia di bawah 45 tahun
ACEH,GAYO LUES,1113,350,Usia 45 - 59 tahun
ACEH,GAYO LUES,1113,136,Usia 60 tahun keatas
ACEH,ACEH TAMIANG,1114,"1,193",Usia di bawah 45 tahun
ACEH,ACEH TAMIANG,1114,"2,454",Usia 45 - 59 tahun
ACEH,ACEH TAMIANG,1114,"2,965",Usia 60 tahun keatas
ACEH,NAGAN RAYA,1115,"1,045",Usia di bawah 45 tahun
ACEH,NAGAN RAYA,1115,"1,669",Usia 45 - 59 tahun
ACEH,NAGAN RAYA,1115,"2,278",Usia 60 tahun keatas
ACEH,ACEH JAYA,1116,424,Usia di bawah 45 tahun
ACEH,ACEH JAYA,1116,689,Usia 45 - 59 tahun
ACEH,ACEH JAYA,1116,707,Usia 60 tahun keatas
ACEH,BENER MERIAH,1117,503,Usia di bawah 45 tahun
ACEH,BENER MERIAH,1117,367,Usia 45 - 59 tahun
ACEH,BENER MERIAH,1117,268,Usia 60 tahun keatas
ACEH,PIDIE JAYA,1118,"1,011",Usia di bawah 45 tahun
ACEH,PIDIE JAYA,1118,"1,581",Usia 45 - 59 tahun
ACEH,PIDIE JAYA,1118,"2,631",Usia 60 tahun keatas
ACEH,KOTA BANDA ACEH,1171,431,Usia di bawah 45 tahun
ACEH,KOTA BANDA ACEH,1171,649,Usia 45 - 59 tahun
ACEH,KOTA BANDA ACEH,1171,416,Usia 60 tahun keatas
ACEH,KOTA SABANG,1172,125,Usia di bawah 45 tahun
ACEH,KOTA SABANG,1172,160,Usia 45 - 59 tahun
ACEH,KOTA SABANG,1172,222,Usia 60 tahun keatas
ACEH,KOTA LANGSA,1173,447,Usia di bawah 45 tahun
ACEH,KOTA LANGSA,1173,617,Usia 45 - 59 tahun
ACEH,KOTA LANGSA,1173,253,Usia 60 tahun keatas
ACEH,KOTA LHOKSEUMAWE,1174,712,Usia di bawah 45 tahun
ACEH,KOTA LHOKSEUMAWE,1174,"1,063",Usia 45 - 59 tahun
ACEH,KOTA LHOKSEUMAWE,1174,649,Usia 60 tahun keatas
ACEH,KOTA SUBULUSSALAM,1175,347,Usia di bawah 45 tahun
ACEH,KOTA SUBULUSSALAM,1175,413,Usia 45 - 59 tahun
ACEH,KOTA SUBULUSSALAM,1175,320,Usia 60 tahun keatas
SUMATERA UTARA,NIAS,1201,716,Usia di bawah 45 tahun
SUMATERA UTARA,NIAS,1201,"1,381",Usia 45 - 59 tahun
SUMATERA UTARA,NIAS,1201,"1,075",Usia 60 tahun keatas
SUMATERA UTARA,MANDAILING NATAL,1202,"1,660",Usia di bawah 45 tahun
SUMATERA UTARA,MANDAILING NATAL,1202,"2,331",Usia 45 - 59 tahun
SUMATERA UTARA,MANDAILING NATAL,1202,"2,788",Usia 60 tahun keatas
SUMATERA UTARA,TAPANULI SELATAN,1203,945,Usia di bawah 45 tahun
SUMATERA UTARA,TAPANULI SELATAN,1203,"2,067",Usia 45 - 59 tahun
SUMATERA UTARA,TAPANULI SELATAN,1203,"2,612",Usia 60 tahun keatas
SUMATERA UTARA,TAPANULI TENGAH,1204,"1,134",Usia di bawah 45 tahun
SUMATERA UTARA,TAPANULI TENGAH,1204,"2,588",Usia 45 - 59 tahun
SUMATERA UTARA,TAPANULI TENGAH,1204,"3,175",Usia 60 tahun keatas
SUMATERA UTARA,TAPANULI UTARA,1205,833,Usia di bawah 45 tahun
SUMATERA UTARA,TAPANULI UTARA,1205,"2,240",Usia 45 - 59 tahun
SUMATERA UTARA,TAPANULI UTARA,1205,"3,048",Usia 60 tahun keatas
SUMATERA UTARA,TOBA SAMOSIR,1206,314,Usia di bawah 45 tahun
SUMATERA UTARA,TOBA SAMOSIR,1206,386,Usia 45 - 59 tahun
SUMATERA UTARA,TOBA SAMOSIR,1206,304,Usia 60 tahun keatas
SUMATERA UTARA,LABUHAN BATU,1207,902,Usia di bawah 45 tahun
SUMATERA UTARA,LABUHAN BATU,1207,"1,697",Usia 45 - 59 tahun
SUMATERA UTARA,LABUHAN BATU,1207,"2,300",Usia 60 tahun keatas
SUMATERA UTARA,ASAHAN,1208,"1,363",Usia di bawah 45 tahun
SUMATERA UTARA,ASAHAN,1208,"2,268",Usia 45 - 59 tahun
SUMATERA UTARA,ASAHAN,1208,"2,642",Usia 60 tahun keatas
SUMATERA UTARA,SIMALUNGUN,1209,"1,712",Usia di bawah 45 tahun
SUMATERA UTARA,SIMALUNGUN,1209,"3,370",Usia 45 - 59 tahun
SUMATERA UTARA,SIMALUNGUN,1209,"4,847",Usia 60 tahun keatas
SUMATERA UTARA,DAIRI,1210,689,Usia di bawah 45 tahun
SUMATERA UTARA,DAIRI,1210,"1,059",Usia 45 - 59 tahun
SUMATERA UTARA,DAIRI,1210,983,Usia 60 tahun keatas
SUMATERA UTARA,KARO,1211,"1,043",Usia di bawah 45 tahun
SUMATERA UTARA,KARO,1211,"1,149",Usia 45 - 59 tahun
SUMATERA UTARA,KARO,1211,607,Usia 60 tahun keatas
SUMATERA UTARA,DELI SERDANG,1212,"4,221",Usia di bawah 45 tahun
SUMATERA UTARA,DELI SERDANG,1212,"10,373",Usia 45 - 59 tahun
SUMATERA UTARA,DELI SERDANG,1212,"14,797",Usia 60 tahun keatas
SUMATERA UTARA,LANGKAT,1213,"3,513",Usia di bawah 45 tahun
SUMATERA UTARA,LANGKAT,1213,"5,565",Usia 45 - 59 tahun
SUMATERA UTARA,LANGKAT,1213,"7,548",Usia 60 tahun keatas
SUMATERA UTARA,NIAS SELATAN,1214,"1,499",Usia di bawah 45 tahun
SUMATERA UTARA,NIAS SELATAN,1214,"2,063",Usia 45 - 59 tahun
SUMATERA UTARA,NIAS SELATAN,1214,"1,290",Usia 60 tahun keatas
SUMATERA UTARA,HUMBANG HASUNDUTAN,1215,535,Usia di bawah 45 tahun
SUMATERA UTARA,HUMBANG HASUNDUTAN,1215,862,Usia 45 - 59 tahun
SUMATERA UTARA,HUMBANG HASUNDUTAN,1215,"1,575",Usia 60 tahun keatas
SUMATERA UTARA,PAKPAK BHARAT,1216,76,Usia di bawah 45 tahun
SUMATERA UTARA,PAKPAK BHARAT,1216,84,Usia 45 - 59 tahun
SUMATERA UTARA,PAKPAK BHARAT,1216,40,Usia 60 tahun keatas
SUMATERA UTARA,SAMOSIR,1217,273,Usia di bawah 45 tahun
SUMATERA UTARA,SAMOSIR,1217,308,Usia 45 - 59 tahun
SUMATERA UTARA,SAMOSIR,1217,220,Usia 60 tahun keatas
SUMATERA UTARA,SERDANG BEDAGAI,1218,"1,340",Usia di bawah 45 tahun
SUMATERA UTARA,SERDANG BEDAGAI,1218,"2,496",Usia 45 - 59 tahun
SUMATERA UTARA,SERDANG BEDAGAI,1218,"2,919",Usia 60 tahun keatas
SUMATERA UTARA,BATU BARA,1219,"1,504",Usia di bawah 45 tahun
SUMATERA UTARA,BATU BARA,1219,"3,044",Usia 45 - 59 tahun
SUMATERA UTARA,BATU BARA,1219,"4,525",Usia 60 tahun keatas
SUMATERA UTARA,PADANG LAWAS UTARA,1220,500,Usia di bawah 45 tahun
SUMATERA UTARA,PADANG LAWAS UTARA,1220,517,Usia 45 - 59 tahun
SUMATERA UTARA,PADANG LAWAS UTARA,1220,172,Usia 60 tahun keatas
SUMATERA UTARA,PADANG LAWAS,1221,766,Usia di bawah 45 tahun
SUMATERA UTARA,PADANG LAWAS,1221,"1,154",Usia 45 - 59 tahun
SUMATERA UTARA,PADANG LAWAS,1221,582,Usia 60 tahun keatas
SUMATERA UTARA,LABUHAN BATU SELATAN,1222,444,Usia di bawah 45 tahun
SUMATERA UTARA,LABUHAN BATU SELATAN,1222,535,Usia 45 - 59 tahun
SUMATERA UTARA,LABUHAN BATU SELATAN,1222,354,Usia 60 tahun keatas
SUMATERA UTARA,LABUHAN BATU UTARA,1223,755,Usia di bawah 45 tahun
SUMATERA UTARA,LABUHAN BATU UTARA,1223,"1,182",Usia 45 - 59 tahun
SUMATERA UTARA,LABUHAN BATU UTARA,1223,"1,813",Usia 60 tahun keatas
SUMATERA UTARA,NIAS UTARA,1224,688,Usia di bawah 45 tahun
SUMATERA UTARA,NIAS UTARA,1224,"1,368",Usia 45 - 59 tahun
SUMATERA UTARA,NIAS UTARA,1224,"1,376",Usia 60 tahun keatas
SUMATERA UTARA,NIAS BARAT,1225,440,Usia di bawah 45 tahun
SUMATERA UTARA,NIAS BARAT,1225,"1,090",Usia 45 - 59 tahun
SUMATERA UTARA,NIAS BARAT,1225,866,Usia 60 tahun keatas
SUMATERA UTARA,KOTA SIBOLGA,1271,268,Usia di bawah 45 tahun
SUMATERA UTARA,KOTA SIBOLGA,1271,447,Usia 45 - 59 tahun
SUMATERA UTARA,KOTA SIBOLGA,1271,366,Usia 60 tahun keatas
SUMATERA UTARA,KOTA TANJUNG BALAI,1272,583,Usia di bawah 45 tahun
SUMATERA UTARA,KOTA TANJUNG BALAI,1272,"1,099",Usia 45 - 59 tahun
SUMATERA UTARA,KOTA TANJUNG BALAI,1272,"1,116",Usia 60 tahun keatas
SUMATERA UTARA,KOTA PEMATANG SIANTAR,1273,662,Usia di bawah 45 tahun
SUMATERA UTARA,KOTA PEMATANG SIANTAR,1273,"1,743",Usia 45 - 59 tahun
SUMATERA UTARA,KOTA PEMATANG SIANTAR,1273,"1,930",Usia 60 tahun keatas
SUMATERA UTARA,KOTA TEBING TINGGI,1274,465,Usia di bawah 45 tahun
SUMATERA UTARA,KOTA TEBING TINGGI,1274,921,Usia 45 - 59 tahun
SUMATERA UTARA,KOTA TEBING TINGGI,1274,864,Usia 60 tahun keatas
SUMATERA UTARA,KOTA MEDAN,1275,"4,693",Usia di bawah 45 tahun
SUMATERA UTARA,KOTA MEDAN,1275,"9,795",Usia 45 - 59 tahun
SUMATERA UTARA,KOTA MEDAN,1275,"9,756",Usia 60 tahun keatas
SUMATERA UTARA,KOTA BINJAI,1276,721,Usia di bawah 45 tahun
SUMATERA UTARA,KOTA BINJAI,1276,"1,574",Usia 45 - 59 tahun
SUMATERA UTARA,KOTA BINJAI,1276,"1,563",Usia 60 tahun keatas
SUMATERA UTARA,KOTA PADANGSIDIMPUAN,1277,519,Usia di bawah 45 tahun
SUMATERA UTARA,KOTA PADANGSIDIMPUAN,1277,"1,112",Usia 45 - 59 tahun
SUMATERA UTARA,KOTA PADANGSIDIMPUAN,1277,"1,044",Usia 60 tahun keatas
SUMATERA UTARA,KOTA GUNUNGSITOLI,1278,469,Usia di bawah 45 tahun
SUMATERA UTARA,KOTA GUNUNGSITOLI,1278,942,Usia 45 - 59 tahun
SUMATERA UTARA,KOTA GUNUNGSITOLI,1278,"1,038",Usia 60 tahun keatas
SUMATERA BARAT,KEPULAUAN MENTAWAI,1301,145,Usia di bawah 45 tahun
SUMATERA BARAT,KEPULAUAN MENTAWAI,1301,156,Usia 45 - 59 tahun
SUMATERA BARAT,KEPULAUAN MENTAWAI,1301,46,Usia 60 tahun keatas
SUMATERA BARAT,PESISIR SELATAN,1302,"1,311",Usia di bawah 45 tahun
SUMATERA BARAT,PESISIR SELATAN,1302,"2,226",Usia 45 - 59 tahun
SUMATERA BARAT,PESISIR SELATAN,1302,"1,721",Usia 60 tahun keatas
SUMATERA BARAT,SOLOK,1303,"1,288",Usia di bawah 45 tahun
SUMATERA BARAT,SOLOK,1303,"2,041",Usia 45 - 59 tahun
SUMATERA BARAT,SOLOK,1303,"1,636",Usia 60 tahun keatas
SUMATERA BARAT,SIJUNJUNG,1304,488,Usia di bawah 45 tahun
SUMATERA BARAT,SIJUNJUNG,1304,730,Usia 45 - 59 tahun
SUMATERA BARAT,SIJUNJUNG,1304,985,Usia 60 tahun keatas
SUMATERA BARAT,TANAH DATAR,1305,778,Usia di bawah 45 tahun
SUMATERA BARAT,TANAH DATAR,1305,"1,248",Usia 45 - 59 tahun
SUMATERA BARAT,TANAH DATAR,1305,"1,630",Usia 60 tahun keatas
SUMATERA BARAT,PADANG PARIAMAN,1306,"1,106",Usia di bawah 45 tahun
SUMATERA BARAT,PADANG PARIAMAN,1306,"2,087",Usia 45 - 59 tahun
SUMATERA BARAT,PADANG PARIAMAN,1306,"3,670",Usia 60 tahun keatas
SUMATERA BARAT,AGAM,1307,831,Usia di bawah 45 tahun
SUMATERA BARAT,AGAM,1307,"1,280",Usia 45 - 59 tahun
SUMATERA BARAT,AGAM,1307,"2,003",Usia 60 tahun keatas
SUMATERA BARAT,LIMA PULUH KOTA,1308,"1,227",Usia di bawah 45 tahun
SUMATERA BARAT,LIMA PULUH KOTA,1308,"2,027",Usia 45 - 59 tahun
SUMATERA BARAT,LIMA PULUH KOTA,1308,"3,987",Usia 60 tahun keatas
SUMATERA BARAT,PASAMAN,1309,958,Usia di bawah 45 tahun
SUMATERA BARAT,PASAMAN,1309,"1,717",Usia 45 - 59 tahun
SUMATERA BARAT,PASAMAN,1309,"1,536",Usia 60 tahun keatas
SUMATERA BARAT,SOLOK SELATAN,1310,350,Usia di bawah 45 tahun
SUMATERA BARAT,SOLOK SELATAN,1310,456,Usia 45 - 59 tahun
SUMATERA BARAT,SOLOK SELATAN,1310,293,Usia 60 tahun keatas
SUMATERA BARAT,DHARMASRAYA,1311,312,Usia di bawah 45 tahun
SUMATERA BARAT,DHARMASRAYA,1311,386,Usia 45 - 59 tahun
SUMATERA BARAT,DHARMASRAYA,1311,437,Usia 60 tahun keatas
SUMATERA BARAT,PASAMAN BARAT,1312,"1,677",Usia di bawah 45 tahun
SUMATERA BARAT,PASAMAN BARAT,1312,"3,266",Usia 45 - 59 tahun
SUMATERA BARAT,PASAMAN BARAT,1312,"3,986",Usia 60 tahun keatas
SUMATERA BARAT,KOTA PADANG,1371,"1,839",Usia di bawah 45 tahun
SUMATERA BARAT,KOTA PADANG,1371,"3,261",Usia 45 - 59 tahun
SUMATERA BARAT,KOTA PADANG,1371,"3,238",Usia 60 tahun keatas
SUMATERA BARAT,KOTA SOLOK,1372,123,Usia di bawah 45 tahun
SUMATERA BARAT,KOTA SOLOK,1372,173,Usia 45 - 59 tahun
SUMATERA BARAT,KOTA SOLOK,1372,137,Usia 60 tahun keatas
SUMATERA BARAT,KOTA SAWAH LUNTO,1373,93,Usia di bawah 45 tahun
SUMATERA BARAT,KOTA SAWAH LUNTO,1373,157,Usia 45 - 59 tahun
SUMATERA BARAT,KOTA SAWAH LUNTO,1373,203,Usia 60 tahun keatas
SUMATERA BARAT,KOTA PADANG PANJANG,1374,124,Usia di bawah 45 tahun
SUMATERA BARAT,KOTA PADANG PANJANG,1374,161,Usia 45 - 59 tahun
SUMATERA BARAT,KOTA PADANG PANJANG,1374,236,Usia 60 tahun keatas
SUMATERA BARAT,KOTA BUKITTINGGI,1375,202,Usia di bawah 45 tahun
SUMATERA BARAT,KOTA BUKITTINGGI,1375,297,Usia 45 - 59 tahun
SUMATERA BARAT,KOTA BUKITTINGGI,1375,307,Usia 60 tahun keatas
SUMATERA BARAT,KOTA PAYAKUMBUH,1376,301,Usia di bawah 45 tahun
SUMATERA BARAT,KOTA PAYAKUMBUH,1376,337,Usia 45 - 59 tahun
SUMATERA BARAT,KOTA PAYAKUMBUH,1376,472,Usia 60 tahun keatas
SUMATERA BARAT,KOTA PARIAMAN,1377,254,Usia di bawah 45 tahun
SUMATERA BARAT,KOTA PARIAMAN,1377,391,Usia 45 - 59 tahun
SUMATERA BARAT,KOTA PARIAMAN,1377,525,Usia 60 tahun keatas
RIAU,KUANTAN SINGINGI,1401,799,Usia di bawah 45 tahun
RIAU,KUANTAN SINGINGI,1401,"1,730",Usia 45 - 59 tahun
RIAU,KUANTAN SINGINGI,1401,"2,474",Usia 60 tahun keatas
RIAU,INDRAGIRI HULU,1402,"1,118",Usia di bawah 45 tahun
RIAU,INDRAGIRI HULU,1402,"2,033",Usia 45 - 59 tahun
RIAU,INDRAGIRI HULU,1402,"2,019",Usia 60 tahun keatas
RIAU,INDRAGIRI HILIR,1403,"1,042",Usia di bawah 45 tahun
RIAU,INDRAGIRI HILIR,1403,"2,330",Usia 45 - 59 tahun
RIAU,INDRAGIRI HILIR,1403,"1,692",Usia 60 tahun keatas
RIAU,PELALAWAN,1404,649,Usia di bawah 45 tahun
RIAU,PELALAWAN,1404,"1,055",Usia 45 - 59 tahun
RIAU,PELALAWAN,1404,977,Usia 60 tahun keatas
RIAU,S I A K,1405,727,Usia di bawah 45 tahun
RIAU,S I A K,1405,"1,424",Usia 45 - 59 tahun
RIAU,S I A K,1405,"1,425",Usia 60 tahun keatas
RIAU,KAMPAR,1406,"1,960",Usia di bawah 45 tahun
RIAU,KAMPAR,1406,"3,497",Usia 45 - 59 tahun
RIAU,KAMPAR,1406,"3,338",Usia 60 tahun keatas
RIAU,ROKAN HULU,1407,"1,259",Usia di bawah 45 tahun
RIAU,ROKAN HULU,1407,"2,250",Usia 45 - 59 tahun
RIAU,ROKAN HULU,1407,"2,506",Usia 60 tahun keatas
RIAU,BENGKALIS,1408,"1,070",Usia di bawah 45 tahun
RIAU,BENGKALIS,1408,"2,350",Usia 45 - 59 tahun
RIAU,BENGKALIS,1408,"2,808",Usia 60 tahun keatas
RIAU,ROKAN HILIR,1409,"1,372",Usia di bawah 45 tahun
RIAU,ROKAN HILIR,1409,"2,909",Usia 45 - 59 tahun
RIAU,ROKAN HILIR,1409,"3,000",Usia 60 tahun keatas
RIAU,KEPULAUAN MERANTI,1410,591,Usia di bawah 45 tahun
RIAU,KEPULAUAN MERANTI,1410,"1,341",Usia 45 - 59 tahun
RIAU,KEPULAUAN MERANTI,1410,"1,692",Usia 60 tahun keatas
RIAU,KOTA PEKANBARU,1471,"1,125",Usia di bawah 45 tahun
RIAU,KOTA PEKANBARU,1471,"1,689",Usia 45 - 59 tahun
RIAU,KOTA PEKANBARU,1471,"1,331",Usia 60 tahun keatas
RIAU,KOTA DUMAI,1473,602,Usia di bawah 45 tahun
RIAU,KOTA DUMAI,1473,"1,091",Usia 45 - 59 tahun
RIAU,KOTA DUMAI,1473,"1,172",Usia 60 tahun keatas
JAMBI,KERINCI,1501,"1,238",Usia di bawah 45 tahun
JAMBI,KERINCI,1501,"1,948",Usia 45 - 59 tahun
JAMBI,KERINCI,1501,"4,073",Usia 60 tahun keatas
JAMBI,MERANGIN,1502,"1,098",Usia di bawah 45 tahun
JAMBI,MERANGIN,1502,"2,038",Usia 45 - 59 tahun
JAMBI,MERANGIN,1502,"1,909",Usia 60 tahun keatas
JAMBI,SAROLANGUN,1503,981,Usia di bawah 45 tahun
JAMBI,SAROLANGUN,1503,"1,660",Usia 45 - 59 tahun
JAMBI,SAROLANGUN,1503,"1,903",Usia 60 tahun keatas
JAMBI,BATANG HARI,1504,733,Usia di bawah 45 tahun
JAMBI,BATANG HARI,1504,"1,482",Usia 45 - 59 tahun
JAMBI,BATANG HARI,1504,"1,459",Usia 60 tahun keatas
JAMBI,MUARO JAMBI,1505,548,Usia di bawah 45 tahun
JAMBI,MUARO JAMBI,1505,"1,000",Usia 45 - 59 tahun
JAMBI,MUARO JAMBI,1505,785,Usia 60 tahun keatas
JAMBI,TANJUNG JABUNG TIMUR,1506,488,Usia di bawah 45 tahun
JAMBI,TANJUNG JABUNG TIMUR,1506,"1,016",Usia 45 - 59 tahun
JAMBI,TANJUNG JABUNG TIMUR,1506,"1,212",Usia 60 tahun keatas
JAMBI,TANJUNG JABUNG BARAT,1507,575,Usia di bawah 45 tahun
JAMBI,TANJUNG JABUNG BARAT,1507,"1,333",Usia 45 - 59 tahun
JAMBI,TANJUNG JABUNG BARAT,1507,"1,562",Usia 60 tahun keatas
JAMBI,TEBO,1508,823,Usia di bawah 45 tahun
JAMBI,TEBO,1508,"1,576",Usia 45 - 59 tahun
JAMBI,TEBO,1508,"2,142",Usia 60 tahun keatas
JAMBI,BUNGO,1509,821,Usia di bawah 45 tahun
JAMBI,BUNGO,1509,"1,259",Usia 45 - 59 tahun
JAMBI,BUNGO,1509,"1,704",Usia 60 tahun keatas
JAMBI,KOTA JAMBI,1571,"1,048",Usia di bawah 45 tahun
JAMBI,KOTA JAMBI,1571,"2,124",Usia 45 - 59 tahun
JAMBI,KOTA JAMBI,1571,"1,970",Usia 60 tahun keatas
JAMBI,KOTA SUNGAI PENUH,1572,206,Usia di bawah 45 tahun
JAMBI,KOTA SUNGAI PENUH,1572,384,Usia 45 - 59 tahun
JAMBI,KOTA SUNGAI PENUH,1572,584,Usia 60 tahun keatas
SUMATERA SELATAN,OGAN KOMERING ULU,1601,784,Usia di bawah 45 tahun
SUMATERA SELATAN,OGAN KOMERING ULU,1601,"1,672",Usia 45 - 59 tahun
SUMATERA SELATAN,OGAN KOMERING ULU,1601,"1,785",Usia 60 tahun keatas
SUMATERA SELATAN,OGAN KOMERING ILIR,1602,"1,671",Usia di bawah 45 tahun
SUMATERA SELATAN,OGAN KOMERING ILIR,1602,"3,456",Usia 45 - 59 tahun
SUMATERA SELATAN,OGAN KOMERING ILIR,1602,"4,480",Usia 60 tahun keatas
SUMATERA SELATAN,MUARA ENIM,1603,"1,993",Usia di bawah 45 tahun
SUMATERA SELATAN,MUARA ENIM,1603,"3,412",Usia 45 - 59 tahun
SUMATERA SELATAN,MUARA ENIM,1603,"3,718",Usia 60 tahun keatas
SUMATERA SELATAN,LAHAT,1604,"1,223",Usia di bawah 45 tahun
SUMATERA SELATAN,LAHAT,1604,"2,035",Usia 45 - 59 tahun
SUMATERA SELATAN,LAHAT,1604,"2,462",Usia 60 tahun keatas
SUMATERA SELATAN,MUSI RAWAS,1605,"1,078",Usia di bawah 45 tahun
SUMATERA SELATAN,MUSI RAWAS,1605,"1,992",Usia 45 - 59 tahun
SUMATERA SELATAN,MUSI RAWAS,1605,"2,650",Usia 60 tahun keatas
SUMATERA SELATAN,MUSI BANYUASIN,1606,"1,726",Usia di bawah 45 tahun
SUMATERA SELATAN,MUSI BANYUASIN,1606,"2,975",Usia 45 - 59 tahun
SUMATERA SELATAN,MUSI BANYUASIN,1606,"3,297",Usia 60 tahun keatas
SUMATERA SELATAN,BANYU ASIN,1607,"1,766",Usia di bawah 45 tahun
SUMATERA SELATAN,BANYU ASIN,1607,"3,749",Usia 45 - 59 tahun
SUMATERA SELATAN,BANYU ASIN,1607,"4,889",Usia 60 tahun keatas
SUMATERA SELATAN,OGAN KOMERING ULU SELATAN,1608,841,Usia di bawah 45 tahun
SUMATERA SELATAN,OGAN KOMERING ULU SELATAN,1608,"1,657",Usia 45 - 59 tahun
SUMATERA SELATAN,OGAN KOMERING ULU SELATAN,1608,"1,498",Usia 60 tahun keatas
SUMATERA SELATAN,OGAN KOMERING ULU TIMUR,1609,794,Usia di bawah 45 tahun
SUMATERA SELATAN,OGAN KOMERING ULU TIMUR,1609,"1,217",Usia 45 - 59 tahun
SUMATERA SELATAN,OGAN KOMERING ULU TIMUR,1609,"1,171",Usia 60 tahun keatas
SUMATERA SELATAN,OGAN ILIR,1610,"1,233",Usia di bawah 45 tahun
SUMATERA SELATAN,OGAN ILIR,1610,"3,021",Usia 45 - 59 tahun
SUMATERA SELATAN,OGAN ILIR,1610,"4,139",Usia 60 tahun keatas
SUMATERA SELATAN,EMPAT LAWANG,1611,680,Usia di bawah 45 tahun
SUMATERA SELATAN,EMPAT LAWANG,1611,"1,731",Usia 45 - 59 tahun
SUMATERA SELATAN,EMPAT LAWANG,1611,"2,393",Usia 60 tahun keatas
SUMATERA SELATAN,PENUKAL ABAB LEMATANG ILIR,1612,813,Usia di bawah 45 tahun
SUMATERA SELATAN,PENUKAL ABAB LEMATANG ILIR,1612,"1,121",Usia 45 - 59 tahun
SUMATERA SELATAN,PENUKAL ABAB LEMATANG ILIR,1612,"1,055",Usia 60 tahun keatas
SUMATERA SELATAN,MUSI RAWAS UTARA,1613,797,Usia di bawah 45 tahun
SUMATERA SELATAN,MUSI RAWAS UTARA,1613,"1,538",Usia 45 - 59 tahun
SUMATERA SELATAN,MUSI RAWAS UTARA,1613,"1,465",Usia 60 tahun keatas
SUMATERA SELATAN,KOTA PALEMBANG,1671,"2,654",Usia di bawah 45 tahun
SUMATERA SELATAN,KOTA PALEMBANG,1671,"5,903",Usia 45 - 59 tahun
SUMATERA SELATAN,KOTA PALEMBANG,1671,"6,245",Usia 60 tahun keatas
SUMATERA SELATAN,KOTA PRABUMULIH,1672,412,Usia di bawah 45 tahun
SUMATERA SELATAN,KOTA PRABUMULIH,1672,707,Usia 45 - 59 tahun
SUMATERA SELATAN,KOTA PRABUMULIH,1672,817,Usia 60 tahun keatas
SUMATERA SELATAN,KOTA PAGAR ALAM,1673,249,Usia di bawah 45 tahun
SUMATERA SELATAN,KOTA PAGAR ALAM,1673,550,Usia 45 - 59 tahun
SUMATERA SELATAN,KOTA PAGAR ALAM,1673,797,Usia 60 tahun keatas
SUMATERA SELATAN,KOTA LUBUKLINGGAU,1674,520,Usia di bawah 45 tahun
SUMATERA SELATAN,KOTA LUBUKLINGGAU,1674,860,Usia 45 - 59 tahun
SUMATERA SELATAN,KOTA LUBUKLINGGAU,1674,666,Usia 60 tahun keatas
BENGKULU,BENGKULU SELATAN,1701,318,Usia di bawah 45 tahun
BENGKULU,BENGKULU SELATAN,1701,484,Usia 45 - 59 tahun
BENGKULU,BENGKULU SELATAN,1701,912,Usia 60 tahun keatas
BENGKULU,REJANG LEBONG,1702,"1,064",Usia di bawah 45 tahun
BENGKULU,REJANG LEBONG,1702,"1,763",Usia 45 - 59 tahun
BENGKULU,REJANG LEBONG,1702,"2,375",Usia 60 tahun keatas
BENGKULU,BENGKULU UTARA,1703,635,Usia di bawah 45 tahun
BENGKULU,BENGKULU UTARA,1703,843,Usia 45 - 59 tahun
BENGKULU,BENGKULU UTARA,1703,"1,204",Usia 60 tahun keatas
BENGKULU,KAUR,1704,280,Usia di bawah 45 tahun
BENGKULU,KAUR,1704,409,Usia 45 - 59 tahun
BENGKULU,KAUR,1704,428,Usia 60 tahun keatas
BENGKULU,SELUMA,1705,587,Usia di bawah 45 tahun
BENGKULU,SELUMA,1705,909,Usia 45 - 59 tahun
BENGKULU,SELUMA,1705,"1,362",Usia 60 tahun keatas
BENGKULU,MUKOMUKO,1706,441,Usia di bawah 45 tahun
BENGKULU,MUKOMUKO,1706,759,Usia 45 - 59 tahun
BENGKULU,MUKOMUKO,1706,949,Usia 60 tahun keatas
BENGKULU,LEBONG,1707,289,Usia di bawah 45 tahun
BENGKULU,LEBONG,1707,555,Usia 45 - 59 tahun
BENGKULU,LEBONG,1707,971,Usia 60 tahun keatas
BENGKULU,KEPAHIANG,1708,345,Usia di bawah 45 tahun
BENGKULU,KEPAHIANG,1708,598,Usia 45 - 59 tahun
BENGKULU,KEPAHIANG,1708,879,Usia 60 tahun keatas
BENGKULU,BENGKULU TENGAH,1709,533,Usia di bawah 45 tahun
BENGKULU,BENGKULU TENGAH,1709,763,Usia 45 - 59 tahun
BENGKULU,BENGKULU TENGAH,1709,"1,005",Usia 60 tahun keatas
BENGKULU,KOTA BENGKULU,1771,725,Usia di bawah 45 tahun
BENGKULU,KOTA BENGKULU,1771,"1,276",Usia 45 - 59 tahun
BENGKULU,KOTA BENGKULU,1771,"1,009",Usia 60 tahun keatas
LAMPUNG,LAMPUNG BARAT,1801,469,Usia di bawah 45 tahun
LAMPUNG,LAMPUNG BARAT,1801,"1,153",Usia 45 - 59 tahun
LAMPUNG,LAMPUNG BARAT,1801,"1,160",Usia 60 tahun keatas
LAMPUNG,TANGGAMUS,1802,"1,111",Usia di bawah 45 tahun
LAMPUNG,TANGGAMUS,1802,"2,677",Usia 45 - 59 tahun
LAMPUNG,TANGGAMUS,1802,"3,409",Usia 60 tahun keatas
LAMPUNG,LAMPUNG SELATAN,1803,"2,643",Usia di bawah 45 tahun
LAMPUNG,LAMPUNG SELATAN,1803,"6,033",Usia 45 - 59 tahun
LAMPUNG,LAMPUNG SELATAN,1803,"9,024",Usia 60 tahun keatas
LAMPUNG,LAMPUNG TIMUR,1804,"1,957",Usia di bawah 45 tahun
LAMPUNG,LAMPUNG TIMUR,1804,"4,699",Usia 45 - 59 tahun
LAMPUNG,LAMPUNG TIMUR,1804,"8,976",Usia 60 tahun keatas
LAMPUNG,LAMPUNG TENGAH,1805,"2,210",Usia di bawah 45 tahun
LAMPUNG,LAMPUNG TENGAH,1805,"5,448",Usia 45 - 59 tahun
LAMPUNG,LAMPUNG TENGAH,1805,"10,022",Usia 60 tahun keatas
LAMPUNG,LAMPUNG UTARA,1806,"1,364",Usia di bawah 45 tahun
LAMPUNG,LAMPUNG UTARA,1806,"3,558",Usia 45 - 59 tahun
LAMPUNG,LAMPUNG UTARA,1806,"3,940",Usia 60 tahun keatas
LAMPUNG,WAY KANAN,1807,903,Usia di bawah 45 tahun
LAMPUNG,WAY KANAN,1807,"2,135",Usia 45 - 59 tahun
LAMPUNG,WAY KANAN,1807,"2,656",Usia 60 tahun keatas
LAMPUNG,TULANGBAWANG,1808,675,Usia di bawah 45 tahun
LAMPUNG,TULANGBAWANG,1808,"1,516",Usia 45 - 59 tahun
LAMPUNG,TULANGBAWANG,1808,"2,081",Usia 60 tahun keatas
LAMPUNG,PESAWARAN,1809,"1,070",Usia di bawah 45 tahun
LAMPUNG,PESAWARAN,1809,"2,458",Usia 45 - 59 tahun
LAMPUNG,PESAWARAN,1809,"3,943",Usia 60 tahun keatas
LAMPUNG,PRINGSEWU,1810,524,Usia di bawah 45 tahun
LAMPUNG,PRINGSEWU,1810,"1,465",Usia 45 - 59 tahun
LAMPUNG,PRINGSEWU,1810,"2,814",Usia 60 tahun keatas
LAMPUNG,MESUJI,1811,323,Usia di bawah 45 tahun
LAMPUNG,MESUJI,1811,928,Usia 45 - 59 tahun
LAMPUNG,MESUJI,1811,"1,507",Usia 60 tahun keatas
LAMPUNG,TULANG BAWANG BARAT,1812,425,Usia di bawah 45 tahun
LAMPUNG,TULANG BAWANG BARAT,1812,916,Usia 45 - 59 tahun
LAMPUNG,TULANG BAWANG BARAT,1812,"1,884",Usia 60 tahun keatas
LAMPUNG,PESISIR BARAT,1813,346,Usia di bawah 45 tahun
LAMPUNG,PESISIR BARAT,1813,718,Usia 45 - 59 tahun
LAMPUNG,PESISIR BARAT,1813,465,Usia 60 tahun keatas
LAMPUNG,KOTA BANDAR LAMPUNG,1871,"2,243",Usia di bawah 45 tahun
LAMPUNG,KOTA BANDAR LAMPUNG,1871,"5,088",Usia 45 - 59 tahun
LAMPUNG,KOTA BANDAR LAMPUNG,1871,"4,721",Usia 60 tahun keatas
LAMPUNG,KOTA METRO,1872,212,Usia di bawah 45 tahun
LAMPUNG,KOTA METRO,1872,467,Usia 45 - 59 tahun
LAMPUNG,KOTA METRO,1872,588,Usia 60 tahun keatas
KEPULAUAN BANGKA BELITUNG,BANGKA,1901,600,Usia di bawah 45 tahun
KEPULAUAN BANGKA BELITUNG,BANGKA,1901,"1,590",Usia 45 - 59 tahun
KEPULAUAN BANGKA BELITUNG,BANGKA,1901,"2,664",Usia 60 tahun keatas
KEPULAUAN BANGKA BELITUNG,BELITUNG,1902,301,Usia di bawah 45 tahun
KEPULAUAN BANGKA BELITUNG,BELITUNG,1902,903,Usia 45 - 59 tahun
KEPULAUAN BANGKA BELITUNG,BELITUNG,1902,"1,827",Usia 60 tahun keatas
KEPULAUAN BANGKA BELITUNG,BANGKA BARAT,1903,223,Usia di bawah 45 tahun
KEPULAUAN BANGKA BELITUNG,BANGKA BARAT,1903,462,Usia 45 - 59 tahun
KEPULAUAN BANGKA BELITUNG,BANGKA BARAT,1903,573,Usia 60 tahun keatas
KEPULAUAN BANGKA BELITUNG,BANGKA TENGAH,1904,514,Usia di bawah 45 tahun
KEPULAUAN BANGKA BELITUNG,BANGKA TENGAH,1904,"1,110",Usia 45 - 59 tahun
KEPULAUAN BANGKA BELITUNG,BANGKA TENGAH,1904,"1,401",Usia 60 tahun keatas
KEPULAUAN BANGKA BELITUNG,BANGKA SELATAN,1905,325,Usia di bawah 45 tahun
KEPULAUAN BANGKA BELITUNG,BANGKA SELATAN,1905,893,Usia 45 - 59 tahun
KEPULAUAN BANGKA BELITUNG,BANGKA SELATAN,1905,"1,372",Usia 60 tahun keatas
KEPULAUAN BANGKA BELITUNG,BELITUNG TIMUR,1906,281,Usia di bawah 45 tahun
KEPULAUAN BANGKA BELITUNG,BELITUNG TIMUR,1906,527,Usia 45 - 59 tahun
KEPULAUAN BANGKA BELITUNG,BELITUNG TIMUR,1906,963,Usia 60 tahun keatas
KEPULAUAN BANGKA BELITUNG,KOTA PANGKAL PINANG,1971,493,Usia di bawah 45 tahun
KEPULAUAN BANGKA BELITUNG,KOTA PANGKAL PINANG,1971,981,Usia 45 - 59 tahun
KEPULAUAN BANGKA BELITUNG,KOTA PANGKAL PINANG,1971,"1,399",Usia 60 tahun keatas
KEPULAUAN RIAU,KARIMUN,2101,417,Usia di bawah 45 tahun
KEPULAUAN RIAU,KARIMUN,2101,"1,134",Usia 45 - 59 tahun
KEPULAUAN RIAU,KARIMUN,2101,"1,450",Usia 60 tahun keatas
KEPULAUAN RIAU,BINTAN,2102,216,Usia di bawah 45 tahun
KEPULAUAN RIAU,BINTAN,2102,286,Usia 45 - 59 tahun
KEPULAUAN RIAU,BINTAN,2102,246,Usia 60 tahun keatas
KEPULAUAN RIAU,NATUNA,2103,75,Usia di bawah 45 tahun
KEPULAUAN RIAU,NATUNA,2103,177,Usia 45 - 59 tahun
KEPULAUAN RIAU,NATUNA,2103,185,Usia 60 tahun keatas
KEPULAUAN RIAU,LINGGA,2104,149,Usia di bawah 45 tahun
KEPULAUAN RIAU,LINGGA,2104,511,Usia 45 - 59 tahun
KEPULAUAN RIAU,LINGGA,2104,882,Usia 60 tahun keatas
KEPULAUAN RIAU,KEPULAUAN ANAMBAS,2105,36,Usia di bawah 45 tahun
KEPULAUAN RIAU,KEPULAUAN ANAMBAS,2105,36,Usia 45 - 59 tahun
KEPULAUAN RIAU,KEPULAUAN ANAMBAS,2105,52,Usia 60 tahun keatas
KEPULAUAN RIAU,KOTA BATAM,2171,"1,479",Usia di bawah 45 tahun
KEPULAUAN RIAU,KOTA BATAM,2171,"1,838",Usia 45 - 59 tahun
KEPULAUAN RIAU,KOTA BATAM,2171,"1,361",Usia 60 tahun keatas
KEPULAUAN RIAU,KOTA TANJUNG PINANG,2172,474,Usia di bawah 45 tahun
KEPULAUAN RIAU,KOTA TANJUNG PINANG,2172,869,Usia 45 - 59 tahun
KEPULAUAN RIAU,KOTA TANJUNG PINANG,2172,827,Usia 60 tahun keatas
DKI JAKARTA,KEPULAUAN SERIBU,3101,68,Usia di bawah 45 tahun
DKI JAKARTA,KEPULAUAN SERIBU,3101,131,Usia 45 - 59 tahun
DKI JAKARTA,KEPULAUAN SERIBU,3101,90,Usia 60 tahun keatas
DKI JAKARTA,KOTA JAKARTA SELATAN,3171,"1,845",Usia di bawah 45 tahun
DKI JAKARTA,KOTA JAKARTA SELATAN,3171,"4,289",Usia 45 - 59 tahun
DKI JAKARTA,KOTA JAKARTA SELATAN,3171,"4,069",Usia 60 tahun keatas
DKI JAKARTA,KOTA JAKARTA TIMUR,3172,"3,297",Usia di bawah 45 tahun
DKI JAKARTA,KOTA JAKARTA TIMUR,3172,"8,068",Usia 45 - 59 tahun
DKI JAKARTA,KOTA JAKARTA TIMUR,3172,"7,428",Usia 60 tahun keatas
DKI JAKARTA,KOTA JAKARTA PUSAT,3173,"1,666",Usia di bawah 45 tahun
DKI JAKARTA,KOTA JAKARTA PUSAT,3173,"4,732",Usia 45 - 59 tahun
DKI JAKARTA,KOTA JAKARTA PUSAT,3173,"4,688",Usia 60 tahun keatas
DKI JAKARTA,KOTA JAKARTA BARAT,3174,"2,327",Usia di bawah 45 tahun
DKI JAKARTA,KOTA JAKARTA BARAT,3174,"6,175",Usia 45 - 59 tahun
DKI JAKARTA,KOTA JAKARTA BARAT,3174,"5,368",Usia 60 tahun keatas
DKI JAKARTA,KOTA JAKARTA UTARA,3175,"3,283",Usia di bawah 45 tahun
DKI JAKARTA,KOTA JAKARTA UTARA,3175,"7,609",Usia 45 - 59 tahun
DKI JAKARTA,KOTA JAKARTA UTARA,3175,"5,543",Usia 60 tahun keatas
JAWA BARAT,BOGOR,3201,"11,132",Usia di bawah 45 tahun
JAWA BARAT,BOGOR,3201,"26,672",Usia 45 - 59 tahun
JAWA BARAT,BOGOR,3201,"34,597",Usia 60 tahun keatas
JAWA BARAT,SUKABUMI,3202,"6,712",Usia di bawah 45 tahun
JAWA BARAT,SUKABUMI,3202,"11,319",Usia 45 - 59 tahun
JAWA BARAT,SUKABUMI,3202,"13,326",Usia 60 tahun keatas
JAWA BARAT,CIANJUR,3203,"9,057",Usia di bawah 45 tahun
JAWA BARAT,CIANJUR,3203,"19,681",Usia 45 - 59 tahun
JAWA BARAT,CIANJUR,3203,"34,765",Usia 60 tahun keatas
JAWA BARAT,BANDUNG,3204,"9,826",Usia di bawah 45 tahun
JAWA BARAT,BANDUNG,3204,"17,175",Usia 45 - 59 tahun
JAWA BARAT,BANDUNG,3204,"28,937",Usia 60 tahun keatas
JAWA BARAT,GARUT,3205,"8,875",Usia di bawah 45 tahun
JAWA BARAT,GARUT,3205,"17,771",Usia 45 - 59 tahun
JAWA BARAT,GARUT,3205,"30,710",Usia 60 tahun keatas
JAWA BARAT,TASIKMALAYA,3206,"5,543",Usia di bawah 45 tahun
JAWA BARAT,TASIKMALAYA,3206,"13,062",Usia 45 - 59 tahun
JAWA BARAT,TASIKMALAYA,3206,"27,497",Usia 60 tahun keatas
JAWA BARAT,CIAMIS,3207,"3,581",Usia di bawah 45 tahun
JAWA BARAT,CIAMIS,3207,"10,266",Usia 45 - 59 tahun
JAWA BARAT,CIAMIS,3207,"25,762",Usia 60 tahun keatas
JAWA BARAT,KUNINGAN,3208,"2,819",Usia di bawah 45 tahun
JAWA BARAT,KUNINGAN,3208,"6,199",Usia 45 - 59 tahun
JAWA BARAT,KUNINGAN,3208,"11,622",Usia 60 tahun keatas
JAWA BARAT,CIREBON,3209,"8,859",Usia di bawah 45 tahun
JAWA BARAT,CIREBON,3209,"15,562",Usia 45 - 59 tahun
JAWA BARAT,CIREBON,3209,"24,437",Usia 60 tahun keatas
JAWA BARAT,MAJALENGKA,3210,"3,509",Usia di bawah 45 tahun
JAWA BARAT,MAJALENGKA,3210,"9,435",Usia 45 - 59 tahun
JAWA BARAT,MAJALENGKA,3210,"22,107",Usia 60 tahun keatas
JAWA BARAT,SUMEDANG,3211,"2,266",Usia di bawah 45 tahun
JAWA BARAT,SUMEDANG,3211,"4,619",Usia 45 - 59 tahun
JAWA BARAT,SUMEDANG,3211,"14,301",Usia 60 tahun keatas
JAWA BARAT,INDRAMAYU,3212,"7,654",Usia di bawah 45 tahun
JAWA BARAT,INDRAMAYU,3212,"17,766",Usia 45 - 59 tahun
JAWA BARAT,INDRAMAYU,3212,"28,178",Usia 60 tahun keatas
JAWA BARAT,SUBANG,3213,"3,611",Usia di bawah 45 tahun
JAWA BARAT,SUBANG,3213,"5,982",Usia 45 - 59 tahun
JAWA BARAT,SUBANG,3213,"7,854",Usia 60 tahun keatas
JAWA BARAT,PURWAKARTA,3214,"1,756",Usia di bawah 45 tahun
JAWA BARAT,PURWAKARTA,3214,"3,522",Usia 45 - 59 tahun
JAWA BARAT,PURWAKARTA,3214,"6,301",Usia 60 tahun keatas
JAWA BARAT,KARAWANG,3215,"6,325",Usia di bawah 45 tahun
JAWA BARAT,KARAWANG,3215,"14,026",Usia 45 - 59 tahun
JAWA BARAT,KARAWANG,3215,"19,152",Usia 60 tahun keatas
JAWA BARAT,BEKASI,3216,"5,140",Usia di bawah 45 tahun
JAWA BARAT,BEKASI,3216,"11,356",Usia 45 - 59 tahun
JAWA BARAT,BEKASI,3216,"13,401",Usia 60 tahun keatas
JAWA BARAT,BANDUNG BARAT,3217,"4,771",Usia di bawah 45 tahun
JAWA BARAT,BANDUNG BARAT,3217,"9,077",Usia 45 - 59 tahun
JAWA BARAT,BANDUNG BARAT,3217,"17,207",Usia 60 tahun keatas
JAWA BARAT,PANGANDARAN,3218,"1,080",Usia di bawah 45 tahun
JAWA BARAT,PANGANDARAN,3218,"3,012",Usia 45 - 59 tahun
JAWA BARAT,PANGANDARAN,3218,"7,121",Usia 60 tahun keatas
JAWA BARAT,KOTA BOGOR,3271,"2,913",Usia di bawah 45 tahun
JAWA BARAT,KOTA BOGOR,3271,"6,169",Usia 45 - 59 tahun
JAWA BARAT,KOTA BOGOR,3271,"6,464",Usia 60 tahun keatas
JAWA BARAT,KOTA SUKABUMI,3272,768,Usia di bawah 45 tahun
JAWA BARAT,KOTA SUKABUMI,3272,"1,795",Usia 45 - 59 tahun
JAWA BARAT,KOTA SUKABUMI,3272,"2,454",Usia 60 tahun keatas
JAWA BARAT,KOTA BANDUNG,3273,"4,519",Usia di bawah 45 tahun
JAWA BARAT,KOTA BANDUNG,3273,"9,432",Usia 45 - 59 tahun
JAWA BARAT,KOTA BANDUNG,3273,"12,142",Usia 60 tahun keatas
JAWA BARAT,KOTA CIREBON,3274,"1,005",Usia di bawah 45 tahun
JAWA BARAT,KOTA CIREBON,3274,"2,398",Usia 45 - 59 tahun
JAWA BARAT,KOTA CIREBON,3274,"2,808",Usia 60 tahun keatas
JAWA BARAT,KOTA BEKASI,3275,"3,425",Usia di bawah 45 tahun
JAWA BARAT,KOTA BEKASI,3275,"8,380",Usia 45 - 59 tahun
JAWA BARAT,KOTA BEKASI,3275,"7,504",Usia 60 tahun keatas
JAWA BARAT,KOTA DEPOK,3276,"2,709",Usia di bawah 45 tahun
JAWA BARAT,KOTA DEPOK,3276,"7,044",Usia 45 - 59 tahun
JAWA BARAT,KOTA DEPOK,3276,"6,808",Usia 60 tahun keatas
JAWA BARAT,KOTA CIMAHI,3277,"1,009",Usia di bawah 45 tahun
JAWA BARAT,KOTA CIMAHI,3277,"1,863",Usia 45 - 59 tahun
JAWA BARAT,KOTA CIMAHI,3277,"2,218",Usia 60 tahun keatas
JAWA BARAT,KOTA TASIKMALAYA,3278,"1,867",Usia di bawah 45 tahun
JAWA BARAT,KOTA TASIKMALAYA,3278,"4,165",Usia 45 - 59 tahun
JAWA BARAT,KOTA TASIKMALAYA,3278,"6,831",Usia 60 tahun keatas
JAWA BARAT,KOTA BANJAR,3279,315,Usia di bawah 45 tahun
JAWA BARAT,KOTA BANJAR,3279,962,Usia 45 - 59 tahun
JAWA BARAT,KOTA BANJAR,3279,"1,923",Usia 60 tahun keatas
JAWA TENGAH,CILACAP,3301,"5,677",Usia di bawah 45 tahun
JAWA TENGAH,CILACAP,3301,"12,399",Usia 45 - 59 tahun
JAWA TENGAH,CILACAP,3301,"22,698",Usia 60 tahun keatas
JAWA TENGAH,BANYUMAS,3302,"4,464",Usia di bawah 45 tahun
JAWA TENGAH,BANYUMAS,3302,"10,328",Usia 45 - 59 tahun
JAWA TENGAH,BANYUMAS,3302,"20,631",Usia 60 tahun keatas
JAWA TENGAH,PURBALINGGA,3303,"2,898",Usia di bawah 45 tahun
JAWA TENGAH,PURBALINGGA,3303,"4,858",Usia 45 - 59 tahun
JAWA TENGAH,PURBALINGGA,3303,"10,453",Usia 60 tahun keatas
JAWA TENGAH,BANJARNEGARA,3304,"2,499",Usia di bawah 45 tahun
JAWA TENGAH,BANJARNEGARA,3304,"5,171",Usia 45 - 59 tahun
JAWA TENGAH,BANJARNEGARA,3304,"9,924",Usia 60 tahun keatas
JAWA TENGAH,KEBUMEN,3305,"3,607",Usia di bawah 45 tahun
JAWA TENGAH,KEBUMEN,3305,"8,377",Usia 45 - 59 tahun
JAWA TENGAH,KEBUMEN,3305,"14,180",Usia 60 tahun keatas
JAWA TENGAH,PURWOREJO,3306,"1,755",Usia di bawah 45 tahun
JAWA TENGAH,PURWOREJO,3306,"5,426",Usia 45 - 59 tahun
JAWA TENGAH,PURWOREJO,3306,"10,388",Usia 60 tahun keatas
JAWA TENGAH,WONOSOBO,3307,"1,908",Usia di bawah 45 tahun
JAWA TENGAH,WONOSOBO,3307,"4,166",Usia 45 - 59 tahun
JAWA TENGAH,WONOSOBO,3307,"7,483",Usia 60 tahun keatas
JAWA TENGAH,MAGELANG,3308,"3,348",Usia di bawah 45 tahun
JAWA TENGAH,MAGELANG,3308,"8,277",Usia 45 - 59 tahun
JAWA TENGAH,MAGELANG,3308,"13,099",Usia 60 tahun keatas
JAWA TENGAH,BOYOLALI,3309,"1,833",Usia di bawah 45 tahun
JAWA TENGAH,BOYOLALI,3309,"5,591",Usia 45 - 59 tahun
JAWA TENGAH,BOYOLALI,3309,"14,651",Usia 60 tahun keatas
JAWA TENGAH,KLATEN,3310,"3,435",Usia di bawah 45 tahun
JAWA TENGAH,KLATEN,3310,"10,225",Usia 45 - 59 tahun
JAWA TENGAH,KLATEN,3310,"23,639",Usia 60 tahun keatas
JAWA TENGAH,SUKOHARJO,3311,"1,853",Usia di bawah 45 tahun
JAWA TENGAH,SUKOHARJO,3311,"5,351",Usia 45 - 59 tahun
JAWA TENGAH,SUKOHARJO,3311,"11,868",Usia 60 tahun keatas
JAWA TENGAH,WONOGIRI,3312,"1,257",Usia di bawah 45 tahun
JAWA TENGAH,WONOGIRI,3312,"4,995",Usia 45 - 59 tahun
JAWA TENGAH,WONOGIRI,3312,"13,158",Usia 60 tahun keatas
JAWA TENGAH,KARANGANYAR,3313,"1,627",Usia di bawah 45 tahun
JAWA TENGAH,KARANGANYAR,3313,"4,977",Usia 45 - 59 tahun
JAWA TENGAH,KARANGANYAR,3313,"9,233",Usia 60 tahun keatas
JAWA TENGAH,SRAGEN,3314,"1,983",Usia di bawah 45 tahun
JAWA TENGAH,SRAGEN,3314,"5,225",Usia 45 - 59 tahun
JAWA TENGAH,SRAGEN,3314,"14,256",Usia 60 tahun keatas
JAWA TENGAH,GROBOGAN,3315,"5,159",Usia di bawah 45 tahun
JAWA TENGAH,GROBOGAN,3315,"13,200",Usia 45 - 59 tahun
JAWA TENGAH,GROBOGAN,3315,"28,265",Usia 60 tahun keatas
JAWA TENGAH,BLORA,3316,"2,639",Usia di bawah 45 tahun
JAWA TENGAH,BLORA,3316,"7,592",Usia 45 - 59 tahun
JAWA TENGAH,BLORA,3316,"13,773",Usia 60 tahun keatas
JAWA TENGAH,REMBANG,3317,"2,249",Usia di bawah 45 tahun
JAWA TENGAH,REMBANG,3317,"5,213",Usia 45 - 59 tahun
JAWA TENGAH,REMBANG,3317,"8,927",Usia 60 tahun keatas
JAWA TENGAH,PATI,3318,"5,185",Usia di bawah 45 tahun
JAWA TENGAH,PATI,3318,"13,625",Usia 45 - 59 tahun
JAWA TENGAH,PATI,3318,"26,082",Usia 60 tahun keatas
JAWA TENGAH,KUDUS,3319,"2,249",Usia di bawah 45 tahun
JAWA TENGAH,KUDUS,3319,"6,139",Usia 45 - 59 tahun
JAWA TENGAH,KUDUS,3319,"7,165",Usia 60 tahun keatas
JAWA TENGAH,JEPARA,3320,"5,055",Usia di bawah 45 tahun
JAWA TENGAH,JEPARA,3320,"11,937",Usia 45 - 59 tahun
JAWA TENGAH,JEPARA,3320,"20,637",Usia 60 tahun keatas
JAWA TENGAH,DEMAK,3321,"4,907",Usia di bawah 45 tahun
JAWA TENGAH,DEMAK,3321,"11,151",Usia 45 - 59 tahun
JAWA TENGAH,DEMAK,3321,"19,049",Usia 60 tahun keatas
JAWA TENGAH,SEMARANG,3322,"1,831",Usia di bawah 45 tahun
JAWA TENGAH,SEMARANG,3322,"4,624",Usia 45 - 59 tahun
JAWA TENGAH,SEMARANG,3322,"9,610",Usia 60 tahun keatas
JAWA TENGAH,TEMANGGUNG,3323,"1,737",Usia di bawah 45 tahun
JAWA TENGAH,TEMANGGUNG,3323,"4,529",Usia 45 - 59 tahun
JAWA TENGAH,TEMANGGUNG,3323,"5,922",Usia 60 tahun keatas
JAWA TENGAH,KENDAL,3324,"2,976",Usia di bawah 45 tahun
JAWA TENGAH,KENDAL,3324,"8,045",Usia 45 - 59 tahun
JAWA TENGAH,KENDAL,3324,"13,779",Usia 60 tahun keatas
JAWA TENGAH,BATANG,3325,"2,054",Usia di bawah 45 tahun
JAWA TENGAH,BATANG,3325,"4,253",Usia 45 - 59 tahun
JAWA TENGAH,BATANG,3325,"6,313",Usia 60 tahun keatas
JAWA TENGAH,PEKALONGAN,3326,"2,661",Usia di bawah 45 tahun
JAWA TENGAH,PEKALONGAN,3326,"5,871",Usia 45 - 59 tahun
JAWA TENGAH,PEKALONGAN,3326,"7,703",Usia 60 tahun keatas
JAWA TENGAH,PEMALANG,3327,"4,625",Usia di bawah 45 tahun
JAWA TENGAH,PEMALANG,3327,"9,182",Usia 45 - 59 tahun
JAWA TENGAH,PEMALANG,3327,"13,446",Usia 60 tahun keatas
JAWA TENGAH,TEGAL,3328,"4,936",Usia di bawah 45 tahun
JAWA TENGAH,TEGAL,3328,"11,293",Usia 45 - 59 tahun
JAWA TENGAH,TEGAL,3328,"18,139",Usia 60 tahun keatas
JAWA TENGAH,BREBES,3329,"6,812",Usia di bawah 45 tahun
JAWA TENGAH,BREBES,3329,"13,611",Usia 45 - 59 tahun
JAWA TENGAH,BREBES,3329,"21,948",Usia 60 tahun keatas
JAWA TENGAH,KOTA MAGELANG,3371,266,Usia di bawah 45 tahun
JAWA TENGAH,KOTA MAGELANG,3371,810,Usia 45 - 59 tahun
JAWA TENGAH,KOTA MAGELANG,3371,"1,078",Usia 60 tahun keatas
JAWA TENGAH,KOTA SURAKARTA,3372,"1,343",Usia di bawah 45 tahun
JAWA TENGAH,KOTA SURAKARTA,3372,"3,609",Usia 45 - 59 tahun
JAWA TENGAH,KOTA SURAKARTA,3372,"4,933",Usia 60 tahun keatas
JAWA TENGAH,KOTA SALATIGA,3373,300,Usia di bawah 45 tahun
JAWA TENGAH,KOTA SALATIGA,3373,657,Usia 45 - 59 tahun
JAWA TENGAH,KOTA SALATIGA,3373,"1,097",Usia 60 tahun keatas
JAWA TENGAH,KOTA SEMARANG,3374,"2,903",Usia di bawah 45 tahun
JAWA TENGAH,KOTA SEMARANG,3374,"7,822",Usia 45 - 59 tahun
JAWA TENGAH,KOTA SEMARANG,3374,"9,173",Usia 60 tahun keatas
JAWA TENGAH,KOTA PEKALONGAN,3375,926,Usia di bawah 45 tahun
JAWA TENGAH,KOTA PEKALONGAN,3375,"2,601",Usia 45 - 59 tahun
JAWA TENGAH,KOTA PEKALONGAN,3375,"2,956",Usia 60 tahun keatas
JAWA TENGAH,KOTA TEGAL,3376,907,Usia di bawah 45 tahun
JAWA TENGAH,KOTA TEGAL,3376,"1,964",Usia 45 - 59 tahun
JAWA TENGAH,KOTA TEGAL,3376,"2,197",Usia 60 tahun keatas
DI YOGYAKARTA,KULON PROGO,3401,711,Usia di bawah 45 tahun
DI YOGYAKARTA,KULON PROGO,3401,"2,236",Usia 45 - 59 tahun
DI YOGYAKARTA,KULON PROGO,3401,"6,303",Usia 60 tahun keatas
DI YOGYAKARTA,BANTUL,3402,"1,785",Usia di bawah 45 tahun
DI YOGYAKARTA,BANTUL,3402,"5,129",Usia 45 - 59 tahun
DI YOGYAKARTA,BANTUL,3402,"13,344",Usia 60 tahun keatas
DI YOGYAKARTA,GUNUNG KIDUL,3403,"1,111",Usia di bawah 45 tahun
DI YOGYAKARTA,GUNUNG KIDUL,3403,"3,718",Usia 45 - 59 tahun
DI YOGYAKARTA,GUNUNG KIDUL,3403,"10,593",Usia 60 tahun keatas
DI YOGYAKARTA,SLEMAN,3404,"2,309",Usia di bawah 45 tahun
DI YOGYAKARTA,SLEMAN,3404,"6,535",Usia 45 - 59 tahun
DI YOGYAKARTA,SLEMAN,3404,"13,666",Usia 60 tahun keatas
DI YOGYAKARTA,KOTA YOGYAKARTA,3471,903,Usia di bawah 45 tahun
DI YOGYAKARTA,KOTA YOGYAKARTA,3471,"2,376",Usia 45 - 59 tahun
DI YOGYAKARTA,KOTA YOGYAKARTA,3471,"3,674",Usia 60 tahun keatas
JAWA TIMUR,PACITAN,3501,790,Usia di bawah 45 tahun
JAWA TIMUR,PACITAN,3501,"2,874",Usia 45 - 59 tahun
JAWA TIMUR,PACITAN,3501,"8,052",Usia 60 tahun keatas
JAWA TIMUR,PONOROGO,3502,"2,105",Usia di bawah 45 tahun
JAWA TIMUR,PONOROGO,3502,"6,905",Usia 45 - 59 tahun
JAWA TIMUR,PONOROGO,3502,"19,044",Usia 60 tahun keatas
JAWA TIMUR,TRENGGALEK,3503,"1,228",Usia di bawah 45 tahun
JAWA TIMUR,TRENGGALEK,3503,"4,437",Usia 45 - 59 tahun
JAWA TIMUR,TRENGGALEK,3503,"11,936",Usia 60 tahun keatas
JAWA TIMUR,TULUNGAGUNG,3504,"2,522",Usia di bawah 45 tahun
JAWA TIMUR,TULUNGAGUNG,3504,"7,888",Usia 45 - 59 tahun
JAWA TIMUR,TULUNGAGUNG,3504,"20,009",Usia 60 tahun keatas
JAWA TIMUR,BLITAR,3505,"2,857",Usia di bawah 45 tahun
JAWA TIMUR,BLITAR,3505,"9,167",Usia 45 - 59 tahun
JAWA TIMUR,BLITAR,3505,"21,887",Usia 60 tahun keatas
JAWA TIMUR,KEDIRI,3506,"4,301",Usia di bawah 45 tahun
JAWA TIMUR,KEDIRI,3506,"12,687",Usia 45 - 59 tahun
JAWA TIMUR,KEDIRI,3506,"25,689",Usia 60 tahun keatas
JAWA TIMUR,MALANG,3507,"5,015",Usia di bawah 45 tahun
JAWA TIMUR,MALANG,3507,"15,409",Usia 45 - 59 tahun
JAWA TIMUR,MALANG,3507,"30,439",Usia 60 tahun keatas
JAWA TIMUR,LUMAJANG,3508,"3,752",Usia di bawah 45 tahun
JAWA TIMUR,LUMAJANG,3508,"10,089",Usia 45 - 59 tahun
JAWA TIMUR,LUMAJANG,3508,"15,530",Usia 60 tahun keatas
JAWA TIMUR,JEMBER,3509,"7,331",Usia di bawah 45 tahun
JAWA TIMUR,JEMBER,3509,"20,228",Usia 45 - 59 tahun
JAWA TIMUR,JEMBER,3509,"36,205",Usia 60 tahun keatas
JAWA TIMUR,BANYUWANGI,3510,"4,217",Usia di bawah 45 tahun
JAWA TIMUR,BANYUWANGI,3510,"13,464",Usia 45 - 59 tahun
JAWA TIMUR,BANYUWANGI,3510,"31,970",Usia 60 tahun keatas
JAWA TIMUR,BONDOWOSO,3511,"3,478",Usia di bawah 45 tahun
JAWA TIMUR,BONDOWOSO,3511,"9,416",Usia 45 - 59 tahun
JAWA TIMUR,BONDOWOSO,3511,"19,607",Usia 60 tahun keatas
JAWA TIMUR,SITUBONDO,3512,"2,962",Usia di bawah 45 tahun
JAWA TIMUR,SITUBONDO,3512,"9,304",Usia 45 - 59 tahun
JAWA TIMUR,SITUBONDO,3512,"19,324",Usia 60 tahun keatas
JAWA TIMUR,PROBOLINGGO,3513,"6,168",Usia di bawah 45 tahun
JAWA TIMUR,PROBOLINGGO,3513,"13,163",Usia 45 - 59 tahun
JAWA TIMUR,PROBOLINGGO,3513,"18,850",Usia 60 tahun keatas
JAWA TIMUR,PASURUAN,3514,"8,322",Usia di bawah 45 tahun
JAWA TIMUR,PASURUAN,3514,"18,571",Usia 45 - 59 tahun
JAWA TIMUR,PASURUAN,3514,"22,426",Usia 60 tahun keatas
JAWA TIMUR,SIDOARJO,3515,"4,082",Usia di bawah 45 tahun
JAWA TIMUR,SIDOARJO,3515,"11,395",Usia 45 - 59 tahun
JAWA TIMUR,SIDOARJO,3515,"14,013",Usia 60 tahun keatas
JAWA TIMUR,MOJOKERTO,3516,"2,282",Usia di bawah 45 tahun
JAWA TIMUR,MOJOKERTO,3516,"5,283",Usia 45 - 59 tahun
JAWA TIMUR,MOJOKERTO,3516,"8,725",Usia 60 tahun keatas
JAWA TIMUR,JOMBANG,3517,"3,589",Usia di bawah 45 tahun
JAWA TIMUR,JOMBANG,3517,"10,744",Usia 45 - 59 tahun
JAWA TIMUR,JOMBANG,3517,"22,349",Usia 60 tahun keatas
JAWA TIMUR,NGANJUK,3518,"3,135",Usia di bawah 45 tahun
JAWA TIMUR,NGANJUK,3518,"9,863",Usia 45 - 59 tahun
JAWA TIMUR,NGANJUK,3518,"20,690",Usia 60 tahun keatas
JAWA TIMUR,MADIUN,3519,"1,156",Usia di bawah 45 tahun
JAWA TIMUR,MADIUN,3519,"4,868",Usia 45 - 59 tahun
JAWA TIMUR,MADIUN,3519,"14,092",Usia 60 tahun keatas
JAWA TIMUR,MAGETAN,3520,"1,155",Usia di bawah 45 tahun
JAWA TIMUR,MAGETAN,3520,"4,549",Usia 45 - 59 tahun
JAWA TIMUR,MAGETAN,3520,"12,393",Usia 60 tahun keatas
JAWA TIMUR,NGAWI,3521,"2,080",Usia di bawah 45 tahun
JAWA TIMUR,NGAWI,3521,"6,779",Usia 45 - 59 tahun
JAWA TIMUR,NGAWI,3521,"17,646",Usia 60 tahun keatas
JAWA TIMUR,BOJONEGORO,3522,"3,517",Usia di bawah 45 tahun
JAWA TIMUR,BOJONEGORO,3522,"10,648",Usia 45 - 59 tahun
JAWA TIMUR,BOJONEGORO,3522,"19,363",Usia 60 tahun keatas
JAWA TIMUR,TUBAN,3523,"3,198",Usia di bawah 45 tahun
JAWA TIMUR,TUBAN,3523,"9,034",Usia 45 - 59 tahun
JAWA TIMUR,TUBAN,3523,"15,310",Usia 60 tahun keatas
JAWA TIMUR,LAMONGAN,3524,"2,894",Usia di bawah 45 tahun
JAWA TIMUR,LAMONGAN,3524,"8,060",Usia 45 - 59 tahun
JAWA TIMUR,LAMONGAN,3524,"12,924",Usia 60 tahun keatas
JAWA TIMUR,GRESIK,3525,"4,276",Usia di bawah 45 tahun
JAWA TIMUR,GRESIK,3525,"8,778",Usia 45 - 59 tahun
JAWA TIMUR,GRESIK,3525,"9,735",Usia 60 tahun keatas
JAWA TIMUR,BANGKALAN,3526,"4,757",Usia di bawah 45 tahun
JAWA TIMUR,BANGKALAN,3526,"12,076",Usia 45 - 59 tahun
JAWA TIMUR,BANGKALAN,3526,"14,555",Usia 60 tahun keatas
JAWA TIMUR,SAMPANG,3527,"4,530",Usia di bawah 45 tahun
JAWA TIMUR,SAMPANG,3527,"10,040",Usia 45 - 59 tahun
JAWA TIMUR,SAMPANG,3527,"10,263",Usia 60 tahun keatas
JAWA TIMUR,PAMEKASAN,3528,"4,811",Usia di bawah 45 tahun
JAWA TIMUR,PAMEKASAN,3528,"9,009",Usia 45 - 59 tahun
JAWA TIMUR,PAMEKASAN,3528,"10,048",Usia 60 tahun keatas
JAWA TIMUR,SUMENEP,3529,"6,519",Usia di bawah 45 tahun
JAWA TIMUR,SUMENEP,3529,"15,306",Usia 45 - 59 tahun
JAWA TIMUR,SUMENEP,3529,"21,282",Usia 60 tahun keatas
JAWA TIMUR,KOTA KEDIRI,3571,768,Usia di bawah 45 tahun
JAWA TIMUR,KOTA KEDIRI,3571,"2,306",Usia 45 - 59 tahun
JAWA TIMUR,KOTA KEDIRI,3571,"3,239",Usia 60 tahun keatas
JAWA TIMUR,KOTA BLITAR,3572,202,Usia di bawah 45 tahun
JAWA TIMUR,KOTA BLITAR,3572,670,Usia 45 - 59 tahun
JAWA TIMUR,KOTA BLITAR,3572,"1,167",Usia 60 tahun keatas
JAWA TIMUR,KOTA MALANG,3573,964,Usia di bawah 45 tahun
JAWA TIMUR,KOTA MALANG,3573,"3,019",Usia 45 - 59 tahun
JAWA TIMUR,KOTA MALANG,3573,"4,202",Usia 60 tahun keatas
JAWA TIMUR,KOTA PROBOLINGGO,3574,655,Usia di bawah 45 tahun
JAWA TIMUR,KOTA PROBOLINGGO,3574,"1,496",Usia 45 - 59 tahun
JAWA TIMUR,KOTA PROBOLINGGO,3574,"1,500",Usia 60 tahun keatas
JAWA TIMUR,KOTA PASURUAN,3575,542,Usia di bawah 45 tahun
JAWA TIMUR,KOTA PASURUAN,3575,"1,499",Usia 45 - 59 tahun
JAWA TIMUR,KOTA PASURUAN,3575,"1,606",Usia 60 tahun keatas
JAWA TIMUR,KOTA MOJOKERTO,3576,228,Usia di bawah 45 tahun
JAWA TIMUR,KOTA MOJOKERTO,3576,692,Usia 45 - 59 tahun
JAWA TIMUR,KOTA MOJOKERTO,3576,895,Usia 60 tahun keatas
JAWA TIMUR,KOTA MADIUN,3577,229,Usia di bawah 45 tahun
JAWA TIMUR,KOTA MADIUN,3577,735,Usia 45 - 59 tahun
JAWA TIMUR,KOTA MADIUN,3577,"1,238",Usia 60 tahun keatas
JAWA TIMUR,KOTA SURABAYA,3578,"5,685",Usia di bawah 45 tahun
JAWA TIMUR,KOTA SURABAYA,3578,"15,360",Usia 45 - 59 tahun
JAWA TIMUR,KOTA SURABAYA,3578,"17,984",Usia 60 tahun keatas
JAWA TIMUR,KOTA BATU,3579,299,Usia di bawah 45 tahun
JAWA TIMUR,KOTA BATU,3579,886,Usia 45 - 59 tahun
JAWA TIMUR,KOTA BATU,3579,"1,418",Usia 60 tahun keatas
BANTEN,PANDEGLANG,3601,"2,609",Usia di bawah 45 tahun
BANTEN,PANDEGLANG,3601,"4,617",Usia 45 - 59 tahun
BANTEN,PANDEGLANG,3601,"3,783",Usia 60 tahun keatas
BANTEN,LEBAK,3602,"2,480",Usia di bawah 45 tahun
BANTEN,LEBAK,3602,"4,129",Usia 45 - 59 tahun
BANTEN,LEBAK,3602,"3,370",Usia 60 tahun keatas
BANTEN,TANGERANG,3603,"8,090",Usia di bawah 45 tahun
BANTEN,TANGERANG,3603,"17,911",Usia 45 - 59 tahun
BANTEN,TANGERANG,3603,"19,129",Usia 60 tahun keatas
BANTEN,SERANG,3604,"2,449",Usia di bawah 45 tahun
BANTEN,SERANG,3604,"5,267",Usia 45 - 59 tahun
BANTEN,SERANG,3604,"5,435",Usia 60 tahun keatas
BANTEN,KOTA TANGERANG,3671,"2,769",Usia di bawah 45 tahun
BANTEN,KOTA TANGERANG,3671,"6,963",Usia 45 - 59 tahun
BANTEN,KOTA TANGERANG,3671,"6,044",Usia 60 tahun keatas
BANTEN,KOTA CILEGON,3672,571,Usia di bawah 45 tahun
BANTEN,KOTA CILEGON,3672,"1,200",Usia 45 - 59 tahun
BANTEN,KOTA CILEGON,3672,945,Usia 60 tahun keatas
BANTEN,KOTA SERANG,3673,885,Usia di bawah 45 tahun
BANTEN,KOTA SERANG,3673,"1,681",Usia 45 - 59 tahun
BANTEN,KOTA SERANG,3673,"1,024",Usia 60 tahun keatas
BANTEN,KOTA TANGERANG SELATAN,3674,"1,456",Usia di bawah 45 tahun
BANTEN,KOTA TANGERANG SELATAN,3674,"4,210",Usia 45 - 59 tahun
BANTEN,KOTA TANGERANG SELATAN,3674,"4,160",Usia 60 tahun keatas
BALI,JEMBRANA,5101,262,Usia di bawah 45 tahun
BALI,JEMBRANA,5101,892,Usia 45 - 59 tahun
BALI,JEMBRANA,5101,"1,620",Usia 60 tahun keatas
BALI,TABANAN,5102,382,Usia di bawah 45 tahun
BALI,TABANAN,5102,"1,045",Usia 45 - 59 tahun
BALI,TABANAN,5102,"1,535",Usia 60 tahun keatas
BALI,BADUNG,5103,171,Usia di bawah 45 tahun
BALI,BADUNG,5103,252,Usia 45 - 59 tahun
BALI,BADUNG,5103,348,Usia 60 tahun keatas
BALI,GIANYAR,5104,301,Usia di bawah 45 tahun
BALI,GIANYAR,5104,387,Usia 45 - 59 tahun
BALI,GIANYAR,5104,497,Usia 60 tahun keatas
BALI,KLUNGKUNG,5105,160,Usia di bawah 45 tahun
BALI,KLUNGKUNG,5105,404,Usia 45 - 59 tahun
BALI,KLUNGKUNG,5105,967,Usia 60 tahun keatas
BALI,BANGLI,5106,215,Usia di bawah 45 tahun
BALI,BANGLI,5106,454,Usia 45 - 59 tahun
BALI,BANGLI,5106,855,Usia 60 tahun keatas
BALI,KARANG ASEM,5107,416,Usia di bawah 45 tahun
BALI,KARANG ASEM,5107,"1,151",Usia 45 - 59 tahun
BALI,KARANG ASEM,5107,"2,734",Usia 60 tahun keatas
BALI,BULELENG,5108,748,Usia di bawah 45 tahun
BALI,BULELENG,5108,"2,080",Usia 45 - 59 tahun
BALI,BULELENG,5108,"4,712",Usia 60 tahun keatas
BALI,KOTA DENPASAR,5171,85,Usia di bawah 45 tahun
BALI,KOTA DENPASAR,5171,92,Usia 45 - 59 tahun
BALI,KOTA DENPASAR,5171,87,Usia 60 tahun keatas
NUSA TENGGARA BARAT,LOMBOK BARAT,5201,"6,361",Usia di bawah 45 tahun
NUSA TENGGARA BARAT,LOMBOK BARAT,5201,"7,028",Usia 45 - 59 tahun
NUSA TENGGARA BARAT,LOMBOK BARAT,5201,"9,069",Usia 60 tahun keatas
NUSA TENGGARA BARAT,LOMBOK TENGAH,5202,"15,169",Usia di bawah 45 tahun
NUSA TENGGARA BARAT,LOMBOK TENGAH,5202,"15,379",Usia 45 - 59 tahun
NUSA TENGGARA BARAT,LOMBOK TENGAH,5202,"16,801",Usia 60 tahun keatas
NUSA TENGGARA BARAT,LOMBOK TIMUR,5203,"26,902",Usia di bawah 45 tahun
NUSA TENGGARA BARAT,LOMBOK TIMUR,5203,"18,853",Usia 45 - 59 tahun
NUSA TENGGARA BARAT,LOMBOK TIMUR,5203,"19,919",Usia 60 tahun keatas
NUSA TENGGARA BARAT,SUMBAWA,5204,"1,153",Usia di bawah 45 tahun
NUSA TENGGARA BARAT,SUMBAWA,5204,"1,887",Usia 45 - 59 tahun
NUSA TENGGARA BARAT,SUMBAWA,5204,"2,276",Usia 60 tahun keatas
NUSA TENGGARA BARAT,DOMPU,5205,"1,586",Usia di bawah 45 tahun
NUSA TENGGARA BARAT,DOMPU,5205,"1,591",Usia 45 - 59 tahun
NUSA TENGGARA BARAT,DOMPU,5205,"1,802",Usia 60 tahun keatas
NUSA TENGGARA BARAT,BIMA,5206,"3,439",Usia di bawah 45 tahun
NUSA TENGGARA BARAT,BIMA,5206,"3,129",Usia 45 - 59 tahun
NUSA TENGGARA BARAT,BIMA,5206,"4,424",Usia 60 tahun keatas
NUSA TENGGARA BARAT,SUMBAWA BARAT,5207,484,Usia di bawah 45 tahun
NUSA TENGGARA BARAT,SUMBAWA BARAT,5207,736,Usia 45 - 59 tahun
NUSA TENGGARA BARAT,SUMBAWA BARAT,5207,790,Usia 60 tahun keatas
NUSA TENGGARA BARAT,LOMBOK UTARA,5208,"2,059",Usia di bawah 45 tahun
NUSA TENGGARA BARAT,LOMBOK UTARA,5208,"2,314",Usia 45 - 59 tahun
NUSA TENGGARA BARAT,LOMBOK UTARA,5208,"1,827",Usia 60 tahun keatas
NUSA TENGGARA BARAT,KOTA MATARAM,5271,"1,619",Usia di bawah 45 tahun
NUSA TENGGARA BARAT,KOTA MATARAM,5271,"2,484",Usia 45 - 59 tahun
NUSA TENGGARA BARAT,KOTA MATARAM,5271,"3,020",Usia 60 tahun keatas
NUSA TENGGARA BARAT,KOTA BIMA,5272,871,Usia di bawah 45 tahun
NUSA TENGGARA BARAT,KOTA BIMA,5272,749,Usia 45 - 59 tahun
NUSA TENGGARA BARAT,KOTA BIMA,5272,845,Usia 60 tahun keatas
NUSA TENGGARA TIMUR,SUMBA BARAT,5301,602,Usia di bawah 45 tahun
NUSA TENGGARA TIMUR,SUMBA BARAT,5301,782,Usia 45 - 59 tahun
NUSA TENGGARA TIMUR,SUMBA BARAT,5301,787,Usia 60 tahun keatas
NUSA TENGGARA TIMUR,SUMBA TIMUR,5302,873,Usia di bawah 45 tahun
NUSA TENGGARA TIMUR,SUMBA TIMUR,5302,895,Usia 45 - 59 tahun
NUSA TENGGARA TIMUR,SUMBA TIMUR,5302,961,Usia 60 tahun keatas
NUSA TENGGARA TIMUR,KUPANG,5303,"1,125",Usia di bawah 45 tahun
NUSA TENGGARA TIMUR,KUPANG,5303,"1,394",Usia 45 - 59 tahun
NUSA TENGGARA TIMUR,KUPANG,5303,"1,371",Usia 60 tahun keatas
NUSA TENGGARA TIMUR,TIMOR TENGAH SELATAN,5304,"2,585",Usia di bawah 45 tahun
NUSA TENGGARA TIMUR,TIMOR TENGAH SELATAN,5304,"4,113",Usia 45 - 59 tahun
NUSA TENGGARA TIMUR,TIMOR TENGAH SELATAN,5304,"5,302",Usia 60 tahun keatas
NUSA TENGGARA TIMUR,TIMOR TENGAH UTARA,5305,"1,113",Usia di bawah 45 tahun
NUSA TENGGARA TIMUR,TIMOR TENGAH UTARA,5305,"1,747",Usia 45 - 59 tahun
NUSA TENGGARA TIMUR,TIMOR TENGAH UTARA,5305,"2,371",Usia 60 tahun keatas
NUSA TENGGARA TIMUR,BELU,5306,"1,343",Usia di bawah 45 tahun
NUSA TENGGARA TIMUR,BELU,5306,"1,356",Usia 45 - 59 tahun
NUSA TENGGARA TIMUR,BELU,5306,"1,375",Usia 60 tahun keatas
NUSA TENGGARA TIMUR,ALOR,5307,"1,023",Usia di bawah 45 tahun
NUSA TENGGARA TIMUR,ALOR,5307,"1,525",Usia 45 - 59 tahun
NUSA TENGGARA TIMUR,ALOR,5307,"1,515",Usia 60 tahun keatas
NUSA TENGGARA TIMUR,LEMBATA,5308,"1,293",Usia di bawah 45 tahun
NUSA TENGGARA TIMUR,LEMBATA,5308,"2,091",Usia 45 - 59 tahun
NUSA TENGGARA TIMUR,LEMBATA,5308,"2,411",Usia 60 tahun keatas
NUSA TENGGARA TIMUR,FLORES TIMUR,5309,"1,952",Usia di bawah 45 tahun
NUSA TENGGARA TIMUR,FLORES TIMUR,5309,"1,990",Usia 45 - 59 tahun
NUSA TENGGARA TIMUR,FLORES TIMUR,5309,"2,065",Usia 60 tahun keatas
NUSA TENGGARA TIMUR,SIKKA,5310,"1,830",Usia di bawah 45 tahun
NUSA TENGGARA TIMUR,SIKKA,5310,"2,719",Usia 45 - 59 tahun
NUSA TENGGARA TIMUR,SIKKA,5310,"2,792",Usia 60 tahun keatas
NUSA TENGGARA TIMUR,ENDE,5311,"1,724",Usia di bawah 45 tahun
NUSA TENGGARA TIMUR,ENDE,5311,"2,470",Usia 45 - 59 tahun
NUSA TENGGARA TIMUR,ENDE,5311,"2,128",Usia 60 tahun keatas
NUSA TENGGARA TIMUR,NGADA,5312,548,Usia di bawah 45 tahun
NUSA TENGGARA TIMUR,NGADA,5312,900,Usia 45 - 59 tahun
NUSA TENGGARA TIMUR,NGADA,5312,651,Usia 60 tahun keatas
NUSA TENGGARA TIMUR,MANGGARAI,5313,"2,184",Usia di bawah 45 tahun
NUSA TENGGARA TIMUR,MANGGARAI,5313,"1,615",Usia 45 - 59 tahun
NUSA TENGGARA TIMUR,MANGGARAI,5313,"1,006",Usia 60 tahun keatas
NUSA TENGGARA TIMUR,ROTE NDAO,5314,487,Usia di bawah 45 tahun
NUSA TENGGARA TIMUR,ROTE NDAO,5314,674,Usia 45 - 59 tahun
NUSA TENGGARA TIMUR,ROTE NDAO,5314,"1,378",Usia 60 tahun keatas
NUSA TENGGARA TIMUR,MANGGARAI BARAT,5315,993,Usia di bawah 45 tahun
NUSA TENGGARA TIMUR,MANGGARAI BARAT,5315,"1,379",Usia 45 - 59 tahun
NUSA TENGGARA TIMUR,MANGGARAI BARAT,5315,898,Usia 60 tahun keatas
NUSA TENGGARA TIMUR,SUMBA TENGAH,5316,239,Usia di bawah 45 tahun
NUSA TENGGARA TIMUR,SUMBA TENGAH,5316,451,Usia 45 - 59 tahun
NUSA TENGGARA TIMUR,SUMBA TENGAH,5316,436,Usia 60 tahun keatas
NUSA TENGGARA TIMUR,SUMBA BARAT DAYA,5317,"1,424",Usia di bawah 45 tahun
NUSA TENGGARA TIMUR,SUMBA BARAT DAYA,5317,"2,349",Usia 45 - 59 tahun
NUSA TENGGARA TIMUR,SUMBA BARAT DAYA,5317,"2,185",Usia 60 tahun keatas
NUSA TENGGARA TIMUR,NAGEKEO,5318,409,Usia di bawah 45 tahun
NUSA TENGGARA TIMUR,NAGEKEO,5318,689,Usia 45 - 59 tahun
NUSA TENGGARA TIMUR,NAGEKEO,5318,588,Usia 60 tahun keatas
NUSA TENGGARA TIMUR,MANGGARAI TIMUR,5319,"1,555",Usia di bawah 45 tahun
NUSA TENGGARA TIMUR,MANGGARAI TIMUR,5319,"1,694",Usia 45 - 59 tahun
NUSA TENGGARA TIMUR,MANGGARAI TIMUR,5319,937,Usia 60 tahun keatas
NUSA TENGGARA TIMUR,SABU RAIJUA,5320,476,Usia di bawah 45 tahun
NUSA TENGGARA TIMUR,SABU RAIJUA,5320,661,Usia 45 - 59 tahun
NUSA TENGGARA TIMUR,SABU RAIJUA,5320,"1,368",Usia 60 tahun keatas
NUSA TENGGARA TIMUR,MALAKA,5321,"1,839",Usia di bawah 45 tahun
NUSA TENGGARA TIMUR,MALAKA,5321,"1,277",Usia 45 - 59 tahun
NUSA TENGGARA TIMUR,MALAKA,5321,"1,065",Usia 60 tahun keatas
NUSA TENGGARA TIMUR,KOTA KUPANG,5371,897,Usia di bawah 45 tahun
NUSA TENGGARA TIMUR,KOTA KUPANG,5371,"1,126",Usia 45 - 59 tahun
NUSA TENGGARA TIMUR,KOTA KUPANG,5371,"1,310",Usia 60 tahun keatas
KALIMANTAN BARAT,SAMBAS,6101,"1,712",Usia di bawah 45 tahun
KALIMANTAN BARAT,SAMBAS,6101,"3,285",Usia 45 - 59 tahun
KALIMANTAN BARAT,SAMBAS,6101,"4,743",Usia 60 tahun keatas
KALIMANTAN BARAT,BENGKAYANG,6102,476,Usia di bawah 45 tahun
KALIMANTAN BARAT,BENGKAYANG,6102,720,Usia 45 - 59 tahun
KALIMANTAN BARAT,BENGKAYANG,6102,612,Usia 60 tahun keatas
KALIMANTAN BARAT,LANDAK,6103,924,Usia di bawah 45 tahun
KALIMANTAN BARAT,LANDAK,6103,"1,743",Usia 45 - 59 tahun
KALIMANTAN BARAT,LANDAK,6103,"1,363",Usia 60 tahun keatas
KALIMANTAN BARAT,MEMPAWAH,6104,718,Usia di bawah 45 tahun
KALIMANTAN BARAT,MEMPAWAH,6104,"1,501",Usia 45 - 59 tahun
KALIMANTAN BARAT,MEMPAWAH,6104,"1,750",Usia 60 tahun keatas
KALIMANTAN BARAT,SANGGAU,6105,885,Usia di bawah 45 tahun
KALIMANTAN BARAT,SANGGAU,6105,"1,930",Usia 45 - 59 tahun
KALIMANTAN BARAT,SANGGAU,6105,"1,736",Usia 60 tahun keatas
KALIMANTAN BARAT,KETAPANG,6106,"1,197",Usia di bawah 45 tahun
KALIMANTAN BARAT,KETAPANG,6106,"2,517",Usia 45 - 59 tahun
KALIMANTAN BARAT,KETAPANG,6106,"2,785",Usia 60 tahun keatas
KALIMANTAN BARAT,SINTANG,6107,"1,354",Usia di bawah 45 tahun
KALIMANTAN BARAT,SINTANG,6107,"2,227",Usia 45 - 59 tahun
KALIMANTAN BARAT,SINTANG,6107,"2,127",Usia 60 tahun keatas
KALIMANTAN BARAT,KAPUAS HULU,6108,955,Usia di bawah 45 tahun
KALIMANTAN BARAT,KAPUAS HULU,6108,"1,749",Usia 45 - 59 tahun
KALIMANTAN BARAT,KAPUAS HULU,6108,"1,619",Usia 60 tahun keatas
KALIMANTAN BARAT,SEKADAU,6109,273,Usia di bawah 45 tahun
KALIMANTAN BARAT,SEKADAU,6109,370,Usia 45 - 59 tahun
KALIMANTAN BARAT,SEKADAU,6109,196,Usia 60 tahun keatas
KALIMANTAN BARAT,MELAWI,6110,583,Usia di bawah 45 tahun
KALIMANTAN BARAT,MELAWI,6110,"1,071",Usia 45 - 59 tahun
KALIMANTAN BARAT,MELAWI,6110,871,Usia 60 tahun keatas
KALIMANTAN BARAT,KAYONG UTARA,6111,181,Usia di bawah 45 tahun
KALIMANTAN BARAT,KAYONG UTARA,6111,349,Usia 45 - 59 tahun
KALIMANTAN BARAT,KAYONG UTARA,6111,331,Usia 60 tahun keatas
KALIMANTAN BARAT,KUBU RAYA,6112,"1,321",Usia di bawah 45 tahun
KALIMANTAN BARAT,KUBU RAYA,6112,"2,617",Usia 45 - 59 tahun
KALIMANTAN BARAT,KUBU RAYA,6112,"2,870",Usia 60 tahun keatas
KALIMANTAN BARAT,KOTA PONTIANAK,6171,"1,077",Usia di bawah 45 tahun
KALIMANTAN BARAT,KOTA PONTIANAK,6171,"2,223",Usia 45 - 59 tahun
KALIMANTAN BARAT,KOTA PONTIANAK,6171,"2,217",Usia 60 tahun keatas
KALIMANTAN BARAT,KOTA SINGKAWANG,6172,441,Usia di bawah 45 tahun
KALIMANTAN BARAT,KOTA SINGKAWANG,6172,794,Usia 45 - 59 tahun
KALIMANTAN BARAT,KOTA SINGKAWANG,6172,"1,155",Usia 60 tahun keatas
KALIMANTAN TENGAH,KOTAWARINGIN BARAT,6201,321,Usia di bawah 45 tahun
KALIMANTAN TENGAH,KOTAWARINGIN BARAT,6201,951,Usia 45 - 59 tahun
KALIMANTAN TENGAH,KOTAWARINGIN BARAT,6201,"1,308",Usia 60 tahun keatas
KALIMANTAN TENGAH,KOTAWARINGIN TIMUR,6202,901,Usia di bawah 45 tahun
KALIMANTAN TENGAH,KOTAWARINGIN TIMUR,6202,"1,815",Usia 45 - 59 tahun
KALIMANTAN TENGAH,KOTAWARINGIN TIMUR,6202,"2,376",Usia 60 tahun keatas
KALIMANTAN TENGAH,KAPUAS,6203,990,Usia di bawah 45 tahun
KALIMANTAN TENGAH,KAPUAS,6203,"2,201",Usia 45 - 59 tahun
KALIMANTAN TENGAH,KAPUAS,6203,"1,948",Usia 60 tahun keatas
KALIMANTAN TENGAH,BARITO SELATAN,6204,307,Usia di bawah 45 tahun
KALIMANTAN TENGAH,BARITO SELATAN,6204,737,Usia 45 - 59 tahun
KALIMANTAN TENGAH,BARITO SELATAN,6204,837,Usia 60 tahun keatas
KALIMANTAN TENGAH,BARITO UTARA,6205,304,Usia di bawah 45 tahun
KALIMANTAN TENGAH,BARITO UTARA,6205,707,Usia 45 - 59 tahun
KALIMANTAN TENGAH,BARITO UTARA,6205,934,Usia 60 tahun keatas
KALIMANTAN TENGAH,SUKAMARA,6206,109,Usia di bawah 45 tahun
KALIMANTAN TENGAH,SUKAMARA,6206,253,Usia 45 - 59 tahun
KALIMANTAN TENGAH,SUKAMARA,6206,294,Usia 60 tahun keatas
KALIMANTAN TENGAH,LAMANDAU,6207,70,Usia di bawah 45 tahun
KALIMANTAN TENGAH,LAMANDAU,6207,220,Usia 45 - 59 tahun
KALIMANTAN TENGAH,LAMANDAU,6207,324,Usia 60 tahun keatas
KALIMANTAN TENGAH,SERUYAN,6208,327,Usia di bawah 45 tahun
KALIMANTAN TENGAH,SERUYAN,6208,829,Usia 45 - 59 tahun
KALIMANTAN TENGAH,SERUYAN,6208,822,Usia 60 tahun keatas
KALIMANTAN TENGAH,KATINGAN,6209,315,Usia di bawah 45 tahun
KALIMANTAN TENGAH,KATINGAN,6209,778,Usia 45 - 59 tahun
KALIMANTAN TENGAH,KATINGAN,6209,"1,173",Usia 60 tahun keatas
KALIMANTAN TENGAH,PULANG PISAU,6210,269,Usia di bawah 45 tahun
KALIMANTAN TENGAH,PULANG PISAU,6210,646,Usia 45 - 59 tahun
KALIMANTAN TENGAH,PULANG PISAU,6210,"1,142",Usia 60 tahun keatas
KALIMANTAN TENGAH,GUNUNG MAS,6211,64,Usia di bawah 45 tahun
KALIMANTAN TENGAH,GUNUNG MAS,6211,88,Usia 45 - 59 tahun
KALIMANTAN TENGAH,GUNUNG MAS,6211,33,Usia 60 tahun keatas
KALIMANTAN TENGAH,BARITO TIMUR,6212,210,Usia di bawah 45 tahun
KALIMANTAN TENGAH,BARITO TIMUR,6212,546,Usia 45 - 59 tahun
KALIMANTAN TENGAH,BARITO TIMUR,6212,728,Usia 60 tahun keatas
KALIMANTAN TENGAH,MURUNG RAYA,6213,214,Usia di bawah 45 tahun
KALIMANTAN TENGAH,MURUNG RAYA,6213,268,Usia 45 - 59 tahun
KALIMANTAN TENGAH,MURUNG RAYA,6213,187,Usia 60 tahun keatas
KALIMANTAN TENGAH,KOTA PALANGKA RAYA,6271,297,Usia di bawah 45 tahun
KALIMANTAN TENGAH,KOTA PALANGKA RAYA,6271,536,Usia 45 - 59 tahun
KALIMANTAN TENGAH,KOTA PALANGKA RAYA,6271,589,Usia 60 tahun keatas
KALIMANTAN SELATAN,TANAH LAUT,6301,806,Usia di bawah 45 tahun
KALIMANTAN SELATAN,TANAH LAUT,6301,"1,556",Usia 45 - 59 tahun
KALIMANTAN SELATAN,TANAH LAUT,6301,"1,713",Usia 60 tahun keatas
KALIMANTAN SELATAN,KOTA BARU,6302,662,Usia di bawah 45 tahun
KALIMANTAN SELATAN,KOTA BARU,6302,"1,208",Usia 45 - 59 tahun
KALIMANTAN SELATAN,KOTA BARU,6302,640,Usia 60 tahun keatas
KALIMANTAN SELATAN,BANJAR,6303,"1,291",Usia di bawah 45 tahun
KALIMANTAN SELATAN,BANJAR,6303,"2,130",Usia 45 - 59 tahun
KALIMANTAN SELATAN,BANJAR,6303,"1,862",Usia 60 tahun keatas
KALIMANTAN SELATAN,BARITO KUALA,6304,637,Usia di bawah 45 tahun
KALIMANTAN SELATAN,BARITO KUALA,6304,"1,024",Usia 45 - 59 tahun
KALIMANTAN SELATAN,BARITO KUALA,6304,957,Usia 60 tahun keatas
KALIMANTAN SELATAN,TAPIN,6305,338,Usia di bawah 45 tahun
KALIMANTAN SELATAN,TAPIN,6305,605,Usia 45 - 59 tahun
KALIMANTAN SELATAN,TAPIN,6305,596,Usia 60 tahun keatas
KALIMANTAN SELATAN,HULU SUNGAI SELATAN,6306,"1,088",Usia di bawah 45 tahun
KALIMANTAN SELATAN,HULU SUNGAI SELATAN,6306,"2,655",Usia 45 - 59 tahun
KALIMANTAN SELATAN,HULU SUNGAI SELATAN,6306,"3,454",Usia 60 tahun keatas
KALIMANTAN SELATAN,HULU SUNGAI TENGAH,6307,"1,233",Usia di bawah 45 tahun
KALIMANTAN SELATAN,HULU SUNGAI TENGAH,6307,"3,121",Usia 45 - 59 tahun
KALIMANTAN SELATAN,HULU SUNGAI TENGAH,6307,"4,126",Usia 60 tahun keatas
KALIMANTAN SELATAN,HULU SUNGAI UTARA,6308,"1,392",Usia di bawah 45 tahun
KALIMANTAN SELATAN,HULU SUNGAI UTARA,6308,"3,299",Usia 45 - 59 tahun
KALIMANTAN SELATAN,HULU SUNGAI UTARA,6308,"3,809",Usia 60 tahun keatas
KALIMANTAN SELATAN,TABALONG,6309,994,Usia di bawah 45 tahun
KALIMANTAN SELATAN,TABALONG,6309,"2,431",Usia 45 - 59 tahun
KALIMANTAN SELATAN,TABALONG,6309,"2,802",Usia 60 tahun keatas
KALIMANTAN SELATAN,TANAH BUMBU,6310,794,Usia di bawah 45 tahun
KALIMANTAN SELATAN,TANAH BUMBU,6310,"1,481",Usia 45 - 59 tahun
KALIMANTAN SELATAN,TANAH BUMBU,6310,"1,824",Usia 60 tahun keatas
KALIMANTAN SELATAN,BALANGAN,6311,366,Usia di bawah 45 tahun
KALIMANTAN SELATAN,BALANGAN,6311,767,Usia 45 - 59 tahun
KALIMANTAN SELATAN,BALANGAN,6311,553,Usia 60 tahun keatas
KALIMANTAN SELATAN,KOTA BANJARMASIN,6371,"1,635",Usia di bawah 45 tahun
KALIMANTAN SELATAN,KOTA BANJARMASIN,6371,"3,759",Usia 45 - 59 tahun
KALIMANTAN SELATAN,KOTA BANJARMASIN,6371,"3,566",Usia 60 tahun keatas
KALIMANTAN SELATAN,KOTA BANJAR BARU,6372,537,Usia di bawah 45 tahun
KALIMANTAN SELATAN,KOTA BANJAR BARU,6372,957,Usia 45 - 59 tahun
KALIMANTAN SELATAN,KOTA BANJAR BARU,6372,"1,032",Usia 60 tahun keatas
KALIMANTAN TIMUR,PASER,6401,754,Usia di bawah 45 tahun
KALIMANTAN TIMUR,PASER,6401,"1,344",Usia 45 - 59 tahun
KALIMANTAN TIMUR,PASER,6401,"1,365",Usia 60 tahun keatas
KALIMANTAN TIMUR,KUTAI BARAT,6402,320,Usia di bawah 45 tahun
KALIMANTAN TIMUR,KUTAI BARAT,6402,494,Usia 45 - 59 tahun
KALIMANTAN TIMUR,KUTAI BARAT,6402,579,Usia 60 tahun keatas
KALIMANTAN TIMUR,KUTAI KARTANEGARA,6403,"1,158",Usia di bawah 45 tahun
KALIMANTAN TIMUR,KUTAI KARTANEGARA,6403,"3,229",Usia 45 - 59 tahun
KALIMANTAN TIMUR,KUTAI KARTANEGARA,6403,"3,946",Usia 60 tahun keatas
KALIMANTAN TIMUR,KUTAI TIMUR,6404,689,Usia di bawah 45 tahun
KALIMANTAN TIMUR,KUTAI TIMUR,6404,"1,363",Usia 45 - 59 tahun
KALIMANTAN TIMUR,KUTAI TIMUR,6404,"1,257",Usia 60 tahun keatas
KALIMANTAN TIMUR,BERAU,6405,269,Usia di bawah 45 tahun
KALIMANTAN TIMUR,BERAU,6405,589,Usia 45 - 59 tahun
KALIMANTAN TIMUR,BERAU,6405,683,Usia 60 tahun keatas
KALIMANTAN TIMUR,PENAJAM PASER UTARA,6409,324,Usia di bawah 45 tahun
KALIMANTAN TIMUR,PENAJAM PASER UTARA,6409,571,Usia 45 - 59 tahun
KALIMANTAN TIMUR,PENAJAM PASER UTARA,6409,518,Usia 60 tahun keatas
KALIMANTAN TIMUR,MAHAKAM HULU,6411,58,Usia di bawah 45 tahun
KALIMANTAN TIMUR,MAHAKAM HULU,6411,117,Usia 45 - 59 tahun
KALIMANTAN TIMUR,MAHAKAM HULU,6411,164,Usia 60 tahun keatas
KALIMANTAN TIMUR,KOTA BALIKPAPAN,6471,"1,151",Usia di bawah 45 tahun
KALIMANTAN TIMUR,KOTA BALIKPAPAN,6471,"2,624",Usia 45 - 59 tahun
KALIMANTAN TIMUR,KOTA BALIKPAPAN,6471,"2,318",Usia 60 tahun keatas
KALIMANTAN TIMUR,KOTA SAMARINDA,6472,"1,138",Usia di bawah 45 tahun
KALIMANTAN TIMUR,KOTA SAMARINDA,6472,"2,680",Usia 45 - 59 tahun
KALIMANTAN TIMUR,KOTA SAMARINDA,6472,"2,333",Usia 60 tahun keatas
KALIMANTAN TIMUR,KOTA BONTANG,6474,307,Usia di bawah 45 tahun
KALIMANTAN TIMUR,KOTA BONTANG,6474,429,Usia 45 - 59 tahun
KALIMANTAN TIMUR,KOTA BONTANG,6474,163,Usia 60 tahun keatas
KALIMANTAN UTARA,MALINAU,6501,123,Usia di bawah 45 tahun
KALIMANTAN UTARA,MALINAU,6501,270,Usia 45 - 59 tahun
KALIMANTAN UTARA,MALINAU,6501,311,Usia 60 tahun keatas
KALIMANTAN UTARA,BULUNGAN,6502,154,Usia di bawah 45 tahun
KALIMANTAN UTARA,BULUNGAN,6502,370,Usia 45 - 59 tahun
KALIMANTAN UTARA,BULUNGAN,6502,458,Usia 60 tahun keatas
KALIMANTAN UTARA,TANA TIDUNG,6503,26,Usia di bawah 45 tahun
KALIMANTAN UTARA,TANA TIDUNG,6503,41,Usia 45 - 59 tahun
KALIMANTAN UTARA,TANA TIDUNG,6503,35,Usia 60 tahun keatas
KALIMANTAN UTARA,NUNUKAN,6504,396,Usia di bawah 45 tahun
KALIMANTAN UTARA,NUNUKAN,6504,475,Usia 45 - 59 tahun
KALIMANTAN UTARA,NUNUKAN,6504,345,Usia 60 tahun keatas
KALIMANTAN UTARA,KOTA TARAKAN,6571,440,Usia di bawah 45 tahun
KALIMANTAN UTARA,KOTA TARAKAN,6571,726,Usia 45 - 59 tahun
KALIMANTAN UTARA,KOTA TARAKAN,6571,647,Usia 60 tahun keatas
SULAWESI UTARA,BOLAANG MONGONDOW,7101,442,Usia di bawah 45 tahun
SULAWESI UTARA,BOLAANG MONGONDOW,7101,773,Usia 45 - 59 tahun
SULAWESI UTARA,BOLAANG MONGONDOW,7101,"1,123",Usia 60 tahun keatas
SULAWESI UTARA,MINAHASA,7102,313,Usia di bawah 45 tahun
SULAWESI UTARA,MINAHASA,7102,486,Usia 45 - 59 tahun
SULAWESI UTARA,MINAHASA,7102,543,Usia 60 tahun keatas
SULAWESI UTARA,KEPULAUAN SANGIHE,7103,231,Usia di bawah 45 tahun
SULAWESI UTARA,KEPULAUAN SANGIHE,7103,346,Usia 45 - 59 tahun
SULAWESI UTARA,KEPULAUAN SANGIHE,7103,485,Usia 60 tahun keatas
SULAWESI UTARA,KEPULAUAN TALAUD,7104,73,Usia di bawah 45 tahun
SULAWESI UTARA,KEPULAUAN TALAUD,7104,105,Usia 45 - 59 tahun
SULAWESI UTARA,KEPULAUAN TALAUD,7104,174,Usia 60 tahun keatas
SULAWESI UTARA,MINAHASA SELATAN,7105,301,Usia di bawah 45 tahun
SULAWESI UTARA,MINAHASA SELATAN,7105,555,Usia 45 - 59 tahun
SULAWESI UTARA,MINAHASA SELATAN,7105,924,Usia 60 tahun keatas
SULAWESI UTARA,MINAHASA UTARA,7106,301,Usia di bawah 45 tahun
SULAWESI UTARA,MINAHASA UTARA,7106,480,Usia 45 - 59 tahun
SULAWESI UTARA,MINAHASA UTARA,7106,529,Usia 60 tahun keatas
SULAWESI UTARA,BOLAANG MONGONDOW UTARA,7107,121,Usia di bawah 45 tahun
SULAWESI UTARA,BOLAANG MONGONDOW UTARA,7107,253,Usia 45 - 59 tahun
SULAWESI UTARA,BOLAANG MONGONDOW UTARA,7107,429,Usia 60 tahun keatas
SULAWESI UTARA,SIAU TAGULANDANG BIARO,7108,78,Usia di bawah 45 tahun
SULAWESI UTARA,SIAU TAGULANDANG BIARO,7108,178,Usia 45 - 59 tahun
SULAWESI UTARA,SIAU TAGULANDANG BIARO,7108,277,Usia 60 tahun keatas
SULAWESI UTARA,MINAHASA TENGGARA,7109,147,Usia di bawah 45 tahun
SULAWESI UTARA,MINAHASA TENGGARA,7109,262,Usia 45 - 59 tahun
SULAWESI UTARA,MINAHASA TENGGARA,7109,718,Usia 60 tahun keatas
SULAWESI UTARA,BOLAANG MONGONDOW SELATAN,7110,64,Usia di bawah 45 tahun
SULAWESI UTARA,BOLAANG MONGONDOW SELATAN,7110,86,Usia 45 - 59 tahun
SULAWESI UTARA,BOLAANG MONGONDOW SELATAN,7110,102,Usia 60 tahun keatas
SULAWESI UTARA,BOLAANG MONGONDOW TIMUR,7111,93,Usia di bawah 45 tahun
SULAWESI UTARA,BOLAANG MONGONDOW TIMUR,7111,164,Usia 45 - 59 tahun
SULAWESI UTARA,BOLAANG MONGONDOW TIMUR,7111,249,Usia 60 tahun keatas
SULAWESI UTARA,KOTA MANADO,7171,518,Usia di bawah 45 tahun
SULAWESI UTARA,KOTA MANADO,7171,"1,131",Usia 45 - 59 tahun
SULAWESI UTARA,KOTA MANADO,7171,"1,288",Usia 60 tahun keatas
SULAWESI UTARA,KOTA BITUNG,7172,410,Usia di bawah 45 tahun
SULAWESI UTARA,KOTA BITUNG,7172,731,Usia 45 - 59 tahun
SULAWESI UTARA,KOTA BITUNG,7172,829,Usia 60 tahun keatas
SULAWESI UTARA,KOTA TOMOHON,7173,137,Usia di bawah 45 tahun
SULAWESI UTARA,KOTA TOMOHON,7173,260,Usia 45 - 59 tahun
SULAWESI UTARA,KOTA TOMOHON,7173,503,Usia 60 tahun keatas
SULAWESI UTARA,KOTAMOBAGU,7174,179,Usia di bawah 45 tahun
SULAWESI UTARA,KOTAMOBAGU,7174,365,Usia 45 - 59 tahun
SULAWESI UTARA,KOTAMOBAGU,7174,383,Usia 60 tahun keatas
SULAWESI TENGAH,BANGGAI KEPULAUAN,7201,359,Usia di bawah 45 tahun
SULAWESI TENGAH,BANGGAI KEPULAUAN,7201,642,Usia 45 - 59 tahun
SULAWESI TENGAH,BANGGAI KEPULAUAN,7201,"1,040",Usia 60 tahun keatas
SULAWESI TENGAH,BANGGAI,7202,"1,049",Usia di bawah 45 tahun
SULAWESI TENGAH,BANGGAI,7202,"2,043",Usia 45 - 59 tahun
SULAWESI TENGAH,BANGGAI,7202,"3,241",Usia 60 tahun keatas
SULAWESI TENGAH,MOROWALI,7203,359,Usia di bawah 45 tahun
SULAWESI TENGAH,MOROWALI,7203,759,Usia 45 - 59 tahun
SULAWESI TENGAH,MOROWALI,7203,986,Usia 60 tahun keatas
SULAWESI TENGAH,POSO,7204,459,Usia di bawah 45 tahun
SULAWESI TENGAH,POSO,7204,854,Usia 45 - 59 tahun
SULAWESI TENGAH,POSO,7204,"1,269",Usia 60 tahun keatas
SULAWESI TENGAH,DONGGALA,7205,885,Usia di bawah 45 tahun
SULAWESI TENGAH,DONGGALA,7205,"1,457",Usia 45 - 59 tahun
SULAWESI TENGAH,DONGGALA,7205,"1,528",Usia 60 tahun keatas
SULAWESI TENGAH,TOLI-TOLI,7206,504,Usia di bawah 45 tahun
SULAWESI TENGAH,TOLI-TOLI,7206,761,Usia 45 - 59 tahun
SULAWESI TENGAH,TOLI-TOLI,7206,"1,057",Usia 60 tahun keatas
SULAWESI TENGAH,BUOL,7207,266,Usia di bawah 45 tahun
SULAWESI TENGAH,BUOL,7207,373,Usia 45 - 59 tahun
SULAWESI TENGAH,BUOL,7207,483,Usia 60 tahun keatas
SULAWESI TENGAH,PARIGI MOUTONG,7208,941,Usia di bawah 45 tahun
SULAWESI TENGAH,PARIGI MOUTONG,7208,"1,730",Usia 45 - 59 tahun
SULAWESI TENGAH,PARIGI MOUTONG,7208,"1,626",Usia 60 tahun keatas
SULAWESI TENGAH,TOJO UNA-UNA,7209,291,Usia di bawah 45 tahun
SULAWESI TENGAH,TOJO UNA-UNA,7209,454,Usia 45 - 59 tahun
SULAWESI TENGAH,TOJO UNA-UNA,7209,487,Usia 60 tahun keatas
SULAWESI TENGAH,SIGI,7210,549,Usia di bawah 45 tahun
SULAWESI TENGAH,SIGI,7210,899,Usia 45 - 59 tahun
SULAWESI TENGAH,SIGI,7210,862,Usia 60 tahun keatas
SULAWESI TENGAH,BANGGAI LAUT,7211,140,Usia di bawah 45 tahun
SULAWESI TENGAH,BANGGAI LAUT,7211,317,Usia 45 - 59 tahun
SULAWESI TENGAH,BANGGAI LAUT,7211,364,Usia 60 tahun keatas
SULAWESI TENGAH,MOROWALI UTARA,7212,223,Usia di bawah 45 tahun
SULAWESI TENGAH,MOROWALI UTARA,7212,492,Usia 45 - 59 tahun
SULAWESI TENGAH,MOROWALI UTARA,7212,780,Usia 60 tahun keatas
SULAWESI TENGAH,KOTA PALU,7271,532,Usia di bawah 45 tahun
SULAWESI TENGAH,KOTA PALU,7271,761,Usia 45 - 59 tahun
SULAWESI TENGAH,KOTA PALU,7271,742,Usia 60 tahun keatas
SULAWESI SELATAN,KEPULAUAN SELAYAR,7301,518,Usia di bawah 45 tahun
SULAWESI SELATAN,KEPULAUAN SELAYAR,7301,"1,329",Usia 45 - 59 tahun
SULAWESI SELATAN,KEPULAUAN SELAYAR,7301,"1,781",Usia 60 tahun keatas
SULAWESI SELATAN,BULUKUMBA,7302,"1,635",Usia di bawah 45 tahun
SULAWESI SELATAN,BULUKUMBA,7302,"3,765",Usia 45 - 59 tahun
SULAWESI SELATAN,BULUKUMBA,7302,"5,046",Usia 60 tahun keatas
SULAWESI SELATAN,BANTAENG,7303,606,Usia di bawah 45 tahun
SULAWESI SELATAN,BANTAENG,7303,993,Usia 45 - 59 tahun
SULAWESI SELATAN,BANTAENG,7303,"1,256",Usia 60 tahun keatas
SULAWESI SELATAN,JENEPONTO,7304,"1,602",Usia di bawah 45 tahun
SULAWESI SELATAN,JENEPONTO,7304,"2,907",Usia 45 - 59 tahun
SULAWESI SELATAN,JENEPONTO,7304,"3,193",Usia 60 tahun keatas
SULAWESI SELATAN,TAKALAR,7305,"1,015",Usia di bawah 45 tahun
SULAWESI SELATAN,TAKALAR,7305,"1,809",Usia 45 - 59 tahun
SULAWESI SELATAN,TAKALAR,7305,"2,351",Usia 60 tahun keatas
SULAWESI SELATAN,GOWA,7306,"2,142",Usia di bawah 45 tahun
SULAWESI SELATAN,GOWA,7306,"4,087",Usia 45 - 59 tahun
SULAWESI SELATAN,GOWA,7306,"5,511",Usia 60 tahun keatas
SULAWESI SELATAN,SINJAI,7307,742,Usia di bawah 45 tahun
SULAWESI SELATAN,SINJAI,7307,"1,507",Usia 45 - 59 tahun
SULAWESI SELATAN,SINJAI,7307,"2,341",Usia 60 tahun keatas
SULAWESI SELATAN,MAROS,7308,922,Usia di bawah 45 tahun
SULAWESI SELATAN,MAROS,7308,"2,179",Usia 45 - 59 tahun
SULAWESI SELATAN,MAROS,7308,"2,800",Usia 60 tahun keatas
SULAWESI SELATAN,PANGKAJENE DAN KEPULAUAN,7309,"1,099",Usia di bawah 45 tahun
SULAWESI SELATAN,PANGKAJENE DAN KEPULAUAN,7309,"2,389",Usia 45 - 59 tahun
SULAWESI SELATAN,PANGKAJENE DAN KEPULAUAN,7309,"2,972",Usia 60 tahun keatas
SULAWESI SELATAN,BARRU,7310,587,Usia di bawah 45 tahun
SULAWESI SELATAN,BARRU,7310,"1,399",Usia 45 - 59 tahun
SULAWESI SELATAN,BARRU,7310,"2,215",Usia 60 tahun keatas
SULAWESI SELATAN,BONE,7311,"3,083",Usia di bawah 45 tahun
SULAWESI SELATAN,BONE,7311,"7,377",Usia 45 - 59 tahun
SULAWESI SELATAN,BONE,7311,"11,020",Usia 60 tahun keatas
SULAWESI SELATAN,SOPPENG,7312,848,Usia di bawah 45 tahun
SULAWESI SELATAN,SOPPENG,7312,"2,260",Usia 45 - 59 tahun
SULAWESI SELATAN,SOPPENG,7312,"3,728",Usia 60 tahun keatas
SULAWESI SELATAN,WAJO,7313,"1,270",Usia di bawah 45 tahun
SULAWESI SELATAN,WAJO,7313,"3,229",Usia 45 - 59 tahun
SULAWESI SELATAN,WAJO,7313,"3,023",Usia 60 tahun keatas
SULAWESI SELATAN,SIDENRENG RAPPANG,7314,917,Usia di bawah 45 tahun
SULAWESI SELATAN,SIDENRENG RAPPANG,7314,"1,915",Usia 45 - 59 tahun
SULAWESI SELATAN,SIDENRENG RAPPANG,7314,"2,696",Usia 60 tahun keatas
SULAWESI SELATAN,PINRANG,7315,"1,159",Usia di bawah 45 tahun
SULAWESI SELATAN,PINRANG,7315,"2,266",Usia 45 - 59 tahun
SULAWESI SELATAN,PINRANG,7315,"3,160",Usia 60 tahun keatas
SULAWESI SELATAN,ENREKANG,7316,739,Usia di bawah 45 tahun
SULAWESI SELATAN,ENREKANG,7316,"1,386",Usia 45 - 59 tahun
SULAWESI SELATAN,ENREKANG,7316,"2,276",Usia 60 tahun keatas
SULAWESI SELATAN,LUWU,7317,"1,546",Usia di bawah 45 tahun
SULAWESI SELATAN,LUWU,7317,"1,977",Usia 45 - 59 tahun
SULAWESI SELATAN,LUWU,7317,"2,858",Usia 60 tahun keatas
SULAWESI SELATAN,TANA TORAJA,7318,776,Usia di bawah 45 tahun
SULAWESI SELATAN,TANA TORAJA,7318,"1,472",Usia 45 - 59 tahun
SULAWESI SELATAN,TANA TORAJA,7318,"2,448",Usia 60 tahun keatas
SULAWESI SELATAN,LUWU UTARA,7322,"1,095",Usia di bawah 45 tahun
SULAWESI SELATAN,LUWU UTARA,7322,"1,646",Usia 45 - 59 tahun
SULAWESI SELATAN,LUWU UTARA,7322,"2,391",Usia 60 tahun keatas
SULAWESI SELATAN,LUWU TIMUR,7325,596,Usia di bawah 45 tahun
SULAWESI SELATAN,LUWU TIMUR,7325,941,Usia 45 - 59 tahun
SULAWESI SELATAN,LUWU TIMUR,7325,"1,305",Usia 60 tahun keatas
SULAWESI SELATAN,TORAJA UTARA,7326,808,Usia di bawah 45 tahun
SULAWESI SELATAN,TORAJA UTARA,7326,"1,323",Usia 45 - 59 tahun
SULAWESI SELATAN,TORAJA UTARA,7326,"2,726",Usia 60 tahun keatas
SULAWESI SELATAN,KOTA MAKASSAR,7371,"2,120",Usia di bawah 45 tahun
SULAWESI SELATAN,KOTA MAKASSAR,7371,"3,268",Usia 45 - 59 tahun
SULAWESI SELATAN,KOTA MAKASSAR,7371,"3,700",Usia 60 tahun keatas
SULAWESI SELATAN,KOTA PAREPARE,7372,359,Usia di bawah 45 tahun
SULAWESI SELATAN,KOTA PAREPARE,7372,586,Usia 45 - 59 tahun
SULAWESI SELATAN,KOTA PAREPARE,7372,698,Usia 60 tahun keatas
SULAWESI SELATAN,KOTA PALOPO,7373,294,Usia di bawah 45 tahun
SULAWESI SELATAN,KOTA PALOPO,7373,370,Usia 45 - 59 tahun
SULAWESI SELATAN,KOTA PALOPO,7373,325,Usia 60 tahun keatas
SULAWESI TENGGARA,BUTON,7401,377,Usia di bawah 45 tahun
SULAWESI TENGGARA,BUTON,7401,546,Usia 45 - 59 tahun
SULAWESI TENGGARA,BUTON,7401,864,Usia 60 tahun keatas
SULAWESI TENGGARA,MUNA,7402,"1,705",Usia di bawah 45 tahun
SULAWESI TENGGARA,MUNA,7402,"2,178",Usia 45 - 59 tahun
SULAWESI TENGGARA,MUNA,7402,"3,431",Usia 60 tahun keatas
SULAWESI TENGGARA,KONAWE,7403,564,Usia di bawah 45 tahun
SULAWESI TENGGARA,KONAWE,7403,765,Usia 45 - 59 tahun
SULAWESI TENGGARA,KONAWE,7403,879,Usia 60 tahun keatas
SULAWESI TENGGARA,KOLAKA,7404,431,Usia di bawah 45 tahun
SULAWESI TENGGARA,KOLAKA,7404,525,Usia 45 - 59 tahun
SULAWESI TENGGARA,KOLAKA,7404,641,Usia 60 tahun keatas
SULAWESI TENGGARA,KONAWE SELATAN,7405,625,Usia di bawah 45 tahun
SULAWESI TENGGARA,KONAWE SELATAN,7405,940,Usia 45 - 59 tahun
SULAWESI TENGGARA,KONAWE SELATAN,7405,988,Usia 60 tahun keatas
SULAWESI TENGGARA,BOMBANA,7406,770,Usia di bawah 45 tahun
SULAWESI TENGGARA,BOMBANA,7406,"1,127",Usia 45 - 59 tahun
SULAWESI TENGGARA,BOMBANA,7406,"1,226",Usia 60 tahun keatas
SULAWESI TENGGARA,WAKATOBI,7407,472,Usia di bawah 45 tahun
SULAWESI TENGGARA,WAKATOBI,7407,341,Usia 45 - 59 tahun
SULAWESI TENGGARA,WAKATOBI,7407,367,Usia 60 tahun keatas
SULAWESI TENGGARA,KOLAKA UTARA,7408,586,Usia di bawah 45 tahun
SULAWESI TENGGARA,KOLAKA UTARA,7408,826,Usia 45 - 59 tahun
SULAWESI TENGGARA,KOLAKA UTARA,7408,667,Usia 60 tahun keatas
SULAWESI TENGGARA,BUTON UTARA,7409,251,Usia di bawah 45 tahun
SULAWESI TENGGARA,BUTON UTARA,7409,321,Usia 45 - 59 tahun
SULAWESI TENGGARA,BUTON UTARA,7409,603,Usia 60 tahun keatas
SULAWESI TENGGARA,KONAWE UTARA,7410,123,Usia di bawah 45 tahun
SULAWESI TENGGARA,KONAWE UTARA,7410,171,Usia 45 - 59 tahun
SULAWESI TENGGARA,KONAWE UTARA,7410,92,Usia 60 tahun keatas
SULAWESI TENGGARA,KOLAKA TIMUR,7411,261,Usia di bawah 45 tahun
SULAWESI TENGGARA,KOLAKA TIMUR,7411,402,Usia 45 - 59 tahun
SULAWESI TENGGARA,KOLAKA TIMUR,7411,435,Usia 60 tahun keatas
SULAWESI TENGGARA,KONAWE KEPULAUAN,7412,221,Usia di bawah 45 tahun
SULAWESI TENGGARA,KONAWE KEPULAUAN,7412,288,Usia 45 - 59 tahun
SULAWESI TENGGARA,KONAWE KEPULAUAN,7412,303,Usia 60 tahun keatas
SULAWESI TENGGARA,MUNA BARAT,7413,587,Usia di bawah 45 tahun
SULAWESI TENGGARA,MUNA BARAT,7413,875,Usia 45 - 59 tahun
SULAWESI TENGGARA,MUNA BARAT,7413,"1,284",Usia 60 tahun keatas
SULAWESI TENGGARA,BUTON TENGAH,7414,790,Usia di bawah 45 tahun
SULAWESI TENGGARA,BUTON TENGAH,7414,"1,004",Usia 45 - 59 tahun
SULAWESI TENGGARA,BUTON TENGAH,7414,"2,018",Usia 60 tahun keatas
SULAWESI TENGGARA,BUTON SELATAN,7415,475,Usia di bawah 45 tahun
SULAWESI TENGGARA,BUTON SELATAN,7415,497,Usia 45 - 59 tahun
SULAWESI TENGGARA,BUTON SELATAN,7415,959,Usia 60 tahun keatas
SULAWESI TENGGARA,KOTA KENDARI,7471,754,Usia di bawah 45 tahun
SULAWESI TENGGARA,KOTA KENDARI,7471,916,Usia 45 - 59 tahun
SULAWESI TENGGARA,KOTA KENDARI,7471,597,Usia 60 tahun keatas
SULAWESI TENGGARA,KOTA BAUBAU,7472,656,Usia di bawah 45 tahun
SULAWESI TENGGARA,KOTA BAUBAU,7472,947,Usia 45 - 59 tahun
SULAWESI TENGGARA,KOTA BAUBAU,7472,"1,312",Usia 60 tahun keatas
GORONTALO,BOALEMO,7501,323,Usia di bawah 45 tahun
GORONTALO,BOALEMO,7501,553,Usia 45 - 59 tahun
GORONTALO,BOALEMO,7501,618,Usia 60 tahun keatas
GORONTALO,GORONTALO,7502,"1,079",Usia di bawah 45 tahun
GORONTALO,GORONTALO,7502,"1,788",Usia 45 - 59 tahun
GORONTALO,GORONTALO,7502,"2,202",Usia 60 tahun keatas
GORONTALO,POHUWATO,7503,244,Usia di bawah 45 tahun
GORONTALO,POHUWATO,7503,351,Usia 45 - 59 tahun
GORONTALO,POHUWATO,7503,358,Usia 60 tahun keatas
GORONTALO,BONE BOLANGO,7504,371,Usia di bawah 45 tahun
GORONTALO,BONE BOLANGO,7504,558,Usia 45 - 59 tahun
GORONTALO,BONE BOLANGO,7504,784,Usia 60 tahun keatas
GORONTALO,GORONTALO UTARA,7505,267,Usia di bawah 45 tahun
GORONTALO,GORONTALO UTARA,7505,269,Usia 45 - 59 tahun
GORONTALO,GORONTALO UTARA,7505,391,Usia 60 tahun keatas
GORONTALO,KOTA GORONTALO,7571,512,Usia di bawah 45 tahun
GORONTALO,KOTA GORONTALO,7571,801,Usia 45 - 59 tahun
GORONTALO,KOTA GORONTALO,7571,783,Usia 60 tahun keatas
SULAWESI BARAT,MAJENE,7601,705,Usia di bawah 45 tahun
SULAWESI BARAT,MAJENE,7601,"1,223",Usia 45 - 59 tahun
SULAWESI BARAT,MAJENE,7601,"1,279",Usia 60 tahun keatas
SULAWESI BARAT,POLEWALI MANDAR,7602,"1,815",Usia di bawah 45 tahun
SULAWESI BARAT,POLEWALI MANDAR,7602,"3,186",Usia 45 - 59 tahun
SULAWESI BARAT,POLEWALI MANDAR,7602,"3,787",Usia 60 tahun keatas
SULAWESI BARAT,MAMASA,7603,698,Usia di bawah 45 tahun
SULAWESI BARAT,MAMASA,7603,962,Usia 45 - 59 tahun
SULAWESI BARAT,MAMASA,7603,"1,083",Usia 60 tahun keatas
SULAWESI BARAT,MAMUJU,7604,751,Usia di bawah 45 tahun
SULAWESI BARAT,MAMUJU,7604,981,Usia 45 - 59 tahun
SULAWESI BARAT,MAMUJU,7604,869,Usia 60 tahun keatas
SULAWESI BARAT,MAMUJU UTARA,7605,366,Usia di bawah 45 tahun
SULAWESI BARAT,MAMUJU UTARA,7605,466,Usia 45 - 59 tahun
SULAWESI BARAT,MAMUJU UTARA,7605,353,Usia 60 tahun keatas
SULAWESI BARAT,MAMUJU TENGAH,7606,229,Usia di bawah 45 tahun
SULAWESI BARAT,MAMUJU TENGAH,7606,362,Usia 45 - 59 tahun
SULAWESI BARAT,MAMUJU TENGAH,7606,290,Usia 60 tahun keatas
MALUKU,MALUKU TENGGARA BARAT,8101,204,Usia di bawah 45 tahun
MALUKU,MALUKU TENGGARA BARAT,8101,345,Usia 45 - 59 tahun
MALUKU,MALUKU TENGGARA BARAT,8101,385,Usia 60 tahun keatas
MALUKU,MALUKU TENGGARA,8102,170,Usia di bawah 45 tahun
MALUKU,MALUKU TENGGARA,8102,256,Usia 45 - 59 tahun
MALUKU,MALUKU TENGGARA,8102,216,Usia 60 tahun keatas
MALUKU,MALUKU TENGAH,8103,875,Usia di bawah 45 tahun
MALUKU,MALUKU TENGAH,8103,"1,729",Usia 45 - 59 tahun
MALUKU,MALUKU TENGAH,8103,"1,956",Usia 60 tahun keatas
MALUKU,BURU,8104,236,Usia di bawah 45 tahun
MALUKU,BURU,8104,278,Usia 45 - 59 tahun
MALUKU,BURU,8104,216,Usia 60 tahun keatas
MALUKU,KEPULAUAN ARU,8105,182,Usia di bawah 45 tahun
MALUKU,KEPULAUAN ARU,8105,228,Usia 45 - 59 tahun
MALUKU,KEPULAUAN ARU,8105,196,Usia 60 tahun keatas
MALUKU,SERAM BAGIAN BARAT,8106,407,Usia di bawah 45 tahun
MALUKU,SERAM BAGIAN BARAT,8106,778,Usia 45 - 59 tahun
MALUKU,SERAM BAGIAN BARAT,8106,856,Usia 60 tahun keatas
MALUKU,SERAM BAGIAN TIMUR,8107,299,Usia di bawah 45 tahun
MALUKU,SERAM BAGIAN TIMUR,8107,502,Usia 45 - 59 tahun
MALUKU,SERAM BAGIAN TIMUR,8107,331,Usia 60 tahun keatas
MALUKU,MALUKU BARAT DAYA,8108,190,Usia di bawah 45 tahun
MALUKU,MALUKU BARAT DAYA,8108,380,Usia 45 - 59 tahun
MALUKU,MALUKU BARAT DAYA,8108,470,Usia 60 tahun keatas
MALUKU,BURU SELATAN,8109,169,Usia di bawah 45 tahun
MALUKU,BURU SELATAN,8109,285,Usia 45 - 59 tahun
MALUKU,BURU SELATAN,8109,217,Usia 60 tahun keatas
MALUKU,KOTA AMBON,8171,761,Usia di bawah 45 tahun
MALUKU,KOTA AMBON,8171,"1,373",Usia 45 - 59 tahun
MALUKU,KOTA AMBON,8171,"1,469",Usia 60 tahun keatas
MALUKU,KOTA TUAL,8172,205,Usia di bawah 45 tahun
MALUKU,KOTA TUAL,8172,279,Usia 45 - 59 tahun
MALUKU,KOTA TUAL,8172,223,Usia 60 tahun keatas
MALUKU UTARA,HALMAHERA BARAT,8201,90,Usia di bawah 45 tahun
MALUKU UTARA,HALMAHERA BARAT,8201,163,Usia 45 - 59 tahun
MALUKU UTARA,HALMAHERA BARAT,8201,256,Usia 60 tahun keatas
MALUKU UTARA,HALMAHERA TENGAH,8202,132,Usia di bawah 45 tahun
MALUKU UTARA,HALMAHERA TENGAH,8202,169,Usia 45 - 59 tahun
MALUKU UTARA,HALMAHERA TENGAH,8202,180,Usia 60 tahun keatas
MALUKU UTARA,KEPULAUAN SULA,8203,121,Usia di bawah 45 tahun
MALUKU UTARA,KEPULAUAN SULA,8203,276,Usia 45 - 59 tahun
MALUKU UTARA,KEPULAUAN SULA,8203,215,Usia 60 tahun keatas
MALUKU UTARA,HALMAHERA SELATAN,8204,245,Usia di bawah 45 tahun
MALUKU UTARA,HALMAHERA SELATAN,8204,409,Usia 45 - 59 tahun
MALUKU UTARA,HALMAHERA SELATAN,8204,429,Usia 60 tahun keatas
MALUKU UTARA,HALMAHERA UTARA,8205,115,Usia di bawah 45 tahun
MALUKU UTARA,HALMAHERA UTARA,8205,159,Usia 45 - 59 tahun
MALUKU UTARA,HALMAHERA UTARA,8205,171,Usia 60 tahun keatas
MALUKU UTARA,HALMAHERA TIMUR,8206,157,Usia di bawah 45 tahun
MALUKU UTARA,HALMAHERA TIMUR,8206,213,Usia 45 - 59 tahun
MALUKU UTARA,HALMAHERA TIMUR,8206,292,Usia 60 tahun keatas
MALUKU UTARA,PULAU MOROTAI,8207,59,Usia di bawah 45 tahun
MALUKU UTARA,PULAU MOROTAI,8207,78,Usia 45 - 59 tahun
MALUKU UTARA,PULAU MOROTAI,8207,75,Usia 60 tahun keatas
MALUKU UTARA,PULAU TALIABU,8208,85,Usia di bawah 45 tahun
MALUKU UTARA,PULAU TALIABU,8208,148,Usia 45 - 59 tahun
MALUKU UTARA,PULAU TALIABU,8208,174,Usia 60 tahun keatas
MALUKU UTARA,KOTA TERNATE,8271,153,Usia di bawah 45 tahun
MALUKU UTARA,KOTA TERNATE,8271,302,Usia 45 - 59 tahun
MALUKU UTARA,KOTA TERNATE,8271,304,Usia 60 tahun keatas
MALUKU UTARA,KOTA TIDORE KEPULAUAN,8272,214,Usia di bawah 45 tahun
MALUKU UTARA,KOTA TIDORE KEPULAUAN,8272,476,Usia 45 - 59 tahun
MALUKU UTARA,KOTA TIDORE KEPULAUAN,8272,510,Usia 60 tahun keatas
PAPUA BARAT,FAKFAK,9101,269,Usia di bawah 45 tahun
PAPUA BARAT,FAKFAK,9101,407,Usia 45 - 59 tahun
PAPUA BARAT,FAKFAK,9101,250,Usia 60 tahun keatas
PAPUA BARAT,KAIMANA,9102,212,Usia di bawah 45 tahun
PAPUA BARAT,KAIMANA,9102,246,Usia 45 - 59 tahun
PAPUA BARAT,KAIMANA,9102,110,Usia 60 tahun keatas
PAPUA BARAT,TELUK WONDAMA,9103,87,Usia di bawah 45 tahun
PAPUA BARAT,TELUK WONDAMA,9103,134,Usia 45 - 59 tahun
PAPUA BARAT,TELUK WONDAMA,9103,92,Usia 60 tahun keatas
PAPUA BARAT,TELUK BINTUNI,9104,211,Usia di bawah 45 tahun
PAPUA BARAT,TELUK BINTUNI,9104,187,Usia 45 - 59 tahun
PAPUA BARAT,TELUK BINTUNI,9104,62,Usia 60 tahun keatas
PAPUA BARAT,MANOKWARI,9105,564,Usia di bawah 45 tahun
PAPUA BARAT,MANOKWARI,9105,655,Usia 45 - 59 tahun
PAPUA BARAT,MANOKWARI,9105,420,Usia 60 tahun keatas
PAPUA BARAT,SORONG SELATAN,9106,106,Usia di bawah 45 tahun
PAPUA BARAT,SORONG SELATAN,9106,90,Usia 45 - 59 tahun
PAPUA BARAT,SORONG SELATAN,9106,47,Usia 60 tahun keatas
PAPUA BARAT,SORONG,9107,174,Usia di bawah 45 tahun
PAPUA BARAT,SORONG,9107,274,Usia 45 - 59 tahun
PAPUA BARAT,SORONG,9107,209,Usia 60 tahun keatas
PAPUA BARAT,RAJA AMPAT,9108,94,Usia di bawah 45 tahun
PAPUA BARAT,RAJA AMPAT,9108,112,Usia 45 - 59 tahun
PAPUA BARAT,RAJA AMPAT,9108,71,Usia 60 tahun keatas
PAPUA BARAT,TAMBRAUW,9109,102,Usia di bawah 45 tahun
PAPUA BARAT,TAMBRAUW,9109,117,Usia 45 - 59 tahun
PAPUA BARAT,TAMBRAUW,9109,47,Usia 60 tahun keatas
PAPUA BARAT,MAYBRAT,9110,169,Usia di bawah 45 tahun
PAPUA BARAT,MAYBRAT,9110,240,Usia 45 - 59 tahun
PAPUA BARAT,MAYBRAT,9110,225,Usia 60 tahun keatas
PAPUA BARAT,MANOKWARI SELATAN,9111,149,Usia di bawah 45 tahun
PAPUA BARAT,MANOKWARI SELATAN,9111,200,Usia 45 - 59 tahun
PAPUA BARAT,MANOKWARI SELATAN,9111,96,Usia 60 tahun keatas
PAPUA BARAT,PEGUNUNGAN ARFAK,9112,200,Usia di bawah 45 tahun
PAPUA BARAT,PEGUNUNGAN ARFAK,9112,164,Usia 45 - 59 tahun
PAPUA BARAT,PEGUNUNGAN ARFAK,9112,43,Usia 60 tahun keatas
PAPUA BARAT,KOTA SORONG,9171,549,Usia di bawah 45 tahun
PAPUA BARAT,KOTA SORONG,9171,610,Usia 45 - 59 tahun
PAPUA BARAT,KOTA SORONG,9171,394,Usia 60 tahun keatas
PAPUA,MERAUKE,9401,453,Usia di bawah 45 tahun
PAPUA,MERAUKE,9401,677,Usia 45 - 59 tahun
PAPUA,MERAUKE,9401,452,Usia 60 tahun keatas
PAPUA,JAYAWIJAYA,9402,593,Usia di bawah 45 tahun
PAPUA,JAYAWIJAYA,9402,617,Usia 45 - 59 tahun
PAPUA,JAYAWIJAYA,9402,33,Usia 60 tahun keatas
PAPUA,JAYAPURA,9403,418,Usia di bawah 45 tahun
PAPUA,JAYAPURA,9403,481,Usia 45 - 59 tahun
PAPUA,JAYAPURA,9403,429,Usia 60 tahun keatas
PAPUA,NABIRE,9404,346,Usia di bawah 45 tahun
PAPUA,NABIRE,9404,464,Usia 45 - 59 tahun
PAPUA,NABIRE,9404,320,Usia 60 tahun keatas
PAPUA,KEPULAUAN YAPEN,9408,345,Usia di bawah 45 tahun
PAPUA,KEPULAUAN YAPEN,9408,447,Usia 45 - 59 tahun
PAPUA,KEPULAUAN YAPEN,9408,356,Usia 60 tahun keatas
PAPUA,BIAK NUMFOR,9409,639,Usia di bawah 45 tahun
PAPUA,BIAK NUMFOR,9409,959,Usia 45 - 59 tahun
PAPUA,BIAK NUMFOR,9409,867,Usia 60 tahun keatas
PAPUA,PANIAI,9410,488,Usia di bawah 45 tahun
PAPUA,PANIAI,9410,156,Usia 45 - 59 tahun
PAPUA,PANIAI,9410,3,Usia 60 tahun keatas
PAPUA,PUNCAK JAYA,9411,75,Usia di bawah 45 tahun
PAPUA,PUNCAK JAYA,9411,46,Usia 45 - 59 tahun
PAPUA,PUNCAK JAYA,9411,14,Usia 60 tahun keatas
PAPUA,MIMIKA,9412,882,Usia di bawah 45 tahun
PAPUA,MIMIKA,9412,606,Usia 45 - 59 tahun
PAPUA,MIMIKA,9412,230,Usia 60 tahun keatas
PAPUA,BOVEN DIGOEL,9413,339,Usia di bawah 45 tahun
PAPUA,BOVEN DIGOEL,9413,315,Usia 45 - 59 tahun
PAPUA,BOVEN DIGOEL,9413,88,Usia 60 tahun keatas
PAPUA,MAPPI,9414,555,Usia di bawah 45 tahun
PAPUA,MAPPI,9414,445,Usia 45 - 59 tahun
PAPUA,MAPPI,9414,114,Usia 60 tahun keatas
PAPUA,ASMAT,9415,694,Usia di bawah 45 tahun
PAPUA,ASMAT,9415,458,Usia 45 - 59 tahun
PAPUA,ASMAT,9415,100,Usia 60 tahun keatas
PAPUA,YAHUKIMO,9416,356,Usia di bawah 45 tahun
PAPUA,YAHUKIMO,9416,180,Usia 45 - 59 tahun
PAPUA,YAHUKIMO,9416,3,Usia 60 tahun keatas
PAPUA,PEGUNUNGAN BINTANG,9417,781,Usia di bawah 45 tahun
PAPUA,PEGUNUNGAN BINTANG,9417,402,Usia 45 - 59 tahun
PAPUA,PEGUNUNGAN BINTANG,9417,63,Usia 60 tahun keatas
PAPUA,TOLIKARA,9418,116,Usia di bawah 45 tahun
PAPUA,TOLIKARA,9418,65,Usia 45 - 59 tahun
PAPUA,TOLIKARA,9418,4,Usia 60 tahun keatas
PAPUA,SARMI,9419,94,Usia di bawah 45 tahun
PAPUA,SARMI,9419,86,Usia 45 - 59 tahun
PAPUA,SARMI,9419,36,Usia 60 tahun keatas
PAPUA,KEEROM,9420,225,Usia di bawah 45 tahun
PAPUA,KEEROM,9420,376,Usia 45 - 59 tahun
PAPUA,KEEROM,9420,205,Usia 60 tahun keatas
PAPUA,WAROPEN,9426,65,Usia di bawah 45 tahun
PAPUA,WAROPEN,9426,65,Usia 45 - 59 tahun
PAPUA,WAROPEN,9426,82,Usia 60 tahun keatas
PAPUA,SUPIORI,9427,47,Usia di bawah 45 tahun
PAPUA,SUPIORI,9427,105,Usia 45 - 59 tahun
PAPUA,SUPIORI,9427,140,Usia 60 tahun keatas
PAPUA,MAMBERAMO RAYA,9428,25,Usia di bawah 45 tahun
PAPUA,MAMBERAMO RAYA,9428,20,Usia 45 - 59 tahun
PAPUA,MAMBERAMO RAYA,9428,3,Usia 60 tahun keatas
PAPUA,NDUGA,9429,0,Usia di bawah 45 tahun
PAPUA,NDUGA,9429,0,Usia 45 - 59 tahun
PAPUA,NDUGA,9429,0,Usia 60 tahun keatas
PAPUA,LANNY JAYA,9430,113,Usia di bawah 45 tahun
PAPUA,LANNY JAYA,9430,102,Usia 45 - 59 tahun
PAPUA,LANNY JAYA,9430,7,Usia 60 tahun keatas
PAPUA,MAMBERAMO TENGAH,9431,8,Usia di bawah 45 tahun
PAPUA,MAMBERAMO TENGAH,9431,20,Usia 45 - 59 tahun
PAPUA,MAMBERAMO TENGAH,9431,5,Usia 60 tahun keatas
PAPUA,YALIMO,9432,11,Usia di bawah 45 tahun
PAPUA,YALIMO,9432,13,Usia 45 - 59 tahun
PAPUA,YALIMO,9432,0,Usia 60 tahun keatas
PAPUA,PUNCAK,9433,110,Usia di bawah 45 tahun
PAPUA,PUNCAK,9433,57,Usia 45 - 59 tahun
PAPUA,PUNCAK,9433,14,Usia 60 tahun keatas
PAPUA,DOGIYAI,9434,360,Usia di bawah 45 tahun
PAPUA,DOGIYAI,9434,145,Usia 45 - 59 tahun
PAPUA,DOGIYAI,9434,5,Usia 60 tahun keatas
PAPUA,INTAN JAYA,9435,7,Usia di bawah 45 tahun
PAPUA,INTAN JAYA,9435,8,Usia 45 - 59 tahun
PAPUA,INTAN JAYA,9435,0,Usia 60 tahun keatas
PAPUA,DEIYAI,9436,343,Usia di bawah 45 tahun
PAPUA,DEIYAI,9436,48,Usia 45 - 59 tahun
PAPUA,DEIYAI,9436,0,Usia 60 tahun keatas
PAPUA,KOTA JAYAPURA,9471,855,Usia di bawah 45 tahun
PAPUA,KOTA JAYAPURA,9471,"1,163",Usia 45 - 59 tahun
PAPUA,KOTA JAYAPURA,9471,909,Usia 60 tahun keatas
