Provinsi,NamaKab/Kota,KodeKab/Kota,Jenis kelamin,Jumlah IndividuUsia di bawah 6 tahun,Jumlah IndividuUsia 6 - 14 tahun,Jumlah IndividuUsia 15 - 44 tahun,Jumlah IndividuUsia 45 - 59 tahun,Jumlah IndividuUsia 60 tahun ke atas
ACEH,SIMEULUE,1101,P,"2,317","5,091","10,094","3,114","1,612"
ACEH,SIMEULUE,1101,L,"2,583","5,523","10,736","3,195","1,475"
ACEH,ACEH SINGKIL,1102,P,"3,343","6,663","13,255","3,088","1,455"
ACEH,ACEH SINGKIL,1102,L,"3,369","7,030","13,723","3,052","1,310"
ACEH,ACEH SELATAN,1103,P,"5,438","10,620","27,459","8,610","5,754"
ACEH,ACEH SELATAN,1103,L,"5,729","11,289","28,035","8,413","4,437"
ACEH,ACEH TENGGARA,1104,P,"3,937","9,004","19,136","4,022",800
ACEH,ACEH TENGGARA,1104,L,"4,348","9,951","19,892","4,470",831
ACEH,ACEH TIMUR,1105,P,"10,526","21,998","51,090","12,811","6,508"
ACEH,ACEH TIMUR,1105,L,"11,258","23,332","51,110","12,076","5,264"
ACEH,ACEH TENGAH,1106,P,"3,915","6,903","17,866","4,472","2,469"
ACEH,ACEH TENGAH,1106,L,"4,208","7,354","18,818","4,522","1,990"
ACEH,ACEH BARAT,1107,P,"3,107","6,465","18,254","5,765","3,264"
ACEH,ACEH BARAT,1107,L,"3,414","6,826","19,149","5,943","2,969"
ACEH,ACEH BESAR,1108,P,"8,084","15,225","35,511","9,830","7,915"
ACEH,ACEH BESAR,1108,L,"8,579","16,744","37,107","10,764","5,766"
ACEH,PIDIE,1109,P,"11,344","22,487","52,228","12,851","9,156"
ACEH,PIDIE,1109,L,"11,737","23,456","51,011","12,965","7,633"
ACEH,BIREUEN,1110,P,"9,903","20,759","55,370","16,051","10,143"
ACEH,BIREUEN,1110,L,"10,584","22,149","56,805","14,728","7,123"
ACEH,ACEH UTARA,1111,P,"16,718","33,193","81,875","20,904","13,577"
ACEH,ACEH UTARA,1111,L,"17,684","35,499","79,966","19,702","10,040"
ACEH,ACEH BARAT DAYA,1112,P,"3,469","6,869","19,740","5,458","2,371"
ACEH,ACEH BARAT DAYA,1112,L,"3,828","7,507","20,063","6,135","2,436"
ACEH,GAYO LUES,1113,P,"1,885","3,663","8,554","1,917",556
ACEH,GAYO LUES,1113,L,"2,059","3,903","9,169","2,107",616
ACEH,ACEH TAMIANG,1114,P,"5,741","11,151","25,290","8,071","4,709"
ACEH,ACEH TAMIANG,1114,L,"5,929","11,787","27,006","7,430","3,543"
ACEH,NAGAN RAYA,1115,P,"2,819","6,025","16,750","5,268","3,784"
ACEH,NAGAN RAYA,1115,L,"3,009","6,359","16,875","4,733","2,991"
ACEH,ACEH JAYA,1116,P,"1,385","3,093","7,344","2,150","1,160"
ACEH,ACEH JAYA,1116,L,"1,518","3,136","7,561","2,250","1,199"
ACEH,BENER MERIAH,1117,P,"2,498","4,597","9,894","1,820",759
ACEH,BENER MERIAH,1117,L,"2,659","4,878","9,774","2,238",816
ACEH,PIDIE JAYA,1118,P,"3,761","7,850","19,068","5,307","4,454"
ACEH,PIDIE JAYA,1118,L,"4,164","8,397","19,242","5,084","3,156"
ACEH,KOTA BANDA ACEH,1171,P,"2,303","3,606","8,375","2,273",834
ACEH,KOTA BANDA ACEH,1171,L,"2,373","3,865","8,258","2,643",811
ACEH,KOTA SABANG,1172,P,518,887,"2,000",656,380
ACEH,KOTA SABANG,1172,L,585,"1,065","1,990",670,331
ACEH,KOTA LANGSA,1173,P,"2,607","5,115","11,745","2,897",672
ACEH,KOTA LANGSA,1173,L,"2,881","5,546","12,390","3,322",905
ACEH,KOTA LHOKSEUMAWE,1174,P,"2,552","6,147","14,654","3,835","1,269"
ACEH,KOTA LHOKSEUMAWE,1174,L,"2,823","6,588","15,033","4,083","1,435"
ACEH,KOTA SUBULUSSALAM,1175,P,"2,139","4,605","8,109","1,586",607
ACEH,KOTA SUBULUSSALAM,1175,L,"2,373","4,949","8,297","1,680",627
SUMATERA UTARA,NIAS,1201,P,"6,844","14,057","24,778","5,638","2,967"
SUMATERA UTARA,NIAS,1201,L,"7,570","14,944","23,787","4,652","2,578"
SUMATERA UTARA,MANDAILING NATAL,1202,P,"9,479","19,304","29,136","7,837","4,860"
SUMATERA UTARA,MANDAILING NATAL,1202,L,"10,123","20,310","28,791","7,495","3,410"
SUMATERA UTARA,TAPANULI SELATAN,1203,P,"4,095","10,120","15,679","5,532","3,981"
SUMATERA UTARA,TAPANULI SELATAN,1203,L,"4,367","10,847","16,037","4,507","2,122"
SUMATERA UTARA,TAPANULI TENGAH,1204,P,"7,849","18,223","26,176","8,680","5,449"
SUMATERA UTARA,TAPANULI TENGAH,1204,L,"8,299","19,312","27,559","7,837","3,252"
SUMATERA UTARA,TAPANULI UTARA,1205,P,"7,257","15,259","19,820","8,373","5,973"
SUMATERA UTARA,TAPANULI UTARA,1205,L,"7,721","16,094","21,557","7,799","3,419"
SUMATERA UTARA,TOBA SAMOSIR,1206,P,"3,660","6,565","8,001","2,211",854
SUMATERA UTARA,TOBA SAMOSIR,1206,L,"3,849","6,988","7,988","2,444",679
SUMATERA UTARA,LABUHAN BATU,1207,P,"4,327","11,651","21,721","6,516","3,820"
SUMATERA UTARA,LABUHAN BATU,1207,L,"4,581","12,308","23,521","6,045","2,691"
SUMATERA UTARA,ASAHAN,1208,P,"8,778","18,090","30,232","9,361","5,589"
SUMATERA UTARA,ASAHAN,1208,L,"9,267","18,736","32,787","8,816","4,442"
SUMATERA UTARA,SIMALUNGUN,1209,P,"8,751","19,955","32,323","12,537","9,584"
SUMATERA UTARA,SIMALUNGUN,1209,L,"9,260","21,468","34,851","11,060","6,785"
SUMATERA UTARA,DAIRI,1210,P,"5,769","12,221","15,256","4,594","2,376"
SUMATERA UTARA,DAIRI,1210,L,"6,014","12,886","16,058","4,586","1,672"
SUMATERA UTARA,KARO,1211,P,"6,049","12,880","23,237","5,999","1,879"
SUMATERA UTARA,KARO,1211,L,"6,751","13,779","24,243","6,574","2,024"
SUMATERA UTARA,DELI SERDANG,1212,P,"13,138","37,292","86,313","34,917","24,865"
SUMATERA UTARA,DELI SERDANG,1212,L,"14,195","40,250","93,511","29,159","17,737"
SUMATERA UTARA,LANGKAT,1213,P,"19,788","40,054","84,737","25,862","14,838"
SUMATERA UTARA,LANGKAT,1213,L,"21,198","42,109","90,001","25,446","12,763"
SUMATERA UTARA,NIAS SELATAN,1214,P,"11,802","25,697","51,874","9,762","3,224"
SUMATERA UTARA,NIAS SELATAN,1214,L,"12,776","28,463","50,436","9,898","3,858"
SUMATERA UTARA,HUMBANG HASUNDUTAN,1215,P,"4,499","8,894","9,939","3,181","3,001"
SUMATERA UTARA,HUMBANG HASUNDUTAN,1215,L,"4,903","9,363","10,008","3,099","1,697"
SUMATERA UTARA,PAKPAK BHARAT,1216,P,"1,040","2,056","2,507",480,154
SUMATERA UTARA,PAKPAK BHARAT,1216,L,"1,078","2,164","2,567",532,173
SUMATERA UTARA,SAMOSIR,1217,P,"2,912","6,182","6,426","1,849",723
SUMATERA UTARA,SAMOSIR,1217,L,"3,096","6,424","6,287","2,023",587
SUMATERA UTARA,SERDANG BEDAGAI,1218,P,"8,211","17,438","31,544","11,139","6,731"
SUMATERA UTARA,SERDANG BEDAGAI,1218,L,"8,619","18,491","34,226","10,566","4,929"
SUMATERA UTARA,BATU BARA,1219,P,"8,727","18,937","37,918","12,398","7,929"
SUMATERA UTARA,BATU BARA,1219,L,"9,460","20,474","41,354","11,499","5,964"
SUMATERA UTARA,PADANG LAWAS UTARA,1220,P,"4,318","8,336","12,362","2,266",572
SUMATERA UTARA,PADANG LAWAS UTARA,1220,L,"4,626","8,859","12,097","2,423",608
SUMATERA UTARA,PADANG LAWAS,1221,P,"5,548","11,326","18,129","3,977","1,391"
SUMATERA UTARA,PADANG LAWAS,1221,L,"5,915","12,162","18,391","3,933","1,214"
SUMATERA UTARA,LABUHAN BATU SELATAN,1222,P,"2,425","5,234","9,688","2,318",773
SUMATERA UTARA,LABUHAN BATU SELATAN,1222,L,"2,606","5,746","10,023","2,389",668
SUMATERA UTARA,LABUHAN BATU UTARA,1223,P,"4,707","10,557","18,022","4,934","3,363"
SUMATERA UTARA,LABUHAN BATU UTARA,1223,L,"5,093","11,229","19,332","4,770","2,290"
SUMATERA UTARA,NIAS UTARA,1224,P,"6,614","13,634","24,993","5,733","3,129"
SUMATERA UTARA,NIAS UTARA,1224,L,"7,423","15,205","24,804","4,904","2,777"
SUMATERA UTARA,NIAS BARAT,1225,P,"4,195","8,374","15,985","4,226","1,990"
SUMATERA UTARA,NIAS BARAT,1225,L,"4,606","8,867","15,183","3,370","1,665"
SUMATERA UTARA,KOTA SIBOLGA,1271,P,"1,338","3,281","5,453","1,583",788
SUMATERA UTARA,KOTA SIBOLGA,1271,L,"1,467","3,501","5,990","1,527",502
SUMATERA UTARA,KOTA TANJUNG BALAI,1272,P,"3,101","7,406","15,040","4,664","2,082"
SUMATERA UTARA,KOTA TANJUNG BALAI,1272,L,"3,409","8,225","17,062","4,555","1,705"
SUMATERA UTARA,KOTA PEMATANG SIANTAR,1273,P,"2,880","7,171","15,264","6,494","3,584"
SUMATERA UTARA,KOTA PEMATANG SIANTAR,1273,L,"2,978","7,836","16,618","5,707","2,489"
SUMATERA UTARA,KOTA TEBING TINGGI,1274,P,"1,982","4,576","9,426","3,651","1,971"
SUMATERA UTARA,KOTA TEBING TINGGI,1274,L,"2,329","4,901","10,172","3,228","1,569"
SUMATERA UTARA,KOTA MEDAN,1275,P,"18,940","47,533","105,428","37,519","18,438"
SUMATERA UTARA,KOTA MEDAN,1275,L,"20,455","51,623","113,790","35,462","14,372"
SUMATERA UTARA,KOTA BINJAI,1276,P,"2,161","5,800","13,558","5,474","2,984"
SUMATERA UTARA,KOTA BINJAI,1276,L,"2,427","6,340","14,912","5,036","2,270"
SUMATERA UTARA,KOTA PADANGSIDIMPUAN,1277,P,"2,198","5,428","10,106","3,311","1,818"
SUMATERA UTARA,KOTA PADANGSIDIMPUAN,1277,L,"2,238","5,741","10,458","2,961","1,049"
SUMATERA UTARA,KOTA GUNUNGSITOLI,1278,P,"4,492","8,419","15,182","4,053","2,577"
SUMATERA UTARA,KOTA GUNUNGSITOLI,1278,L,"4,824","9,063","14,866","3,190","1,789"
SUMATERA BARAT,KEPULAUAN MENTAWAI,1301,P,"2,365","5,519","8,663","1,716",302
SUMATERA BARAT,KEPULAUAN MENTAWAI,1301,L,"2,576","6,126","9,409","2,548",476
SUMATERA BARAT,PESISIR SELATAN,1302,P,"7,723","19,044","39,337","12,720","6,799"
SUMATERA BARAT,PESISIR SELATAN,1302,L,"8,466","20,976","42,396","13,379","6,012"
SUMATERA BARAT,SOLOK,1303,P,"6,490","15,363","29,850","9,534","4,625"
SUMATERA BARAT,SOLOK,1303,L,"6,974","16,116","31,726","9,585","4,074"
SUMATERA BARAT,SIJUNJUNG,1304,P,"2,720","6,106","10,085","3,484","2,343"
SUMATERA BARAT,SIJUNJUNG,1304,L,"3,116","6,319","11,051","3,294","1,800"
SUMATERA BARAT,TANAH DATAR,1305,P,"4,107","9,694","16,911","6,491","4,541"
SUMATERA BARAT,TANAH DATAR,1305,L,"4,326","10,674","16,914","6,993","3,674"
SUMATERA BARAT,PADANG PARIAMAN,1306,P,"5,675","14,735","24,362","9,569","8,590"
SUMATERA BARAT,PADANG PARIAMAN,1306,L,"6,212","16,167","25,213","9,289","6,061"
SUMATERA BARAT,AGAM,1307,P,"4,603","10,903","17,131","6,773","5,540"
SUMATERA BARAT,AGAM,1307,L,"4,960","12,124","18,853","7,213","4,549"
SUMATERA BARAT,LIMA PULUH KOTA,1308,P,"5,354","12,581","23,926","9,424","8,709"
SUMATERA BARAT,LIMA PULUH KOTA,1308,L,"5,840","13,900","25,855","9,147","6,241"
SUMATERA BARAT,PASAMAN,1309,P,"5,613","13,531","23,839","7,744","3,826"
SUMATERA BARAT,PASAMAN,1309,L,"6,179","14,197","25,245","7,703","3,194"
SUMATERA BARAT,SOLOK SELATAN,1310,P,"2,246","5,090","10,096","2,918","1,264"
SUMATERA BARAT,SOLOK SELATAN,1310,L,"2,398","5,393","10,537","3,152","1,397"
SUMATERA BARAT,DHARMASRAYA,1311,P,"1,280","3,370","5,995","1,912","1,322"
SUMATERA BARAT,DHARMASRAYA,1311,L,"1,361","3,601","6,611","2,028","1,096"
SUMATERA BARAT,PASAMAN BARAT,1312,P,"7,767","17,902","36,140","11,436","6,584"
SUMATERA BARAT,PASAMAN BARAT,1312,L,"8,506","19,129","38,079","11,018","4,624"
SUMATERA BARAT,KOTA PADANG,1371,P,"8,409","20,566","43,684","14,706","8,023"
SUMATERA BARAT,KOTA PADANG,1371,L,"8,951","22,623","47,726","14,728","6,422"
SUMATERA BARAT,KOTA SOLOK,1372,P,617,"1,325","2,499",701,329
SUMATERA BARAT,KOTA SOLOK,1372,L,639,"1,386","2,668",774,293
SUMATERA BARAT,KOTA SAWAH LUNTO,1373,P,308,691,"1,159",579,477
SUMATERA BARAT,KOTA SAWAH LUNTO,1373,L,367,792,"1,216",548,292
SUMATERA BARAT,KOTA PADANG PANJANG,1374,P,480,980,"1,658",550,479
SUMATERA BARAT,KOTA PADANG PANJANG,1374,L,470,"1,133","1,709",574,342
SUMATERA BARAT,KOTA BUKITTINGGI,1375,P,771,"1,899","3,492","1,257",710
SUMATERA BARAT,KOTA BUKITTINGGI,1375,L,831,"2,112","3,652","1,321",531
SUMATERA BARAT,KOTA PAYAKUMBUH,1376,P,"1,506","3,254","5,887","1,946","1,482"
SUMATERA BARAT,KOTA PAYAKUMBUH,1376,L,"1,637","3,395","6,595","2,089","1,158"
SUMATERA BARAT,KOTA PARIAMAN,1377,P,"1,059","2,414","4,160","1,593","1,386"
SUMATERA BARAT,KOTA PARIAMAN,1377,L,"1,088","2,737","4,278","1,661",864
RIAU,KUANTAN SINGINGI,1401,P,"3,478","6,927","15,513","5,642","4,708"
RIAU,KUANTAN SINGINGI,1401,L,"3,793","7,397","17,189","4,767","3,176"
RIAU,INDRAGIRI HULU,1402,P,"6,743","13,468","32,431","9,025","4,730"
RIAU,INDRAGIRI HULU,1402,L,"7,333","14,598","34,649","9,138","4,247"
RIAU,INDRAGIRI HILIR,1403,P,"6,915","16,836","39,096","11,393","4,251"
RIAU,INDRAGIRI HILIR,1403,L,"7,518","17,880","41,886","12,296","4,987"
RIAU,PELALAWAN,1404,P,"4,310","8,400","19,027","4,657","1,988"
RIAU,PELALAWAN,1404,L,"4,581","9,072","20,213","5,070","1,913"
RIAU,S I A K,1405,P,"4,109","9,281","20,828","5,656","2,751"
RIAU,S I A K,1405,L,"4,317","9,871","21,902","5,882","2,460"
RIAU,KAMPAR,1406,P,"11,465","23,958","55,817","14,929","7,119"
RIAU,KAMPAR,1406,L,"12,187","26,158","58,836","15,864","6,034"
RIAU,ROKAN HULU,1407,P,"5,793","11,367","25,731","7,183","4,487"
RIAU,ROKAN HULU,1407,L,"6,172","11,953","27,063","6,548","3,438"
RIAU,BENGKALIS,1408,P,"4,811","11,693","25,960","8,506","5,356"
RIAU,BENGKALIS,1408,L,"5,301","12,449","28,423","8,001","4,411"
RIAU,ROKAN HILIR,1409,P,"10,012","22,803","49,848","13,145","6,068"
RIAU,ROKAN HILIR,1409,L,"10,835","24,768","53,094","13,803","5,664"
RIAU,KEPULAUAN MERANTI,1410,P,"3,934","9,260","22,626","7,395","3,869"
RIAU,KEPULAUAN MERANTI,1410,L,"4,148","9,905","25,243","7,781","3,961"
RIAU,KOTA PEKANBARU,1471,P,"6,401","14,206","26,632","7,007","3,061"
RIAU,KOTA PEKANBARU,1471,L,"6,867","15,397","26,799","7,718","2,810"
RIAU,KOTA DUMAI,1473,P,"3,136","7,403","15,351","4,633","2,290"
RIAU,KOTA DUMAI,1473,L,"3,414","8,113","16,615","4,619","2,179"
JAMBI,KERINCI,1501,P,"3,048","6,832","18,339","7,898","7,247"
JAMBI,KERINCI,1501,L,"3,270","7,510","19,504","6,908","5,354"
JAMBI,MERANGIN,1502,P,"3,660","7,867","19,477","6,382","3,544"
JAMBI,MERANGIN,1502,L,"3,863","8,656","20,986","5,832","3,087"
JAMBI,SAROLANGUN,1503,P,"4,071","8,276","19,093","6,090","3,775"
JAMBI,SAROLANGUN,1503,L,"4,344","9,164","20,342","5,810","3,021"
JAMBI,BATANG HARI,1504,P,"3,976","7,744","18,857","6,085","3,455"
JAMBI,BATANG HARI,1504,L,"4,347","8,346","20,552","5,713","2,911"
JAMBI,MUARO JAMBI,1505,P,"3,517","7,410","17,075","4,869","2,030"
JAMBI,MUARO JAMBI,1505,L,"3,594","7,914","18,323","5,048","2,015"
JAMBI,TANJUNG JABUNG TIMUR,1506,P,"2,729","5,832","14,620","4,650","3,316"
JAMBI,TANJUNG JABUNG TIMUR,1506,L,"2,879","5,921","15,536","4,640","3,243"
JAMBI,TANJUNG JABUNG BARAT,1507,P,"4,429","9,077","22,409","6,516","3,659"
JAMBI,TANJUNG JABUNG BARAT,1507,L,"4,959","9,844","24,899","6,936","3,423"
JAMBI,TEBO,1508,P,"3,433","6,609","17,091","5,617","4,107"
JAMBI,TEBO,1508,L,"3,665","7,324","18,727","4,890","3,072"
JAMBI,BUNGO,1509,P,"3,308","7,048","14,830","4,601","3,418"
JAMBI,BUNGO,1509,L,"3,494","7,649","16,187","4,227","2,379"
JAMBI,KOTA JAMBI,1571,P,"5,319","11,887","30,726","10,891","5,214"
JAMBI,KOTA JAMBI,1571,L,"5,601","12,951","32,978","11,197","4,832"
JAMBI,KOTA SUNGAI PENUH,1572,P,672,"1,714","4,358","1,717","1,512"
JAMBI,KOTA SUNGAI PENUH,1572,L,770,"1,966","4,659","1,450","1,158"
SUMATERA SELATAN,OGAN KOMERING ULU,1601,P,"3,567","8,401","21,004","7,368","4,327"
SUMATERA SELATAN,OGAN KOMERING ULU,1601,L,"3,871","9,017","23,684","7,146","3,839"
SUMATERA SELATAN,OGAN KOMERING ILIR,1602,P,"11,271","25,426","61,611","20,633","11,851"
SUMATERA SELATAN,OGAN KOMERING ILIR,1602,L,"11,826","27,248","67,250","20,762","10,811"
SUMATERA SELATAN,MUARA ENIM,1603,P,"9,097","21,475","48,223","15,582","9,716"
SUMATERA SELATAN,MUARA ENIM,1603,L,"9,536","23,018","53,845","15,519","7,715"
SUMATERA SELATAN,LAHAT,1604,P,"5,868","13,893","31,732","10,284","6,938"
SUMATERA SELATAN,LAHAT,1604,L,"6,286","14,777","36,514","10,949","5,676"
SUMATERA SELATAN,MUSI RAWAS,1605,P,"5,752","13,526","34,896","11,280","6,981"
SUMATERA SELATAN,MUSI RAWAS,1605,L,"6,137","14,514","37,958","11,343","6,720"
SUMATERA SELATAN,MUSI BANYUASIN,1606,P,"7,727","18,095","46,999","14,279","9,054"
SUMATERA SELATAN,MUSI BANYUASIN,1606,L,"8,236","19,798","50,767","13,917","8,377"
SUMATERA SELATAN,BANYU ASIN,1607,P,"12,500","30,183","75,104","23,497","14,029"
SUMATERA SELATAN,BANYU ASIN,1607,L,"13,568","32,830","82,237","24,103","13,621"
SUMATERA SELATAN,OGAN KOMERING ULU SELATAN,1608,P,"5,877","14,497","36,365","11,682","5,169"
SUMATERA SELATAN,OGAN KOMERING ULU SELATAN,1608,L,"6,194","15,895","40,322","12,901","5,773"
SUMATERA SELATAN,OGAN KOMERING ULU TIMUR,1609,P,"6,491","13,541","32,514","8,365","4,697"
SUMATERA SELATAN,OGAN KOMERING ULU TIMUR,1609,L,"6,539","13,747","33,137","9,127","4,382"
SUMATERA SELATAN,OGAN ILIR,1610,P,"7,110","16,287","38,048","15,076","9,375"
SUMATERA SELATAN,OGAN ILIR,1610,L,"7,623","17,426","42,558","14,206","7,428"
SUMATERA SELATAN,EMPAT LAWANG,1611,P,"2,873","7,794","17,753","7,124","4,618"
SUMATERA SELATAN,EMPAT LAWANG,1611,L,"3,132","8,354","21,291","6,812","3,645"
SUMATERA SELATAN,PENUKAL ABAB LEMATANG ILIR,1612,P,"3,107","7,601","16,026","4,808","2,761"
SUMATERA SELATAN,PENUKAL ABAB LEMATANG ILIR,1612,L,"3,423","8,358","17,210","4,545","2,220"
SUMATERA SELATAN,MUSI RAWAS UTARA,1613,P,"2,349","6,005","15,027","5,479","2,828"
SUMATERA SELATAN,MUSI RAWAS UTARA,1613,L,"2,429","6,701","15,814","4,976","2,267"
SUMATERA SELATAN,KOTA PALEMBANG,1671,P,"13,458","36,605","86,313","31,508","16,665"
SUMATERA SELATAN,KOTA PALEMBANG,1671,L,"14,831","39,090","94,263","30,839","14,393"
SUMATERA SELATAN,KOTA PRABUMULIH,1672,P,"2,031","4,243","9,426","2,941","1,892"
SUMATERA SELATAN,KOTA PRABUMULIH,1672,L,"2,246","4,528","10,260","2,798","1,464"
SUMATERA SELATAN,KOTA PAGAR ALAM,1673,P,"1,232","3,275","7,699","2,750","1,964"
SUMATERA SELATAN,KOTA PAGAR ALAM,1673,L,"1,245","3,496","9,454","2,922","1,585"
SUMATERA SELATAN,KOTA LUBUKLINGGAU,1674,P,"1,705","4,675","11,401","3,702","1,809"
SUMATERA SELATAN,KOTA LUBUKLINGGAU,1674,L,"1,849","4,991","12,571","3,651","1,573"
BENGKULU,BENGKULU SELATAN,1701,P,"2,140","4,419","9,420","3,804","3,125"
BENGKULU,BENGKULU SELATAN,1701,L,"2,312","4,661","10,930","3,805","2,593"
BENGKULU,REJANG LEBONG,1702,P,"3,805","8,032","22,152","7,001","4,539"
BENGKULU,REJANG LEBONG,1702,L,"4,028","8,819","24,282","6,849","3,743"
BENGKULU,BENGKULU UTARA,1703,P,"4,832","8,375","19,694","5,107","3,225"
BENGKULU,BENGKULU UTARA,1703,L,"5,047","9,047","20,951","5,668","3,128"
BENGKULU,KAUR,1704,P,"2,419","4,774","10,860","3,775","2,167"
BENGKULU,KAUR,1704,L,"2,655","5,020","12,273","4,094","2,140"
BENGKULU,SELUMA,1705,P,"3,869","6,627","16,305","4,936","3,461"
BENGKULU,SELUMA,1705,L,"3,999","7,547","18,590","5,045","2,992"
BENGKULU,MUKOMUKO,1706,P,"2,933","4,917","11,718","3,301","2,226"
BENGKULU,MUKOMUKO,1706,L,"3,054","5,464","12,809","3,336","1,991"
BENGKULU,LEBONG,1707,P,"1,471","3,478","8,138","2,769","1,877"
BENGKULU,LEBONG,1707,L,"1,646","3,774","9,078","2,899","1,481"
BENGKULU,KEPAHIANG,1708,P,"1,776","3,530","8,893","2,778","1,915"
BENGKULU,KEPAHIANG,1708,L,"1,876","3,777","10,030","2,861","1,519"
BENGKULU,BENGKULU TENGAH,1709,P,"1,974","4,096","10,492","2,909","1,995"
BENGKULU,BENGKULU TENGAH,1709,L,"2,243","4,429","11,418","2,792","1,653"
BENGKULU,KOTA BENGKULU,1771,P,"3,862","7,822","20,036","6,056","2,672"
BENGKULU,KOTA BENGKULU,1771,L,"4,251","8,336","20,400","6,471","2,497"
LAMPUNG,LAMPUNG BARAT,1801,P,"4,781","10,494","28,693","8,781","3,991"
LAMPUNG,LAMPUNG BARAT,1801,L,"5,123","11,178","31,840","10,257","4,837"
LAMPUNG,TANGGAMUS,1802,P,"10,613","23,319","58,354","19,497","11,330"
LAMPUNG,TANGGAMUS,1802,L,"11,728","24,899","67,035","21,220","11,749"
LAMPUNG,LAMPUNG SELATAN,1803,P,"20,334","41,577","111,079","35,232","22,470"
LAMPUNG,LAMPUNG SELATAN,1803,L,"21,674","44,693","120,342","36,106","22,416"
LAMPUNG,LAMPUNG TIMUR,1804,P,"15,476","31,412","83,774","28,524","22,583"
LAMPUNG,LAMPUNG TIMUR,1804,L,"16,713","33,912","90,603","29,261","21,421"
LAMPUNG,LAMPUNG TENGAH,1805,P,"18,556","34,617","97,886","31,034","23,870"
LAMPUNG,LAMPUNG TENGAH,1805,L,"19,790","37,239","104,778","32,156","21,179"
LAMPUNG,LAMPUNG UTARA,1806,P,"12,186","25,432","63,258","20,651","11,431"
LAMPUNG,LAMPUNG UTARA,1806,L,"13,355","27,233","69,407","21,079","11,562"
LAMPUNG,WAY KANAN,1807,P,"7,491","15,045","40,685","12,110","7,378"
LAMPUNG,WAY KANAN,1807,L,"7,991","16,037","43,908","12,141","7,796"
LAMPUNG,TULANGBAWANG,1808,P,"6,560","13,480","36,131","10,522","6,041"
LAMPUNG,TULANGBAWANG,1808,L,"7,167","14,679","38,250","11,768","7,104"
LAMPUNG,PESAWARAN,1809,P,"10,221","19,563","53,317","16,782","10,497"
LAMPUNG,PESAWARAN,1809,L,"10,746","21,044","58,337","18,070","10,684"
LAMPUNG,PRINGSEWU,1810,P,"5,688","11,496","29,963","10,086","6,876"
LAMPUNG,PRINGSEWU,1810,L,"6,124","12,489","33,448","11,550","6,387"
LAMPUNG,MESUJI,1811,P,"2,736","6,398","17,257","5,609","3,780"
LAMPUNG,MESUJI,1811,L,"3,040","6,770","18,850","5,672","4,345"
LAMPUNG,TULANG BAWANG BARAT,1812,P,"3,412","6,946","17,929","5,466","4,677"
LAMPUNG,TULANG BAWANG BARAT,1812,L,"3,655","7,385","19,093","5,657","4,338"
LAMPUNG,PESISIR BARAT,1813,P,"3,279","7,703","18,160","6,075","2,693"
LAMPUNG,PESISIR BARAT,1813,L,"3,816","8,361","20,747","6,599","3,288"
LAMPUNG,KOTA BANDAR LAMPUNG,1871,P,"13,710","28,802","77,851","25,317","12,789"
LAMPUNG,KOTA BANDAR LAMPUNG,1871,L,"14,903","31,121","85,796","26,487","11,743"
LAMPUNG,KOTA METRO,1872,P,"1,404","2,680","7,459","2,785","1,728"
LAMPUNG,KOTA METRO,1872,L,"1,505","2,818","8,348","2,861","1,539"
KEPULAUAN BANGKA BELITUNG,BANGKA,1901,P,"1,992","4,363","9,790","4,567","4,384"
KEPULAUAN BANGKA BELITUNG,BANGKA,1901,L,"2,069","4,782","12,484","3,795","3,042"
KEPULAUAN BANGKA BELITUNG,BELITUNG,1902,P,967,"2,091","5,246","3,254","3,531"
KEPULAUAN BANGKA BELITUNG,BELITUNG,1902,L,999,"2,243","7,392","2,760","2,639"
KEPULAUAN BANGKA BELITUNG,BANGKA BARAT,1903,P,"1,106","2,738","4,933","1,725","1,316"
KEPULAUAN BANGKA BELITUNG,BANGKA BARAT,1903,L,"1,176","2,781","6,076","1,593",978
KEPULAUAN BANGKA BELITUNG,BANGKA TENGAH,1904,P,"1,430","3,219","7,248","3,102","2,485"
KEPULAUAN BANGKA BELITUNG,BANGKA TENGAH,1904,L,"1,656","3,403","8,878","2,630","1,918"
KEPULAUAN BANGKA BELITUNG,BANGKA SELATAN,1905,P,"1,029","2,278","5,586","2,545","2,235"
KEPULAUAN BANGKA BELITUNG,BANGKA SELATAN,1905,L,"1,091","2,481","6,606","2,047","1,533"
KEPULAUAN BANGKA BELITUNG,BELITUNG TIMUR,1906,P,746,"1,698","4,144","2,365","3,016"
KEPULAUAN BANGKA BELITUNG,BELITUNG TIMUR,1906,L,819,"1,813","5,611","2,068","2,308"
KEPULAUAN BANGKA BELITUNG,KOTA PANGKAL PINANG,1971,P,970,"2,576","6,422","2,926","2,273"
KEPULAUAN BANGKA BELITUNG,KOTA PANGKAL PINANG,1971,L,"1,080","2,708","7,491","2,481","1,550"
KEPULAUAN RIAU,KARIMUN,2101,P,"1,732","4,486","11,165","4,818","3,056"
KEPULAUAN RIAU,KARIMUN,2101,L,"1,828","4,792","12,887","4,508","2,718"
KEPULAUAN RIAU,BINTAN,2102,P,"1,327","2,988","6,063","1,782",695
KEPULAUAN RIAU,BINTAN,2102,L,"1,423","3,190","6,463","2,162",748
KEPULAUAN RIAU,NATUNA,2103,P,425,"1,163","2,121",865,416
KEPULAUAN RIAU,NATUNA,2103,L,442,"1,226","2,493",851,491
KEPULAUAN RIAU,LINGGA,2104,P,806,"2,174","4,898","2,377","1,856"
KEPULAUAN RIAU,LINGGA,2104,L,902,"2,208","6,005","2,154","1,537"
KEPULAUAN RIAU,KEPULAUAN ANAMBAS,2105,P,160,517,751,212,103
KEPULAUAN RIAU,KEPULAUAN ANAMBAS,2105,L,160,478,878,278,96
KEPULAUAN RIAU,KOTA BATAM,2171,P,"9,789","19,134","37,238","7,904","2,682"
KEPULAUAN RIAU,KOTA BATAM,2171,L,"10,188","20,542","35,651","9,750","2,863"
KEPULAUAN RIAU,KOTA TANJUNG PINANG,2172,P,"1,518","3,882","8,834","3,260","1,603"
KEPULAUAN RIAU,KOTA TANJUNG PINANG,2172,L,"1,723","4,063","9,228","3,315","1,404"
DKI JAKARTA,KEPULAUAN SERIBU,3101,P,314,629,"1,649",633,308
DKI JAKARTA,KEPULAUAN SERIBU,3101,L,303,683,"1,728",665,253
DKI JAKARTA,KOTA JAKARTA SELATAN,3171,P,"4,491","13,961","30,875","14,206","6,754"
DKI JAKARTA,KOTA JAKARTA SELATAN,3171,L,"4,858","15,322","33,284","13,936","4,866"
DKI JAKARTA,KOTA JAKARTA TIMUR,3172,P,"6,765","22,953","54,624","25,920","12,292"
DKI JAKARTA,KOTA JAKARTA TIMUR,3172,L,"7,297","24,786","60,369","24,234","9,613"
DKI JAKARTA,KOTA JAKARTA PUSAT,3173,P,"3,124","10,505","25,703","14,389","7,605"
DKI JAKARTA,KOTA JAKARTA PUSAT,3173,L,"3,400","11,384","30,140","13,137","5,497"
DKI JAKARTA,KOTA JAKARTA BARAT,3174,P,"5,991","18,610","44,190","20,678","9,384"
DKI JAKARTA,KOTA JAKARTA BARAT,3174,L,"6,610","20,503","50,790","18,842","7,098"
DKI JAKARTA,KOTA JAKARTA UTARA,3175,P,"8,876","24,933","61,722","25,485","9,684"
DKI JAKARTA,KOTA JAKARTA UTARA,3175,L,"9,643","26,628","67,080","23,895","8,165"
JAWA BARAT,BOGOR,3201,P,"38,499","114,492","258,963","105,747","62,924"
JAWA BARAT,BOGOR,3201,L,"41,503","124,684","317,404","100,157","54,962"
JAWA BARAT,SUKABUMI,3202,P,"33,889","87,496","187,513","73,664","36,777"
JAWA BARAT,SUKABUMI,3202,L,"36,542","93,766","201,309","77,421","43,950"
JAWA BARAT,CIANJUR,3203,P,"39,170","90,238","219,130","86,490","59,176"
JAWA BARAT,CIANJUR,3203,L,"42,457","97,582","237,403","85,537","51,203"
JAWA BARAT,BANDUNG,3204,P,"53,350","114,448","259,764","90,589","58,779"
JAWA BARAT,BANDUNG,3204,L,"57,357","123,678","294,338","90,547","54,163"
JAWA BARAT,GARUT,3205,P,"51,892","121,938","260,288","88,257","58,769"
JAWA BARAT,GARUT,3205,L,"55,624","130,501","286,901","89,929","51,196"
JAWA BARAT,TASIKMALAYA,3206,P,"26,871","62,850","145,082","63,771","49,349"
JAWA BARAT,TASIKMALAYA,3206,L,"28,627","67,153","155,515","63,397","39,587"
JAWA BARAT,CIAMIS,3207,P,"15,642","35,330","87,642","47,001","44,615"
JAWA BARAT,CIAMIS,3207,L,"16,555","38,455","94,439","42,870","33,289"
JAWA BARAT,KUNINGAN,3208,P,"13,706","31,867","78,170","36,285","29,682"
JAWA BARAT,KUNINGAN,3208,L,"14,858","34,851","89,552","35,606","25,423"
JAWA BARAT,CIREBON,3209,P,"33,931","75,929","220,620","77,334","51,366"
JAWA BARAT,CIREBON,3209,L,"36,858","82,758","248,187","76,515","43,553"
JAWA BARAT,MAJALENGKA,3210,P,"15,047","33,744","85,769","42,588","41,844"
JAWA BARAT,MAJALENGKA,3210,L,"16,138","35,998","95,065","38,238","31,262"
JAWA BARAT,SUMEDANG,3211,P,"10,204","22,964","51,855","28,567","29,348"
JAWA BARAT,SUMEDANG,3211,L,"11,139","25,378","57,234","26,251","24,971"
JAWA BARAT,INDRAMAYU,3212,P,"22,641","56,202","162,588","77,072","51,114"
JAWA BARAT,INDRAMAYU,3212,L,"24,544","60,173","176,878","71,449","43,016"
JAWA BARAT,SUBANG,3213,P,"14,869","38,515","98,813","44,247","24,242"
JAWA BARAT,SUBANG,3213,L,"16,182","41,356","103,132","45,115","28,244"
JAWA BARAT,PURWAKARTA,3214,P,"7,318","20,516","43,411","18,851","12,893"
JAWA BARAT,PURWAKARTA,3214,L,"8,035","22,117","50,446","18,632","12,753"
JAWA BARAT,KARAWANG,3215,P,"22,005","59,975","163,657","74,487","40,968"
JAWA BARAT,KARAWANG,3215,L,"24,312","64,683","176,941","73,377","41,305"
JAWA BARAT,BEKASI,3216,P,"14,956","45,886","130,251","52,298","29,580"
JAWA BARAT,BEKASI,3216,L,"16,134","49,156","140,506","50,641","27,081"
JAWA BARAT,BANDUNG BARAT,3217,P,"18,275","45,299","102,507","41,543","30,533"
JAWA BARAT,BANDUNG BARAT,3217,L,"20,075","48,729","115,337","39,745","25,659"
JAWA BARAT,PANGANDARAN,3218,P,"4,248","9,395","24,591","12,749","12,278"
JAWA BARAT,PANGANDARAN,3218,L,"4,557","9,918","25,538","10,874","9,104"
JAWA BARAT,KOTA BOGOR,3271,P,"9,525","23,505","60,827","23,906","11,936"
JAWA BARAT,KOTA BOGOR,3271,L,"10,368","25,420","70,407","23,365","11,014"
JAWA BARAT,KOTA SUKABUMI,3272,P,"3,091","7,685","17,855","8,150","5,623"
JAWA BARAT,KOTA SUKABUMI,3272,L,"3,352","8,247","20,861","7,818","4,727"
JAWA BARAT,KOTA BANDUNG,3273,P,"14,473","38,269","90,779","39,136","22,584"
JAWA BARAT,KOTA BANDUNG,3273,L,"15,993","40,986","103,485","38,076","19,043"
JAWA BARAT,KOTA CIREBON,3274,P,"3,447","8,420","21,078","9,206","5,218"
JAWA BARAT,KOTA CIREBON,3274,L,"3,749","9,301","24,482","8,516","4,318"
JAWA BARAT,KOTA BEKASI,3275,P,"9,335","30,094","88,070","33,836","14,960"
JAWA BARAT,KOTA BEKASI,3275,L,"10,401","33,020","91,358","32,450","14,042"
JAWA BARAT,KOTA DEPOK,3276,P,"7,977","22,902","63,671","28,975","14,891"
JAWA BARAT,KOTA DEPOK,3276,L,"8,709","25,210","73,041","26,868","13,072"
JAWA BARAT,KOTA CIMAHI,3277,P,"3,581","9,380","19,644","7,964","4,493"
JAWA BARAT,KOTA CIMAHI,3277,L,"3,963","9,970","22,287","7,704","4,085"
JAWA BARAT,KOTA TASIKMALAYA,3278,P,"10,330","22,212","52,169","20,174","13,498"
JAWA BARAT,KOTA TASIKMALAYA,3278,L,"11,010","24,151","59,943","20,620","11,691"
JAWA BARAT,KOTA BANJAR,3279,P,"1,293","3,169","6,927","3,972","3,533"
JAWA BARAT,KOTA BANJAR,3279,L,"1,393","3,404","7,739","3,315","2,675"
JAWA TENGAH,CILACAP,3301,P,"28,567","57,336","146,819","70,677","54,085"
JAWA TENGAH,CILACAP,3301,L,"30,569","61,909","155,372","65,575","48,097"
JAWA TENGAH,BANYUMAS,3302,P,"32,302","59,738","160,024","76,920","58,699"
JAWA TENGAH,BANYUMAS,3302,L,"34,883","64,584","172,392","75,485","55,418"
JAWA TENGAH,PURBALINGGA,3303,P,"19,506","36,238","95,721","39,087","32,822"
JAWA TENGAH,PURBALINGGA,3303,L,"21,043","38,597","105,086","38,389","31,138"
JAWA TENGAH,BANJARNEGARA,3304,P,"14,697","27,873","78,948","35,419","28,633"
JAWA TENGAH,BANJARNEGARA,3304,L,"15,675","29,901","86,258","33,922","26,492"
JAWA TENGAH,KEBUMEN,3305,P,"22,310","46,368","116,450","56,000","41,973"
JAWA TENGAH,KEBUMEN,3305,L,"23,982","50,182","127,327","54,577","38,125"
JAWA TENGAH,PURWOREJO,3306,P,"9,024","19,860","48,724","28,276","23,518"
JAWA TENGAH,PURWOREJO,3306,L,"9,629","21,272","52,363","27,415","19,303"
JAWA TENGAH,WONOSOBO,3307,P,"11,978","23,062","57,635","28,802","22,986"
JAWA TENGAH,WONOSOBO,3307,L,"12,694","24,365","63,452","27,350","22,437"
JAWA TENGAH,MAGELANG,3308,P,"20,284","41,169","115,970","53,836","37,192"
JAWA TENGAH,MAGELANG,3308,L,"21,451","43,971","126,390","53,122","34,184"
JAWA TENGAH,BOYOLALI,3309,P,"10,352","21,795","56,314","30,997","33,582"
JAWA TENGAH,BOYOLALI,3309,L,"11,352","24,108","62,868","27,075","25,313"
JAWA TENGAH,KLATEN,3310,P,"17,566","37,854","104,456","56,420","51,440"
JAWA TENGAH,KLATEN,3310,L,"18,630","40,195","112,345","51,403","41,167"
JAWA TENGAH,SUKOHARJO,3311,P,"9,025","19,193","55,797","28,859","27,491"
JAWA TENGAH,SUKOHARJO,3311,L,"9,743","20,636","61,948","27,277","22,853"
JAWA TENGAH,WONOGIRI,3312,P,"7,922","18,853","53,843","36,550","39,166"
JAWA TENGAH,WONOGIRI,3312,L,"8,335","19,968","58,477","33,221","30,819"
JAWA TENGAH,KARANGANYAR,3313,P,"8,467","18,877","52,539","28,461","25,582"
JAWA TENGAH,KARANGANYAR,3313,L,"8,969","20,044","57,302","25,403","20,356"
JAWA TENGAH,SRAGEN,3314,P,"8,865","18,069","47,081","25,021","29,607"
JAWA TENGAH,SRAGEN,3314,L,"9,525","19,726","49,923","21,271","21,149"
JAWA TENGAH,GROBOGAN,3315,P,"19,858","42,294","113,926","59,755","51,746"
JAWA TENGAH,GROBOGAN,3315,L,"20,911","44,682","122,101","50,615","37,431"
JAWA TENGAH,BLORA,3316,P,"10,718","23,174","68,506","38,591","30,650"
JAWA TENGAH,BLORA,3316,L,"11,171","25,058","71,342","34,156","24,606"
JAWA TENGAH,REMBANG,3317,P,"12,173","21,404","68,215","30,447","21,794"
JAWA TENGAH,REMBANG,3317,L,"13,121","23,181","73,547","28,792","18,013"
JAWA TENGAH,PATI,3318,P,"17,562","34,589","113,426","61,710","53,416"
JAWA TENGAH,PATI,3318,L,"18,529","37,378","122,007","54,208","40,011"
JAWA TENGAH,KUDUS,3319,P,"6,994","15,111","45,442","22,912","15,861"
JAWA TENGAH,KUDUS,3319,L,"7,445","16,335","50,027","18,949","11,083"
JAWA TENGAH,JEPARA,3320,P,"17,381","38,681","107,482","47,912","38,838"
JAWA TENGAH,JEPARA,3320,L,"18,874","41,697","119,615","42,739","29,061"
JAWA TENGAH,DEMAK,3321,P,"19,027","39,496","112,881","48,122","33,872"
JAWA TENGAH,DEMAK,3321,L,"20,420","42,177","121,715","42,629","25,455"
JAWA TENGAH,SEMARANG,3322,P,"8,744","17,665","46,683","25,801","23,680"
JAWA TENGAH,SEMARANG,3322,L,"9,052","19,246","51,214","23,466","18,644"
JAWA TENGAH,TEMANGGUNG,3323,P,"11,363","21,176","57,912","30,613","20,958"
JAWA TENGAH,TEMANGGUNG,3323,L,"12,041","22,581","64,044","29,131","19,028"
JAWA TENGAH,KENDAL,3324,P,"11,415","21,807","64,381","33,742","26,680"
JAWA TENGAH,KENDAL,3324,L,"11,919","23,436","73,525","29,847","20,243"
JAWA TENGAH,BATANG,3325,P,"11,770","21,307","61,477","26,158","18,703"
JAWA TENGAH,BATANG,3325,L,"12,518","22,677","66,709","25,936","16,607"
JAWA TENGAH,PEKALONGAN,3326,P,"18,506","35,469","100,960","39,077","24,748"
JAWA TENGAH,PEKALONGAN,3326,L,"19,668","38,579","116,903","39,376","21,962"
JAWA TENGAH,PEMALANG,3327,P,"27,060","55,671","152,388","61,608","40,662"
JAWA TENGAH,PEMALANG,3327,L,"29,469","59,730","169,722","59,693","36,762"
JAWA TENGAH,TEGAL,3328,P,"23,977","53,233","143,021","59,671","42,381"
JAWA TENGAH,TEGAL,3328,L,"25,648","57,352","165,898","55,972","34,415"
JAWA TENGAH,BREBES,3329,P,"41,593","79,902","234,393","87,320","59,187"
JAWA TENGAH,BREBES,3329,L,"44,253","85,366","262,457","86,104","51,913"
JAWA TENGAH,KOTA MAGELANG,3371,P,"1,000","2,456","6,769","3,677","2,428"
JAWA TENGAH,KOTA MAGELANG,3371,L,"1,030","2,479","7,462","3,281","1,968"
JAWA TENGAH,KOTA SURAKARTA,3372,P,"4,609","10,966","29,327","14,961","9,589"
JAWA TENGAH,KOTA SURAKARTA,3372,L,"4,949","11,448","32,401","13,578","7,600"
JAWA TENGAH,KOTA SALATIGA,3373,P,"1,212","2,419","6,370","3,296","2,720"
JAWA TENGAH,KOTA SALATIGA,3373,L,"1,254","2,624","7,054","2,890","2,134"
JAWA TENGAH,KOTA SEMARANG,3374,P,"8,276","20,332","55,284","29,966","19,233"
JAWA TENGAH,KOTA SEMARANG,3374,L,"8,830","22,130","60,095","25,155","15,110"
JAWA TENGAH,KOTA PEKALONGAN,3375,P,"4,219","9,293","26,453","10,859","5,657"
JAWA TENGAH,KOTA PEKALONGAN,3375,L,"4,355","10,013","30,002","10,313","4,617"
JAWA TENGAH,KOTA TEGAL,3376,P,"2,830","6,852","17,778","7,967","4,852"
JAWA TENGAH,KOTA TEGAL,3376,L,"2,962","7,234","20,458","7,302","3,717"
DI YOGYAKARTA,KULON PROGO,3401,P,"4,987","9,093","21,956","15,166","18,356"
DI YOGYAKARTA,KULON PROGO,3401,L,"5,196","9,689","24,171","14,011","14,690"
DI YOGYAKARTA,BANTUL,3402,P,"11,087","21,338","56,831","33,672","33,542"
DI YOGYAKARTA,BANTUL,3402,L,"11,950","22,867","62,844","32,150","27,419"
DI YOGYAKARTA,GUNUNG KIDUL,3403,P,"10,005","19,416","56,082","38,034","44,642"
DI YOGYAKARTA,GUNUNG KIDUL,3403,L,"10,447","20,652","58,872","32,845","37,169"
DI YOGYAKARTA,SLEMAN,3404,P,"11,573","23,061","64,199","34,383","30,603"
DI YOGYAKARTA,SLEMAN,3404,L,"11,823","23,768","68,622","31,813","24,231"
DI YOGYAKARTA,KOTA YOGYAKARTA,3471,P,"2,804","6,381","16,636","9,788","6,910"
DI YOGYAKARTA,KOTA YOGYAKARTA,3471,L,"2,977","6,786","18,125","9,138","5,395"
JAWA TIMUR,PACITAN,3501,P,"4,128","9,691","28,245","20,085","22,289"
JAWA TIMUR,PACITAN,3501,L,"4,349","10,476","31,147","17,686","16,879"
JAWA TIMUR,PONOROGO,3502,P,"7,689","18,294","60,012","39,667","41,289"
JAWA TIMUR,PONOROGO,3502,L,"8,059","19,630","68,760","38,254","31,559"
JAWA TIMUR,TRENGGALEK,3503,P,"7,317","15,677","48,973","29,520","28,883"
JAWA TIMUR,TRENGGALEK,3503,L,"7,665","16,668","56,771","27,040","23,030"
JAWA TIMUR,TULUNGAGUNG,3504,P,"7,503","18,173","53,967","33,095","35,533"
JAWA TIMUR,TULUNGAGUNG,3504,L,"7,902","19,796","62,372","29,564","26,028"
JAWA TIMUR,BLITAR,3505,P,"9,886","21,304","60,925","36,561","38,138"
JAWA TIMUR,BLITAR,3505,L,"10,410","23,202","69,011","33,985","28,722"
JAWA TIMUR,KEDIRI,3506,P,"15,545","34,729","91,610","51,434","46,942"
JAWA TIMUR,KEDIRI,3506,L,"16,785","36,922","106,286","46,897","36,142"
JAWA TIMUR,MALANG,3507,P,"19,604","46,749","133,395","73,600","64,010"
JAWA TIMUR,MALANG,3507,L,"20,425","49,286","150,114","66,333","49,415"
JAWA TIMUR,LUMAJANG,3508,P,"12,137","27,274","89,066","50,070","37,542"
JAWA TIMUR,LUMAJANG,3508,L,"12,809","29,457","92,095","44,351","29,938"
JAWA TIMUR,JEMBER,3509,P,"23,922","65,345","186,522","98,809","77,768"
JAWA TIMUR,JEMBER,3509,L,"25,144","69,888","192,312","90,579","62,186"
JAWA TIMUR,BANYUWANGI,3510,P,"13,056","34,181","93,507","59,335","59,029"
JAWA TIMUR,BANYUWANGI,3510,L,"14,003","36,094","100,631","51,461","44,213"
JAWA TIMUR,BONDOWOSO,3511,P,"11,837","28,667","86,956","48,482","38,757"
JAWA TIMUR,BONDOWOSO,3511,L,"12,538","30,732","86,788","45,511","30,311"
JAWA TIMUR,SITUBONDO,3512,P,"6,784","16,460","52,405","35,162","30,847"
JAWA TIMUR,SITUBONDO,3512,L,"7,222","17,302","51,296","29,539","20,991"
JAWA TIMUR,PROBOLINGGO,3513,P,"17,335","40,348","126,176","63,503","43,165"
JAWA TIMUR,PROBOLINGGO,3513,L,"18,486","42,845","124,271","59,211","34,612"
JAWA TIMUR,PASURUAN,3514,P,"17,958","42,935","141,657","68,780","42,407"
JAWA TIMUR,PASURUAN,3514,L,"19,761","45,862","144,732","60,213","32,134"
JAWA TIMUR,SIDOARJO,3515,P,"10,398","27,679","82,919","46,196","30,077"
JAWA TIMUR,SIDOARJO,3515,L,"11,099","30,057","92,548","38,912","23,816"
JAWA TIMUR,MOJOKERTO,3516,P,"9,729","20,995","59,508","27,811","21,288"
JAWA TIMUR,MOJOKERTO,3516,L,"10,198","22,074","65,070","26,460","17,037"
JAWA TIMUR,JOMBANG,3517,P,"16,029","36,574","98,929","51,404","41,007"
JAWA TIMUR,JOMBANG,3517,L,"16,785","38,585","109,268","48,231","30,953"
JAWA TIMUR,NGANJUK,3518,P,"14,162","32,192","95,431","48,491","40,452"
JAWA TIMUR,NGANJUK,3518,L,"15,360","34,268","106,221","46,417","32,502"
JAWA TIMUR,MADIUN,3519,P,"5,385","12,373","34,013","25,633","26,400"
JAWA TIMUR,MADIUN,3519,L,"5,689","13,500","36,992","23,005","19,815"
JAWA TIMUR,MAGETAN,3520,P,"5,082","11,184","34,127","21,661","26,489"
JAWA TIMUR,MAGETAN,3520,L,"5,558","12,153","37,747","19,135","17,769"
JAWA TIMUR,NGAWI,3521,P,"10,040","23,391","72,541","40,079","37,741"
JAWA TIMUR,NGAWI,3521,L,"10,781","25,349","76,150","37,945","29,897"
JAWA TIMUR,BOJONEGORO,3522,P,"14,765","34,171","109,355","59,422","46,041"
JAWA TIMUR,BOJONEGORO,3522,L,"15,937","36,768","116,389","56,466","36,515"
JAWA TIMUR,TUBAN,3523,P,"12,997","27,685","90,856","44,651","34,139"
JAWA TIMUR,TUBAN,3523,L,"13,807","29,903","98,744","40,117","25,229"
JAWA TIMUR,LAMONGAN,3524,P,"13,610","27,833","87,378","46,004","34,905"
JAWA TIMUR,LAMONGAN,3524,L,"14,515","29,901","94,809","42,334","27,056"
JAWA TIMUR,GRESIK,3525,P,"11,217","25,210","77,520","36,381","24,309"
JAWA TIMUR,GRESIK,3525,L,"12,016","27,213","84,733","31,863","18,577"
JAWA TIMUR,BANGKALAN,3526,P,"8,994","32,759","109,924","52,545","32,708"
JAWA TIMUR,BANGKALAN,3526,L,"9,461","35,014","109,962","42,795","26,101"
JAWA TIMUR,SAMPANG,3527,P,"15,369","42,917","126,089","53,663","28,044"
JAWA TIMUR,SAMPANG,3527,L,"16,058","45,127","124,505","47,081","24,078"
JAWA TIMUR,PAMEKASAN,3528,P,"11,303","31,609","108,524","46,418","26,499"
JAWA TIMUR,PAMEKASAN,3528,L,"12,141","33,366","107,856","42,539","21,931"
JAWA TIMUR,SUMENEP,3529,P,"12,828","31,942","116,331","67,927","48,716"
JAWA TIMUR,SUMENEP,3529,L,"13,848","34,014","111,670","58,644","35,463"
JAWA TIMUR,KOTA KEDIRI,3571,P,"2,176","4,891","12,665","7,763","5,865"
JAWA TIMUR,KOTA KEDIRI,3571,L,"2,254","5,306","14,895","6,686","4,380"
JAWA TIMUR,KOTA BLITAR,3572,P,825,"1,855","4,480","2,547","2,312"
JAWA TIMUR,KOTA BLITAR,3572,L,863,"2,060","5,589","2,316","1,764"
JAWA TIMUR,KOTA MALANG,3573,P,"3,512","8,334","22,021","11,841","9,214"
JAWA TIMUR,KOTA MALANG,3573,L,"3,894","9,090","26,686","10,182","6,811"
JAWA TIMUR,KOTA PROBOLINGGO,3574,P,"1,895","4,661","12,721","6,773","4,218"
JAWA TIMUR,KOTA PROBOLINGGO,3574,L,"2,017","5,088","13,839","6,169","3,274"
JAWA TIMUR,KOTA PASURUAN,3575,P,"1,774","3,927","10,981","5,499","3,525"
JAWA TIMUR,KOTA PASURUAN,3575,L,"1,972","4,360","12,381","4,537","2,561"
JAWA TIMUR,KOTA MOJOKERTO,3576,P,657,"1,671","4,521","2,748","1,791"
JAWA TIMUR,KOTA MOJOKERTO,3576,L,695,"1,867","5,307","2,390","1,339"
JAWA TIMUR,KOTA MADIUN,3577,P,729,"1,662","4,411","2,916","2,421"
JAWA TIMUR,KOTA MADIUN,3577,L,746,"1,867","4,992","2,451","1,770"
JAWA TIMUR,KOTA SURABAYA,3578,P,"14,282","38,341","112,951","58,596","33,101"
JAWA TIMUR,KOTA SURABAYA,3578,L,"15,543","41,391","121,790","51,950","26,116"
JAWA TIMUR,KOTA BATU,3579,P,"1,358","2,959","7,725","4,133","3,590"
JAWA TIMUR,KOTA BATU,3579,L,"1,452","3,051","8,702","3,825","2,858"
BANTEN,PANDEGLANG,3601,P,"26,424","53,606","114,163","32,795","11,072"
BANTEN,PANDEGLANG,3601,L,"27,959","58,727","124,447","38,899","13,726"
BANTEN,LEBAK,3602,P,"17,481","45,008","100,123","31,231","10,792"
BANTEN,LEBAK,3602,L,"18,915","48,858","109,967","36,809","14,613"
BANTEN,TANGERANG,3603,P,"25,305","68,630","214,974","77,991","37,241"
BANTEN,TANGERANG,3603,L,"27,445","74,729","238,635","77,406","35,433"
BANTEN,SERANG,3604,P,"11,256","30,860","62,852","24,348","11,914"
BANTEN,SERANG,3604,L,"12,288","33,579","71,840","24,475","11,048"
BANTEN,KOTA TANGERANG,3671,P,"7,568","22,296","61,551","25,177","11,364"
BANTEN,KOTA TANGERANG,3671,L,"8,093","24,047","67,660","23,432","9,555"
BANTEN,KOTA CILEGON,3672,P,"2,453","5,327","13,508","5,286","2,696"
BANTEN,KOTA CILEGON,3672,L,"2,603","5,888","15,372","4,968","2,391"
BANTEN,KOTA SERANG,3673,P,"3,849","10,433","22,467","7,528","2,565"
BANTEN,KOTA SERANG,3673,L,"4,158","11,395","27,704","7,758","2,624"
BANTEN,KOTA TANGERANG SELATAN,3674,P,"2,427","8,703","28,475","13,832","7,718"
BANTEN,KOTA TANGERANG SELATAN,3674,L,"2,620","9,517","31,201","11,741","6,187"
BALI,JEMBRANA,5101,P,"2,006","4,981","11,859","6,042","4,775"
BALI,JEMBRANA,5101,L,"2,248","5,151","12,695","5,557","3,694"
BALI,TABANAN,5102,P,"3,341","7,614","22,362","12,759","10,352"
BALI,TABANAN,5102,L,"3,605","7,985","23,749","13,003","8,615"
BALI,BADUNG,5103,P,"1,938","4,491","10,703","4,774","4,874"
BALI,BADUNG,5103,L,"2,137","4,677","11,371","4,478","4,447"
BALI,GIANYAR,5104,P,"3,614","7,945","18,606","7,530","7,314"
BALI,GIANYAR,5104,L,"3,949","7,904","19,894","7,378","7,279"
BALI,KLUNGKUNG,5105,P,"1,304","3,083","7,159","3,895","4,114"
BALI,KLUNGKUNG,5105,L,"1,402","3,175","7,532","3,436","3,418"
BALI,BANGLI,5106,P,"2,414","5,406","13,553","5,347","4,419"
BALI,BANGLI,5106,L,"2,529","5,653","14,746","5,203","4,267"
BALI,KARANG ASEM,5107,P,"5,748","12,882","28,222","11,020","10,249"
BALI,KARANG ASEM,5107,L,"6,023","13,921","31,032","10,662","9,432"
BALI,BULELENG,5108,P,"8,941","20,870","45,418","19,175","14,838"
BALI,BULELENG,5108,L,"9,647","21,978","50,403","18,120","12,287"
BALI,KOTA DENPASAR,5171,P,946,"2,327","4,628","1,555",987
BALI,KOTA DENPASAR,5171,L,"1,019","2,308","4,701","1,652",971
NUSA TENGGARA BARAT,LOMBOK BARAT,5201,P,"18,003","31,239","84,994","25,970","17,053"
NUSA TENGGARA BARAT,LOMBOK BARAT,5201,L,"19,059","33,191","82,012","23,933","13,825"
NUSA TENGGARA BARAT,LOMBOK TENGAH,5202,P,"23,890","44,058","119,010","47,755","28,051"
NUSA TENGGARA BARAT,LOMBOK TENGAH,5202,L,"25,570","47,201","104,651","38,953","22,233"
NUSA TENGGARA BARAT,LOMBOK TIMUR,5203,P,"37,600","66,410","171,974","57,960","34,819"
NUSA TENGGARA BARAT,LOMBOK TIMUR,5203,L,"40,415","70,831","151,085","47,724","28,513"
NUSA TENGGARA BARAT,SUMBAWA,5204,P,"8,097","15,168","34,603","12,365","7,956"
NUSA TENGGARA BARAT,SUMBAWA,5204,L,"8,696","16,127","36,023","11,863","7,676"
NUSA TENGGARA BARAT,DOMPU,5205,P,"6,454","12,083","26,163","7,354","4,314"
NUSA TENGGARA BARAT,DOMPU,5205,L,"6,820","13,136","26,628","6,861","4,218"
NUSA TENGGARA BARAT,BIMA,5206,P,"11,900","23,884","50,162","15,917","11,309"
NUSA TENGGARA BARAT,BIMA,5206,L,"13,078","26,025","50,842","14,804","10,268"
NUSA TENGGARA BARAT,SUMBAWA BARAT,5207,P,"3,261","5,270","12,171","4,502","2,721"
NUSA TENGGARA BARAT,SUMBAWA BARAT,5207,L,"3,476","5,590","12,388","4,202","2,363"
NUSA TENGGARA BARAT,LOMBOK UTARA,5208,P,"5,462","11,756","30,043","9,916","4,797"
NUSA TENGGARA BARAT,LOMBOK UTARA,5208,L,"5,765","12,155","30,111","9,440","4,864"
NUSA TENGGARA BARAT,KOTA MATARAM,5271,P,"7,028","12,090","33,699","9,488","6,310"
NUSA TENGGARA BARAT,KOTA MATARAM,5271,L,"7,431","13,039","35,788","8,904","4,876"
NUSA TENGGARA BARAT,KOTA BIMA,5272,P,"3,316","5,638","14,339","3,844","2,410"
NUSA TENGGARA BARAT,KOTA BIMA,5272,L,"3,574","6,157","14,401","3,767","2,192"
NUSA TENGGARA TIMUR,SUMBA BARAT,5301,P,"5,448","10,839","17,156","4,627","3,022"
NUSA TENGGARA TIMUR,SUMBA BARAT,5301,L,"5,637","11,979","18,295","5,078","2,974"
NUSA TENGGARA TIMUR,SUMBA TIMUR,5302,P,"8,641","15,372","25,442","6,474","4,063"
NUSA TENGGARA TIMUR,SUMBA TIMUR,5302,L,"9,326","17,021","27,076","7,922","5,002"
NUSA TENGGARA TIMUR,KUPANG,5303,P,"10,639","22,049","37,705","10,908","5,799"
NUSA TENGGARA TIMUR,KUPANG,5303,L,"11,694","23,720","36,309","12,060","6,855"
NUSA TENGGARA TIMUR,TIMOR TENGAH SELATAN,5304,P,"18,030","38,131","62,548","23,067","13,589"
NUSA TENGGARA TIMUR,TIMOR TENGAH SELATAN,5304,L,"19,371","40,346","57,160","23,359","15,026"
NUSA TENGGARA TIMUR,TIMOR TENGAH UTARA,5305,P,"6,974","15,643","24,602","10,281","6,602"
NUSA TENGGARA TIMUR,TIMOR TENGAH UTARA,5305,L,"7,640","16,479","23,054","9,871","7,190"
NUSA TENGGARA TIMUR,BELU,5306,P,"5,259","11,679","19,255","6,143","3,514"
NUSA TENGGARA TIMUR,BELU,5306,L,"5,418","12,444","17,767","6,099","3,988"
NUSA TENGGARA TIMUR,ALOR,5307,P,"8,025","13,781","24,554","8,493","5,375"
NUSA TENGGARA TIMUR,ALOR,5307,L,"8,750","15,008","24,163","8,101","4,791"
NUSA TENGGARA TIMUR,LEMBATA,5308,P,"3,487","7,318","12,144","6,461","6,075"
NUSA TENGGARA TIMUR,LEMBATA,5308,L,"3,724","8,047","10,862","4,314","4,064"
NUSA TENGGARA TIMUR,FLORES TIMUR,5309,P,"5,752","12,431","19,667","8,037","7,220"
NUSA TENGGARA TIMUR,FLORES TIMUR,5309,L,"6,356","13,430","19,353","6,382","5,275"
NUSA TENGGARA TIMUR,SIKKA,5310,P,"8,262","16,954","30,901","13,814","10,208"
NUSA TENGGARA TIMUR,SIKKA,5310,L,"8,761","18,519","30,087","10,391","8,130"
NUSA TENGGARA TIMUR,ENDE,5311,P,"6,578","13,719","24,464","11,088","7,132"
NUSA TENGGARA TIMUR,ENDE,5311,L,"7,281","15,086","23,682","8,531","6,276"
NUSA TENGGARA TIMUR,NGADA,5312,P,"2,651","6,850","11,588","4,372","2,950"
NUSA TENGGARA TIMUR,NGADA,5312,L,"2,968","7,423","11,226","3,977","2,596"
NUSA TENGGARA TIMUR,MANGGARAI,5313,P,"10,775","23,970","37,036","11,903","5,943"
NUSA TENGGARA TIMUR,MANGGARAI,5313,L,"11,341","25,085","35,176","12,147","6,214"
NUSA TENGGARA TIMUR,ROTE NDAO,5314,P,"5,506","9,610","15,561","4,571","3,957"
NUSA TENGGARA TIMUR,ROTE NDAO,5314,L,"5,815","10,025","15,701","4,987","4,166"
NUSA TENGGARA TIMUR,MANGGARAI BARAT,5315,P,"8,808","20,870","32,502","9,734","4,722"
NUSA TENGGARA TIMUR,MANGGARAI BARAT,5315,L,"9,155","22,210","31,869","10,098","4,925"
NUSA TENGGARA TIMUR,SUMBA TENGAH,5316,P,"2,940","6,225","9,288","2,776","1,706"
NUSA TENGGARA TIMUR,SUMBA TENGAH,5316,L,"3,212","6,990","10,245","3,179","1,858"
NUSA TENGGARA TIMUR,SUMBA BARAT DAYA,5317,P,"15,265","34,519","52,224","13,180","6,608"
NUSA TENGGARA TIMUR,SUMBA BARAT DAYA,5317,L,"16,866","37,586","56,889","14,049","6,952"
NUSA TENGGARA TIMUR,NAGEKEO,5318,P,"3,291","6,855","10,956","4,657","3,053"
NUSA TENGGARA TIMUR,NAGEKEO,5318,L,"3,501","7,468","10,950","4,148","3,053"
NUSA TENGGARA TIMUR,MANGGARAI TIMUR,5319,P,"9,956","22,997","41,278","13,023","5,763"
NUSA TENGGARA TIMUR,MANGGARAI TIMUR,5319,L,"10,918","24,616","39,755","13,847","6,581"
NUSA TENGGARA TIMUR,SABU RAIJUA,5320,P,"4,467","7,580","12,378","3,489","3,142"
NUSA TENGGARA TIMUR,SABU RAIJUA,5320,L,"4,659","8,012","13,368","3,920","3,112"
NUSA TENGGARA TIMUR,MALAKA,5321,P,"5,538","13,101","21,766","7,015","3,837"
NUSA TENGGARA TIMUR,MALAKA,5321,L,"5,982","14,114","20,475","6,885","4,607"
NUSA TENGGARA TIMUR,KOTA KUPANG,5371,P,"5,366","10,765","21,278","4,472","2,475"
NUSA TENGGARA TIMUR,KOTA KUPANG,5371,L,"5,539","11,579","20,719","5,421","1,993"
KALIMANTAN BARAT,SAMBAS,6101,P,"7,345","15,270","32,263","12,814","10,683"
KALIMANTAN BARAT,SAMBAS,6101,L,"7,740","16,147","37,362","11,536","7,768"
KALIMANTAN BARAT,BENGKAYANG,6102,P,"4,002","9,362","17,709","4,859","2,386"
KALIMANTAN BARAT,BENGKAYANG,6102,L,"4,396","9,739","20,573","5,281","2,590"
KALIMANTAN BARAT,LANDAK,6103,P,"8,669","19,630","46,196","13,285","6,552"
KALIMANTAN BARAT,LANDAK,6103,L,"9,371","21,394","55,309","14,520","7,283"
KALIMANTAN BARAT,MEMPAWAH,6104,P,"4,875","10,567","24,084","8,520","5,039"
KALIMANTAN BARAT,MEMPAWAH,6104,L,"5,242","11,205","27,849","8,498","4,796"
KALIMANTAN BARAT,SANGGAU,6105,P,"4,031","10,376","26,021","9,764","5,409"
KALIMANTAN BARAT,SANGGAU,6105,L,"4,441","11,487","31,436","10,090","4,899"
KALIMANTAN BARAT,KETAPANG,6106,P,"5,372","12,136","31,523","11,837","6,487"
KALIMANTAN BARAT,KETAPANG,6106,L,"5,706","13,397","35,831","11,912","6,360"
KALIMANTAN BARAT,SINTANG,6107,P,"7,263","15,116","36,538","11,255","6,250"
KALIMANTAN BARAT,SINTANG,6107,L,"7,502","16,680","41,270","11,318","6,542"
KALIMANTAN BARAT,KAPUAS HULU,6108,P,"4,268","9,741","23,306","8,484","4,598"
KALIMANTAN BARAT,KAPUAS HULU,6108,L,"4,398","10,536","27,394","8,235","4,298"
KALIMANTAN BARAT,SEKADAU,6109,P,"1,617","5,004","10,084","2,723","1,127"
KALIMANTAN BARAT,SEKADAU,6109,L,"1,742","5,401","11,516","3,067","1,151"
KALIMANTAN BARAT,MELAWI,6110,P,"2,335","5,861","14,288","5,328","2,431"
KALIMANTAN BARAT,MELAWI,6110,L,"2,493","6,263","15,903","5,137","2,848"
KALIMANTAN BARAT,KAYONG UTARA,6111,P,"1,762","4,610","8,930","2,619","1,545"
KALIMANTAN BARAT,KAYONG UTARA,6111,L,"1,813","4,525","9,873","2,877","1,514"
KALIMANTAN BARAT,KUBU RAYA,6112,P,"7,980","20,323","50,031","15,021","8,159"
KALIMANTAN BARAT,KUBU RAYA,6112,L,"8,390","21,606","52,899","15,434","8,481"
KALIMANTAN BARAT,KOTA PONTIANAK,6171,P,"3,960","8,697","21,553","8,146","4,729"
KALIMANTAN BARAT,KOTA PONTIANAK,6171,L,"4,348","9,213","24,378","7,516","3,919"
KALIMANTAN BARAT,KOTA SINGKAWANG,6172,P,"3,246","6,075","12,718","3,896","2,587"
KALIMANTAN BARAT,KOTA SINGKAWANG,6172,L,"3,530","6,569","14,783","4,267","2,219"
KALIMANTAN TENGAH,KOTAWARINGIN BARAT,6201,P,"1,163","2,648","6,362","3,439","2,638"
KALIMANTAN TENGAH,KOTAWARINGIN BARAT,6201,L,"1,268","2,891","7,784","2,704","2,433"
KALIMANTAN TENGAH,KOTAWARINGIN TIMUR,6202,P,"4,084","9,752","22,687","7,990","4,737"
KALIMANTAN TENGAH,KOTAWARINGIN TIMUR,6202,L,"4,373","10,343","26,166","8,046","4,327"
KALIMANTAN TENGAH,KAPUAS,6203,P,"4,598","11,269","26,094","8,666","4,109"
KALIMANTAN TENGAH,KAPUAS,6203,L,"5,155","12,313","29,339","9,040","3,938"
KALIMANTAN TENGAH,BARITO SELATAN,6204,P,940,"2,319","4,940","2,327","1,575"
KALIMANTAN TENGAH,BARITO SELATAN,6204,L,966,"2,605","5,882","2,041","1,204"
KALIMANTAN TENGAH,BARITO UTARA,6205,P,764,"2,017","4,580","2,283","1,574"
KALIMANTAN TENGAH,BARITO UTARA,6205,L,820,"2,224","5,538","2,111","1,408"
KALIMANTAN TENGAH,SUKAMARA,6206,P,353,791,"1,841",847,635
KALIMANTAN TENGAH,SUKAMARA,6206,L,348,844,"2,047",688,568
KALIMANTAN TENGAH,LAMANDAU,6207,P,270,902,"1,877","1,067",923
KALIMANTAN TENGAH,LAMANDAU,6207,L,339,948,"2,438",916,977
KALIMANTAN TENGAH,SERUYAN,6208,P,677,"1,879","4,415","2,460","1,497"
KALIMANTAN TENGAH,SERUYAN,6208,L,763,"1,989","5,266","1,822","1,349"
KALIMANTAN TENGAH,KATINGAN,6209,P,914,"2,816","6,272","2,868","2,233"
KALIMANTAN TENGAH,KATINGAN,6209,L,"1,046","3,112","7,834","2,709","1,991"
KALIMANTAN TENGAH,PULANG PISAU,6210,P,"1,519","3,809","8,297","3,282","2,608"
KALIMANTAN TENGAH,PULANG PISAU,6210,L,"1,650","4,063","9,827","3,214","2,526"
KALIMANTAN TENGAH,GUNUNG MAS,6211,P,395,978,"1,376",432,159
KALIMANTAN TENGAH,GUNUNG MAS,6211,L,437,"1,118","1,869",456,206
KALIMANTAN TENGAH,BARITO TIMUR,6212,P,696,"1,562","3,320","1,520","1,364"
KALIMANTAN TENGAH,BARITO TIMUR,6212,L,697,"1,615","4,024","1,252",892
KALIMANTAN TENGAH,MURUNG RAYA,6213,P,"1,321","3,334","5,598","1,588",576
KALIMANTAN TENGAH,MURUNG RAYA,6213,L,"1,401","3,577","6,280","1,774",721
KALIMANTAN TENGAH,KOTA PALANGKA RAYA,6271,P,"1,603","3,556","8,125","2,431","1,267"
KALIMANTAN TENGAH,KOTA PALANGKA RAYA,6271,L,"1,818","3,977","8,596","2,679","1,215"
KALIMANTAN SELATAN,TANAH LAUT,6301,P,"3,030","5,568","12,833","4,966","3,266"
KALIMANTAN SELATAN,TANAH LAUT,6301,L,"3,150","6,060","13,808","4,291","2,732"
KALIMANTAN SELATAN,KOTA BARU,6302,P,"2,686","6,142","12,378","4,748","1,941"
KALIMANTAN SELATAN,KOTA BARU,6302,L,"2,840","6,678","13,599","4,449","2,210"
KALIMANTAN SELATAN,BANJAR,6303,P,"3,965","8,531","19,891","7,632","4,055"
KALIMANTAN SELATAN,BANJAR,6303,L,"4,288","9,171","22,839","7,084","3,331"
KALIMANTAN SELATAN,BARITO KUALA,6304,P,"3,266","6,997","16,357","4,788","2,352"
KALIMANTAN SELATAN,BARITO KUALA,6304,L,"3,618","7,743","18,167","5,290","2,121"
KALIMANTAN SELATAN,TAPIN,6305,P,988,"2,210","5,090","1,987","1,108"
KALIMANTAN SELATAN,TAPIN,6305,L,"1,083","2,440","5,914","1,865",852
KALIMANTAN SELATAN,HULU SUNGAI SELATAN,6306,P,"2,223","5,710","13,084","6,806","5,063"
KALIMANTAN SELATAN,HULU SUNGAI SELATAN,6306,L,"2,392","6,075","15,678","5,817","2,906"
KALIMANTAN SELATAN,HULU SUNGAI TENGAH,6307,P,"2,779","6,575","16,024","8,194","5,958"
KALIMANTAN SELATAN,HULU SUNGAI TENGAH,6307,L,"3,013","7,061","18,623","7,009","3,599"
KALIMANTAN SELATAN,HULU SUNGAI UTARA,6308,P,"3,361","7,222","19,003","8,637","5,739"
KALIMANTAN SELATAN,HULU SUNGAI UTARA,6308,L,"3,591","7,851","20,509","6,733","3,198"
KALIMANTAN SELATAN,TABALONG,6309,P,"2,363","4,704","13,485","6,063","4,444"
KALIMANTAN SELATAN,TABALONG,6309,L,"2,564","5,192","14,758","4,628","2,548"
KALIMANTAN SELATAN,TANAH BUMBU,6310,P,"2,559","5,337","12,137","4,988","4,043"
KALIMANTAN SELATAN,TANAH BUMBU,6310,L,"2,665","5,461","13,422","4,203","3,238"
KALIMANTAN SELATAN,BALANGAN,6311,P,"1,372","2,760","5,828","2,167","1,048"
KALIMANTAN SELATAN,BALANGAN,6311,L,"1,471","2,922","6,451","2,006",763
KALIMANTAN SELATAN,KOTA BANJARMASIN,6371,P,"4,830","11,289","28,933","12,828","6,938"
KALIMANTAN SELATAN,KOTA BANJARMASIN,6371,L,"5,400","12,433","33,041","11,694","5,212"
KALIMANTAN SELATAN,KOTA BANJAR BARU,6372,P,"1,582","3,380","8,885","3,120","1,880"
KALIMANTAN SELATAN,KOTA BANJAR BARU,6372,L,"1,764","3,576","9,289","2,973","1,408"
KALIMANTAN TIMUR,PASER,6401,P,"3,240","6,938","17,264","6,109","2,998"
KALIMANTAN TIMUR,PASER,6401,L,"3,543","7,548","19,152","6,215","3,276"
KALIMANTAN TIMUR,KUTAI BARAT,6402,P,"1,451","3,608","8,139","3,000","1,714"
KALIMANTAN TIMUR,KUTAI BARAT,6402,L,"1,520","4,072","9,640","3,354","2,176"
KALIMANTAN TIMUR,KUTAI KARTANEGARA,6403,P,"4,298","10,969","25,689","11,922","7,934"
KALIMANTAN TIMUR,KUTAI KARTANEGARA,6403,L,"4,531","11,872","31,202","10,775","7,788"
KALIMANTAN TIMUR,KUTAI TIMUR,6404,P,"3,622","7,802","18,364","6,443","2,721"
KALIMANTAN TIMUR,KUTAI TIMUR,6404,L,"4,186","8,282","20,908","6,949","3,483"
KALIMANTAN TIMUR,BERAU,6405,P,"1,182","2,884","5,764","2,552","1,556"
KALIMANTAN TIMUR,BERAU,6405,L,"1,406","3,158","6,938","2,531","1,703"
KALIMANTAN TIMUR,PENAJAM PASER UTARA,6409,P,"1,742","4,408","9,498","3,352","1,732"
KALIMANTAN TIMUR,PENAJAM PASER UTARA,6409,L,"1,902","4,712","10,717","3,614","2,026"
KALIMANTAN TIMUR,MAHAKAM HULU,6411,P,326,799,"1,819",726,515
KALIMANTAN TIMUR,MAHAKAM HULU,6411,L,336,891,"2,422",800,548
KALIMANTAN TIMUR,KOTA BALIKPAPAN,6471,P,"3,362","8,934","20,964","9,374","4,347"
KALIMANTAN TIMUR,KOTA BALIKPAPAN,6471,L,"3,550","9,740","23,338","8,689","3,993"
KALIMANTAN TIMUR,KOTA SAMARINDA,6472,P,"4,367","9,603","22,838","9,889","4,958"
KALIMANTAN TIMUR,KOTA SAMARINDA,6472,L,"4,703","10,402","25,974","9,036","4,186"
KALIMANTAN TIMUR,KOTA BONTANG,6474,P,"1,664","3,461","7,855","2,547",569
KALIMANTAN TIMUR,KOTA BONTANG,6474,L,"1,790","3,864","8,680","2,898",875
KALIMANTAN UTARA,MALINAU,6501,P,916,"2,126","4,203","1,416",868
KALIMANTAN UTARA,MALINAU,6501,L,966,"2,192","5,061","1,447",953
KALIMANTAN UTARA,BULUNGAN,6502,P,810,"2,067","3,967","1,807","1,190"
KALIMANTAN UTARA,BULUNGAN,6502,L,868,"2,427","5,019","1,790","1,319"
KALIMANTAN UTARA,TANA TIDUNG,6503,P,155,346,638,223,121
KALIMANTAN UTARA,TANA TIDUNG,6503,L,178,357,718,253,139
KALIMANTAN UTARA,NUNUKAN,6504,P,"3,018","6,692","13,597","3,445","1,291"
KALIMANTAN UTARA,NUNUKAN,6504,L,"3,153","7,044","15,043","4,375","1,617"
KALIMANTAN UTARA,KOTA TARAKAN,6571,P,"2,254","4,828","10,435","3,300","1,582"
KALIMANTAN UTARA,KOTA TARAKAN,6571,L,"2,416","5,386","12,091","3,508","1,661"
SULAWESI UTARA,BOLAANG MONGONDOW,7101,P,"4,181","10,072","22,422","7,315","4,288"
SULAWESI UTARA,BOLAANG MONGONDOW,7101,L,"4,485","11,400","25,749","8,563","4,207"
SULAWESI UTARA,MINAHASA,7102,P,"4,130","8,294","18,328","6,550","3,507"
SULAWESI UTARA,MINAHASA,7102,L,"4,559","9,572","21,715","8,148","3,600"
SULAWESI UTARA,KEPULAUAN SANGIHE,7103,P,"1,887","3,521","8,823","3,339","2,042"
SULAWESI UTARA,KEPULAUAN SANGIHE,7103,L,"2,034","4,001","10,476","3,768","1,806"
SULAWESI UTARA,KEPULAUAN TALAUD,7104,P,"1,566","3,303","7,021","2,421","1,489"
SULAWESI UTARA,KEPULAUAN TALAUD,7104,L,"1,692","3,835","8,089","2,792","1,378"
SULAWESI UTARA,MINAHASA SELATAN,7105,P,"4,141","9,296","20,452","7,581","4,396"
SULAWESI UTARA,MINAHASA SELATAN,7105,L,"4,686","10,180","23,738","9,136","4,362"
SULAWESI UTARA,MINAHASA UTARA,7106,P,"3,206","6,674","15,140","5,311","2,450"
SULAWESI UTARA,MINAHASA UTARA,7106,L,"3,410","7,057","16,918","5,956","2,508"
SULAWESI UTARA,BOLAANG MONGONDOW UTARA,7107,P,"1,268","3,080","6,138","1,904","1,119"
SULAWESI UTARA,BOLAANG MONGONDOW UTARA,7107,L,"1,339","3,404","6,693","2,131","1,068"
SULAWESI UTARA,SIAU TAGULANDANG BIARO,7108,P,463,986,"2,159",948,707
SULAWESI UTARA,SIAU TAGULANDANG BIARO,7108,L,490,"1,114","2,427",974,447
SULAWESI UTARA,MINAHASA TENGGARA,7109,P,"1,697","3,768","7,094","2,507","2,129"
SULAWESI UTARA,MINAHASA TENGGARA,7109,L,"1,873","4,136","8,433","3,057","1,855"
SULAWESI UTARA,BOLAANG MONGONDOW SELATAN,7110,P,"1,174","2,967","4,940","1,278",529
SULAWESI UTARA,BOLAANG MONGONDOW SELATAN,7110,L,"1,283","3,129","5,683","1,594",607
SULAWESI UTARA,BOLAANG MONGONDOW TIMUR,7111,P,"1,036","2,035","4,232","1,438",891
SULAWESI UTARA,BOLAANG MONGONDOW TIMUR,7111,L,997,"2,218","5,195","1,676",900
SULAWESI UTARA,KOTA MANADO,7171,P,"2,601","7,579","16,060","6,611","3,463"
SULAWESI UTARA,KOTA MANADO,7171,L,"2,802","8,009","18,117","6,814","2,890"
SULAWESI UTARA,KOTA BITUNG,7172,P,"2,212","5,194","11,027","4,291","2,473"
SULAWESI UTARA,KOTA BITUNG,7172,L,"2,360","5,560","12,513","4,444","2,041"
SULAWESI UTARA,KOTA TOMOHON,7173,P,"1,098","2,486","5,825","2,472","2,038"
SULAWESI UTARA,KOTA TOMOHON,7173,L,"1,141","2,815","6,727","2,943","1,865"
SULAWESI UTARA,KOTAMOBAGU,7174,P,"1,139","3,105","6,991","2,703","1,366"
SULAWESI UTARA,KOTAMOBAGU,7174,L,"1,249","3,421","8,331","3,079","1,264"
SULAWESI TENGAH,BANGGAI KEPULAUAN,7201,P,"2,473","5,289","9,719","3,356","2,166"
SULAWESI TENGAH,BANGGAI KEPULAUAN,7201,L,"2,658","5,367","10,789","3,326","2,032"
SULAWESI TENGAH,BANGGAI,7202,P,"6,264","12,765","27,878","9,192","6,616"
SULAWESI TENGAH,BANGGAI,7202,L,"6,671","14,005","30,930","9,192","5,955"
SULAWESI TENGAH,MOROWALI,7203,P,"1,901","3,850","8,332","3,019","1,928"
SULAWESI TENGAH,MOROWALI,7203,L,"1,969","4,184","9,095","2,693","1,643"
SULAWESI TENGAH,POSO,7204,P,"4,668","9,525","20,774","6,879","4,678"
SULAWESI TENGAH,POSO,7204,L,"5,021","10,330","23,281","7,722","4,473"
SULAWESI TENGAH,DONGGALA,7205,P,"7,938","16,547","30,508","8,223","4,166"
SULAWESI TENGAH,DONGGALA,7205,L,"8,488","17,820","33,460","9,269","4,506"
SULAWESI TENGAH,TOLI-TOLI,7206,P,"5,137","9,885","17,489","4,439","2,680"
SULAWESI TENGAH,TOLI-TOLI,7206,L,"5,342","10,405","19,194","5,161","2,734"
SULAWESI TENGAH,BUOL,7207,P,"3,183","7,749","13,005","3,101","1,724"
SULAWESI TENGAH,BUOL,7207,L,"3,603","8,281","14,687","3,672","1,879"
SULAWESI TENGAH,PARIGI MOUTONG,7208,P,"10,742","21,173","41,854","11,353","5,248"
SULAWESI TENGAH,PARIGI MOUTONG,7208,L,"11,396","22,895","45,842","12,852","5,829"
SULAWESI TENGAH,TOJO UNA-UNA,7209,P,"3,502","7,639","13,511","3,648","1,829"
SULAWESI TENGAH,TOJO UNA-UNA,7209,L,"3,712","8,189","15,586","4,318","2,026"
SULAWESI TENGAH,SIGI,7210,P,"4,466","9,832","20,959","5,566","2,684"
SULAWESI TENGAH,SIGI,7210,L,"5,006","10,757","23,377","6,117","2,732"
SULAWESI TENGAH,BANGGAI LAUT,7211,P,"1,098","1,917","3,635","1,078",656
SULAWESI TENGAH,BANGGAI LAUT,7211,L,"1,166","1,981","3,947",969,600
SULAWESI TENGAH,MOROWALI UTARA,7212,P,"1,939","4,108","7,854","2,821","1,934"
SULAWESI TENGAH,MOROWALI UTARA,7212,L,"1,994","4,575","9,006","2,853","1,853"
SULAWESI TENGAH,KOTA PALU,7271,P,"3,141","6,405","12,640","3,603","2,006"
SULAWESI TENGAH,KOTA PALU,7271,L,"3,527","6,774","14,064","3,668","1,711"
SULAWESI SELATAN,KEPULAUAN SELAYAR,7301,P,"1,906","5,148","9,942","4,497","3,660"
SULAWESI SELATAN,KEPULAUAN SELAYAR,7301,L,"2,104","5,364","9,736","3,564","2,570"
SULAWESI SELATAN,BULUKUMBA,7302,P,"4,815","12,137","26,894","12,564","10,292"
SULAWESI SELATAN,BULUKUMBA,7302,L,"5,200","12,574","27,219","9,197","6,556"
SULAWESI SELATAN,BANTAENG,7303,P,"2,906","6,271","14,737","5,011","3,307"
SULAWESI SELATAN,BANTAENG,7303,L,"3,021","6,339","15,126","4,554","2,628"
SULAWESI SELATAN,JENEPONTO,7304,P,"8,598","18,904","47,662","16,043","10,013"
SULAWESI SELATAN,JENEPONTO,7304,L,"8,855","19,950","48,848","14,704","8,188"
SULAWESI SELATAN,TAKALAR,7305,P,"7,400","13,379","32,822","10,670","7,366"
SULAWESI SELATAN,TAKALAR,7305,L,"7,929","14,095","33,634","10,045","5,078"
SULAWESI SELATAN,GOWA,7306,P,"12,215","26,363","61,514","21,828","15,718"
SULAWESI SELATAN,GOWA,7306,L,"13,132","28,003","63,303","20,001","12,320"
SULAWESI SELATAN,SINJAI,7307,P,"3,344","8,444","17,199","6,648","5,783"
SULAWESI SELATAN,SINJAI,7307,L,"3,565","9,250","18,433","5,870","3,935"
SULAWESI SELATAN,MAROS,7308,P,"5,936","12,880","28,063","10,437","7,071"
SULAWESI SELATAN,MAROS,7308,L,"6,485","13,673","28,990","9,293","5,200"
SULAWESI SELATAN,PANGKAJENE DAN KEPULAUAN,7309,P,"6,439","14,055","30,168","10,954","6,882"
SULAWESI SELATAN,PANGKAJENE DAN KEPULAUAN,7309,L,"6,941","14,522","31,348","9,462","4,870"
SULAWESI SELATAN,BARRU,7310,P,"2,469","5,792","12,241","5,577","4,897"
SULAWESI SELATAN,BARRU,7310,L,"2,674","6,304","12,736","4,701","3,515"
SULAWESI SELATAN,BONE,7311,P,"13,442","29,002","66,118","27,838","25,234"
SULAWESI SELATAN,BONE,7311,L,"14,323","31,045","68,777","22,007","16,751"
SULAWESI SELATAN,SOPPENG,7312,P,"2,879","6,376","15,324","7,792","7,744"
SULAWESI SELATAN,SOPPENG,7312,L,"3,111","6,814","15,807","6,056","4,858"
SULAWESI SELATAN,WAJO,7313,P,"4,987","9,822","24,303","11,411","7,045"
SULAWESI SELATAN,WAJO,7313,L,"5,312","11,030","25,109","8,806","5,331"
SULAWESI SELATAN,SIDENRENG RAPPANG,7314,P,"3,780","7,786","17,358","6,985","6,110"
SULAWESI SELATAN,SIDENRENG RAPPANG,7314,L,"4,120","8,403","19,126","5,716","3,937"
SULAWESI SELATAN,PINRANG,7315,P,"4,607","9,609","18,247","7,280","6,383"
SULAWESI SELATAN,PINRANG,7315,L,"4,894","10,272","19,362","6,000","4,086"
SULAWESI SELATAN,ENREKANG,7316,P,"4,439","9,806","16,592","5,424","5,134"
SULAWESI SELATAN,ENREKANG,7316,L,"4,728","10,454","18,553","5,535","4,155"
SULAWESI SELATAN,LUWU,7317,P,"7,977","17,214","32,351","7,962","6,258"
SULAWESI SELATAN,LUWU,7317,L,"8,636","19,000","35,132","8,010","5,307"
SULAWESI SELATAN,TANA TORAJA,7318,P,"5,351","12,968","21,180","6,840","5,758"
SULAWESI SELATAN,TANA TORAJA,7318,L,"6,024","14,507","24,520","7,060","4,652"
SULAWESI SELATAN,LUWU UTARA,7322,P,"6,485","14,247","29,245","7,829","5,979"
SULAWESI SELATAN,LUWU UTARA,7322,L,"6,962","15,479","31,856","8,218","5,430"
SULAWESI SELATAN,LUWU TIMUR,7325,P,"3,756","8,358","16,665","4,665","3,402"
SULAWESI SELATAN,LUWU TIMUR,7325,L,"4,177","8,990","17,816","4,834","3,256"
SULAWESI SELATAN,TORAJA UTARA,7326,P,"5,965","13,658","21,218","6,333","6,214"
SULAWESI SELATAN,TORAJA UTARA,7326,L,"6,348","14,881","24,638","6,473","5,569"
SULAWESI SELATAN,KOTA MAKASSAR,7371,P,"11,665","26,202","49,861","14,964","8,556"
SULAWESI SELATAN,KOTA MAKASSAR,7371,L,"12,660","28,288","54,905","14,270","6,714"
SULAWESI SELATAN,KOTA PAREPARE,7372,P,"1,592","3,353","6,411","2,160","1,530"
SULAWESI SELATAN,KOTA PAREPARE,7372,L,"1,769","3,736","7,340","2,045","1,021"
SULAWESI SELATAN,KOTA PALOPO,7373,P,"2,021","4,421","8,306","1,687",907
SULAWESI SELATAN,KOTA PALOPO,7373,L,"2,189","4,578","9,295","2,011",772
SULAWESI TENGGARA,BUTON,7401,P,"3,278","6,151","9,939","2,810","2,172"
SULAWESI TENGGARA,BUTON,7401,L,"3,457","6,509","10,604","2,612","1,861"
SULAWESI TENGGARA,MUNA,7402,P,"6,643","12,709","22,088","7,113","5,842"
SULAWESI TENGGARA,MUNA,7402,L,"7,076","13,649","21,977","5,930","3,643"
SULAWESI TENGGARA,KONAWE,7403,P,"5,775","10,436","19,689","4,732","3,098"
SULAWESI TENGGARA,KONAWE,7403,L,"6,259","11,207","22,186","5,199","3,158"
SULAWESI TENGGARA,KOLAKA,7404,P,"3,565","7,067","12,174","3,069","1,974"
SULAWESI TENGGARA,KOLAKA,7404,L,"3,997","7,539","13,260","3,336","2,120"
SULAWESI TENGGARA,KONAWE SELATAN,7405,P,"6,166","12,174","21,085","5,536","3,264"
SULAWESI TENGGARA,KONAWE SELATAN,7405,L,"6,356","12,551","22,419","5,769","3,590"
SULAWESI TENGGARA,BOMBANA,7406,P,"4,080","7,720","15,014","4,278","2,745"
SULAWESI TENGGARA,BOMBANA,7406,L,"4,197","7,869","15,655","4,014","2,256"
SULAWESI TENGGARA,WAKATOBI,7407,P,"1,994","4,140","7,698","1,907","1,263"
SULAWESI TENGGARA,WAKATOBI,7407,L,"2,142","4,261","7,606","2,064","1,279"
SULAWESI TENGGARA,KOLAKA UTARA,7408,P,"3,607","7,269","17,041","4,056","1,780"
SULAWESI TENGGARA,KOLAKA UTARA,7408,L,"3,815","7,822","18,108","4,654","1,815"
SULAWESI TENGGARA,BUTON UTARA,7409,P,"1,831","3,508","6,061","1,611","1,231"
SULAWESI TENGGARA,BUTON UTARA,7409,L,"1,946","3,861","6,347","1,638","1,016"
SULAWESI TENGGARA,KONAWE UTARA,7410,P,"1,713","3,176","5,888","1,246",410
SULAWESI TENGGARA,KONAWE UTARA,7410,L,"1,822","3,477","6,785","1,468",492
SULAWESI TENGGARA,KOLAKA TIMUR,7411,P,"2,298","4,357","8,734","2,170","1,404"
SULAWESI TENGGARA,KOLAKA TIMUR,7411,L,"2,596","4,545","9,519","2,474","1,573"
SULAWESI TENGGARA,KONAWE KEPULAUAN,7412,P,"1,349","2,593","5,068","1,372",694
SULAWESI TENGGARA,KONAWE KEPULAUAN,7412,L,"1,469","2,823","5,547","1,373",701
SULAWESI TENGGARA,MUNA BARAT,7413,P,"2,714","5,376","10,373","3,276","2,359"
SULAWESI TENGGARA,MUNA BARAT,7413,L,"2,992","5,646","10,621","2,793","1,699"
SULAWESI TENGGARA,BUTON TENGAH,7414,P,"3,519","6,646","10,650","3,339","3,486"
SULAWESI TENGGARA,BUTON TENGAH,7414,L,"3,672","7,033","11,115","2,766","2,221"
SULAWESI TENGGARA,BUTON SELATAN,7415,P,"3,295","6,151","9,525","2,562","2,307"
SULAWESI TENGGARA,BUTON SELATAN,7415,L,"3,406","6,574","10,261","2,310","1,709"
SULAWESI TENGGARA,KOTA KENDARI,7471,P,"4,781","8,732","20,003","4,260","1,473"
SULAWESI TENGGARA,KOTA KENDARI,7471,L,"5,056","9,703","20,995","4,784","1,508"
SULAWESI TENGGARA,KOTA BAUBAU,7472,P,"3,266","6,252","12,376","3,327","2,326"
SULAWESI TENGGARA,KOTA BAUBAU,7472,L,"3,547","6,773","13,187","3,049","1,620"
GORONTALO,BOALEMO,7501,P,"2,870","6,680","13,796","4,257","2,179"
GORONTALO,BOALEMO,7501,L,"3,007","7,225","15,764","4,597","2,152"
GORONTALO,GORONTALO,7502,P,"8,659","19,208","43,509","14,047","7,712"
GORONTALO,GORONTALO,7502,L,"9,164","20,149","48,372","14,730","7,107"
GORONTALO,POHUWATO,7503,P,"2,570","5,766","11,592","3,316","1,511"
GORONTALO,POHUWATO,7503,L,"2,757","6,158","13,180","3,749","1,644"
GORONTALO,BONE BOLANGO,7504,P,"3,087","6,717","13,194","4,066","2,564"
GORONTALO,BONE BOLANGO,7504,L,"3,265","7,128","15,087","4,434","2,245"
GORONTALO,GORONTALO UTARA,7505,P,"2,652","5,914","11,491","3,275","1,779"
GORONTALO,GORONTALO UTARA,7505,L,"2,788","6,162","12,487","3,675","1,861"
GORONTALO,KOTA GORONTALO,7571,P,"2,519","5,987","12,223","4,108","2,161"
GORONTALO,KOTA GORONTALO,7571,L,"2,710","6,575","13,249","4,040","1,587"
SULAWESI BARAT,MAJENE,7601,P,"5,334","10,695","19,029","4,999","3,266"
SULAWESI BARAT,MAJENE,7601,L,"5,462","11,289","19,759","4,920","2,633"
SULAWESI BARAT,POLEWALI MANDAR,7602,P,"9,691","20,898","40,068","12,607","8,632"
SULAWESI BARAT,POLEWALI MANDAR,7602,L,"10,285","22,608","42,846","11,386","6,376"
SULAWESI BARAT,MAMASA,7603,P,"4,371","10,269","19,539","5,514","3,221"
SULAWESI BARAT,MAMASA,7603,L,"4,659","11,350","21,684","5,482","3,583"
SULAWESI BARAT,MAMUJU,7604,P,"5,265","9,904","17,966","4,096","2,418"
SULAWESI BARAT,MAMUJU,7604,L,"5,827","10,617","19,128","4,145","2,431"
SULAWESI BARAT,MAMUJU UTARA,7605,P,"2,563","5,494","10,108","2,110",932
SULAWESI BARAT,MAMUJU UTARA,7605,L,"2,814","5,852","10,706","2,500","1,056"
SULAWESI BARAT,MAMUJU TENGAH,7606,P,"1,799","3,477","6,520","1,705",906
SULAWESI BARAT,MAMUJU TENGAH,7606,L,"1,867","3,881","6,963","1,757","1,052"
MALUKU,MALUKU TENGGARA BARAT,8101,P,"3,365","7,440","11,535","4,247","2,668"
MALUKU,MALUKU TENGGARA BARAT,8101,L,"3,594","8,117","12,141","4,309","2,713"
MALUKU,MALUKU TENGGARA,8102,P,"2,806","5,671","8,202","2,545","1,396"
MALUKU,MALUKU TENGGARA,8102,L,"2,982","6,267","8,782","2,645","1,307"
MALUKU,MALUKU TENGAH,8103,P,"9,462","20,467","38,624","12,065","6,573"
MALUKU,MALUKU TENGAH,8103,L,"10,075","22,201","40,510","11,959","7,122"
MALUKU,BURU,8104,P,"2,717","5,596","9,318","1,966",867
MALUKU,BURU,8104,L,"3,004","6,258","9,498","2,411","1,094"
MALUKU,KEPULAUAN ARU,8105,P,"2,872","4,898","7,138","2,179",996
MALUKU,KEPULAUAN ARU,8105,L,"3,206","5,388","7,552","2,511","1,130"
MALUKU,SERAM BAGIAN BARAT,8106,P,"6,126","13,158","21,013","5,555","2,745"
MALUKU,SERAM BAGIAN BARAT,8106,L,"6,491","14,219","22,878","5,958","3,069"
MALUKU,SERAM BAGIAN TIMUR,8107,P,"2,942","6,166","9,107","2,706","1,075"
MALUKU,SERAM BAGIAN TIMUR,8107,L,"3,267","6,924","9,111","2,822","1,216"
MALUKU,MALUKU BARAT DAYA,8108,P,"2,986","5,690","9,040","3,292","2,429"
MALUKU,MALUKU BARAT DAYA,8108,L,"3,309","6,178","9,728","3,338","2,354"
MALUKU,BURU SELATAN,8109,P,"1,704","3,902","6,338","1,658",629
MALUKU,BURU SELATAN,8109,L,"1,886","4,417","6,833","1,726",780
MALUKU,KOTA AMBON,8171,P,"4,470","9,326","19,879","5,839","3,470"
MALUKU,KOTA AMBON,8171,L,"4,786","10,350","20,705","5,529","2,882"
MALUKU,KOTA TUAL,8172,P,"1,573","3,023","5,119","1,518",751
MALUKU,KOTA TUAL,8172,L,"1,580","3,235","5,231","1,477",719
MALUKU UTARA,HALMAHERA BARAT,8201,P,"1,736","4,171","6,994","1,835","1,135"
MALUKU UTARA,HALMAHERA BARAT,8201,L,"1,890","4,321","7,653","2,093","1,150"
MALUKU UTARA,HALMAHERA TENGAH,8202,P,986,"2,642","4,212","1,245",621
MALUKU UTARA,HALMAHERA TENGAH,8202,L,"1,059","2,788","4,490","1,417",680
MALUKU UTARA,KEPULAUAN SULA,8203,P,"1,140","2,836","4,528","1,238",542
MALUKU UTARA,KEPULAUAN SULA,8203,L,"1,155","3,161","4,699","1,328",514
MALUKU UTARA,HALMAHERA SELATAN,8204,P,"2,626","6,553","10,715","2,920","1,344"
MALUKU UTARA,HALMAHERA SELATAN,8204,L,"2,789","7,301","11,646","3,230","1,564"
MALUKU UTARA,HALMAHERA UTARA,8205,P,"1,985","4,644","6,829","1,637",703
MALUKU UTARA,HALMAHERA UTARA,8205,L,"1,940","4,898","7,280","1,871",780
MALUKU UTARA,HALMAHERA TIMUR,8206,P,"1,294","3,022","6,309","1,772",967
MALUKU UTARA,HALMAHERA TIMUR,8206,L,"1,440","3,243","6,864","1,934","1,195"
MALUKU UTARA,PULAU MOROTAI,8207,P,"1,121","2,519","3,720",831,360
MALUKU UTARA,PULAU MOROTAI,8207,L,"1,219","2,751","4,130",968,466
MALUKU UTARA,PULAU TALIABU,8208,P,600,"1,408","2,411",583,356
MALUKU UTARA,PULAU TALIABU,8208,L,660,"1,562","2,502",617,381
MALUKU UTARA,KOTA TERNATE,8271,P,708,"1,825","3,321","1,149",700
MALUKU UTARA,KOTA TERNATE,8271,L,813,"1,970","3,437","1,047",547
MALUKU UTARA,KOTA TIDORE KEPULAUAN,8272,P,988,"2,701","6,017","2,038","1,188"
MALUKU UTARA,KOTA TIDORE KEPULAUAN,8272,L,"1,124","2,906","6,483","1,987","1,023"
PAPUA BARAT,FAKFAK,9101,P,"2,350","4,103","8,252","2,180",671
PAPUA BARAT,FAKFAK,9101,L,"2,516","4,366","8,619","2,478",937
PAPUA BARAT,KAIMANA,9102,P,"1,299","2,509","4,320","1,168",264
PAPUA BARAT,KAIMANA,9102,L,"1,501","2,887","4,433","1,358",321
PAPUA BARAT,TELUK WONDAMA,9103,P,"1,115","1,666","2,539",672,242
PAPUA BARAT,TELUK WONDAMA,9103,L,"1,230","1,737","2,739",810,250
PAPUA BARAT,TELUK BINTUNI,9104,P,"1,668","2,821","5,443","1,183",249
PAPUA BARAT,TELUK BINTUNI,9104,L,"1,931","3,271","5,421","1,444",393
PAPUA BARAT,MANOKWARI,9105,P,"2,457","4,480","10,198","2,632","1,007"
PAPUA BARAT,MANOKWARI,9105,L,"2,749","4,986","10,576","2,622","1,169"
PAPUA BARAT,SORONG SELATAN,9106,P,"1,248","2,417","4,080",862,234
PAPUA BARAT,SORONG SELATAN,9106,L,"1,338","2,605","4,006","1,005",274
PAPUA BARAT,SORONG,9107,P,"2,124","3,771","7,074","2,134",829
PAPUA BARAT,SORONG,9107,L,"2,312","4,197","7,622","2,356","1,199"
PAPUA BARAT,RAJA AMPAT,9108,P,"1,908","3,107","4,724","1,157",323
PAPUA BARAT,RAJA AMPAT,9108,L,"2,111","3,430","4,892","1,406",481
PAPUA BARAT,TAMBRAUW,9109,P,822,"1,263","2,305",581,131
PAPUA BARAT,TAMBRAUW,9109,L,"1,009","1,412","2,370",659,189
PAPUA BARAT,MAYBRAT,9110,P,665,"1,458","3,602","1,287",511
PAPUA BARAT,MAYBRAT,9110,L,715,"1,606","3,364","1,320",531
PAPUA BARAT,MANOKWARI SELATAN,9111,P,946,"1,523","3,789",850,240
PAPUA BARAT,MANOKWARI SELATAN,9111,L,928,"1,578","4,040",935,308
PAPUA BARAT,PEGUNUNGAN ARFAK,9112,P,"1,038","2,051","6,861","1,049",101
PAPUA BARAT,PEGUNUNGAN ARFAK,9112,L,"1,011","2,363","6,543","1,208",145
PAPUA BARAT,KOTA SORONG,9171,P,"3,409","6,557","12,608","3,073","1,026"
PAPUA BARAT,KOTA SORONG,9171,L,"3,815","7,321","13,146","3,281","1,250"
PAPUA,MERAUKE,9401,P,"2,434","6,127","13,331","3,669","1,295"
PAPUA,MERAUKE,9401,L,"2,868","6,928","14,774","3,956","1,843"
PAPUA,JAYAWIJAYA,9402,P,619,"2,128","10,545","2,965",116
PAPUA,JAYAWIJAYA,9402,L,717,"2,543","10,067","3,325",268
PAPUA,JAYAPURA,9403,P,"2,311","4,513","8,796","2,515",906
PAPUA,JAYAPURA,9403,L,"2,556","5,057","9,209","2,818","1,206"
PAPUA,NABIRE,9404,P,"1,133","2,848","8,212","2,470",777
PAPUA,NABIRE,9404,L,"1,333","3,276","8,694","2,883","1,091"
PAPUA,KEPULAUAN YAPEN,9408,P,"1,296","2,930","7,388","1,986",711
PAPUA,KEPULAUAN YAPEN,9408,L,"1,506","3,302","7,737","2,103",771
PAPUA,BIAK NUMFOR,9409,P,"3,489","6,123","12,795","3,897","1,615"
PAPUA,BIAK NUMFOR,9409,L,"3,865","6,662","13,793","3,859","1,616"
PAPUA,PANIAI,9410,P,"1,108","2,594","6,586",760,100
PAPUA,PANIAI,9410,L,"2,014","4,006","6,726","1,036",113
PAPUA,PUNCAK JAYA,9411,P,"1,056","2,211","7,347","1,004",48
PAPUA,PUNCAK JAYA,9411,L,"1,367","2,980","7,373","1,423",80
PAPUA,MIMIKA,9412,P,"2,986","5,415","13,213","2,665",554
PAPUA,MIMIKA,9412,L,"3,447","6,435","13,593","3,106",750
PAPUA,BOVEN DIGOEL,9413,P,"1,579","2,604","5,163","1,040",188
PAPUA,BOVEN DIGOEL,9413,L,"1,906","2,994","5,360","1,268",223
PAPUA,MAPPI,9414,P,"2,632","5,708","11,934","2,004",381
PAPUA,MAPPI,9414,L,"2,995","6,571","12,016","2,263",450
PAPUA,ASMAT,9415,P,"3,521","4,735","11,234","1,872",289
PAPUA,ASMAT,9415,L,"4,000","5,542","11,210","2,259",475
PAPUA,YAHUKIMO,9416,P,"1,104","2,370","9,683","1,398",83
PAPUA,YAHUKIMO,9416,L,"1,856","3,911","10,361","1,862",225
PAPUA,PEGUNUNGAN BINTANG,9417,P,"1,874","4,958","12,117","2,046",131
PAPUA,PEGUNUNGAN BINTANG,9417,L,"2,307","6,157","11,781","3,054",232
PAPUA,TOLIKARA,9418,P,463,859,"3,988",628,23
PAPUA,TOLIKARA,9418,L,475,"1,222","4,214",734,59
PAPUA,SARMI,9419,P,642,968,"2,051",463,117
PAPUA,SARMI,9419,L,709,"1,114","2,236",553,172
PAPUA,KEEROM,9420,P,935,"2,097","5,499","1,582",501
PAPUA,KEEROM,9420,L,943,"2,354","5,689","1,746",701
PAPUA,WAROPEN,9426,P,304,667,"1,497",453,193
PAPUA,WAROPEN,9426,L,319,709,"1,540",504,197
PAPUA,SUPIORI,9427,P,500,"1,190","1,847",656,287
PAPUA,SUPIORI,9427,L,546,"1,297","1,929",723,336
PAPUA,MAMBERAMO RAYA,9428,P,193,399,827,150,24
PAPUA,MAMBERAMO RAYA,9428,L,199,520,877,173,45
PAPUA,NDUGA,9429,P,0,0,0,0,0
PAPUA,NDUGA,9429,L,0,0,0,0,0
PAPUA,LANNY JAYA,9430,P,599,"1,938","5,186","1,036",19
PAPUA,LANNY JAYA,9430,L,692,"2,373","4,897","1,409",140
PAPUA,MAMBERAMO TENGAH,9431,P,46,286,636,51,8
PAPUA,MAMBERAMO TENGAH,9431,L,49,270,696,82,8
PAPUA,YALIMO,9432,P,212,"3,417","6,296","1,175",98
PAPUA,YALIMO,9432,L,222,"3,776","6,423","1,600",205
PAPUA,PUNCAK,9433,P,330,"1,293","11,207","2,934",113
PAPUA,PUNCAK,9433,L,400,"1,615","11,098","3,903",231
PAPUA,DOGIYAI,9434,P,507,911,"3,860",581,54
PAPUA,DOGIYAI,9434,L,721,"1,264","3,794",731,96
PAPUA,INTAN JAYA,9435,P,18,52,162,37,0
PAPUA,INTAN JAYA,9435,L,22,74,201,48,0
PAPUA,DEIYAI,9436,P,763,"1,643","3,087",349,5
PAPUA,DEIYAI,9436,L,820,"1,765","2,879",303,7
PAPUA,KOTA JAYAPURA,9471,P,"3,294","6,365","16,427","4,166","1,773"
PAPUA,KOTA JAYAPURA,9471,L,"3,588","6,973","17,552","4,202","1,848"
