Provinsi,NamaKab/Kota,KodeKab/Kota,Jenis kelamin,SD/SDLB/Paket A,M. Ibtidaiyah,SMP/SMPLB/Paket B,M. Tsanawiyah,SMA/SMK/SMALB/Paket C,M. Aliyah,Perguruan Tinggi
ACEH,SIMEULUE,1101,P,"3,575",83,"1,576",57,971,11,74
ACEH,SIMEULUE,1101,L,"3,838",102,"1,658",53,"1,066",20,84
ACEH,ACEH SINGKIL,1102,P,"4,575",26,"1,989",105,"1,365",57,332
ACEH,ACEH SINGKIL,1102,L,"4,869",41,"1,886",79,"1,297",46,199
ACEH,ACEH SELATAN,1103,P,"6,633",463,"3,539",382,"2,350",141,329
ACEH,ACEH SELATAN,1103,L,"7,094",470,"3,830",364,"2,189",88,234
ACEH,ACEH TENGGARA,1104,P,"6,011",166,"3,154",81,"2,273",31,336
ACEH,ACEH TENGGARA,1104,L,"6,610",176,"3,437",79,"2,204",32,251
ACEH,ACEH TIMUR,1105,P,"14,312","1,146","6,096",855,"3,307",273,700
ACEH,ACEH TIMUR,1105,L,"15,367","1,150","6,238",799,"2,987",184,335
ACEH,ACEH TENGAH,1106,P,"4,361",338,"1,969",217,"1,423",100,606
ACEH,ACEH TENGAH,1106,L,"4,732",367,"2,085",189,"1,460",69,426
ACEH,ACEH BARAT,1107,P,"4,154",231,"1,900",191,"1,630",62,643
ACEH,ACEH BARAT,1107,L,"4,448",215,"2,087",162,"1,577",43,513
ACEH,ACEH BESAR,1108,P,"9,482","1,229","3,920",589,"2,723",252,"1,168"
ACEH,ACEH BESAR,1108,L,"10,761","1,232","4,322",579,"2,831",179,724
ACEH,PIDIE,1109,P,"14,014","1,180","6,720",905,"4,421",359,"1,306"
ACEH,PIDIE,1109,L,"14,963","1,274","7,214",752,"4,163",224,640
ACEH,BIREUEN,1110,P,"12,342","1,722","6,413",747,"4,428",302,"1,627"
ACEH,BIREUEN,1110,L,"13,396","1,799","6,970",619,"3,989",216,797
ACEH,ACEH UTARA,1111,P,"21,893",822,"10,843",568,"6,048",247,"2,020"
ACEH,ACEH UTARA,1111,L,"23,988",825,"11,207",547,"5,352",195,"1,017"
ACEH,ACEH BARAT DAYA,1112,P,"4,236",160,"2,414",181,"1,877",39,545
ACEH,ACEH BARAT DAYA,1112,L,"4,779",183,"2,564",137,"1,735",32,321
ACEH,GAYO LUES,1113,P,"2,401",79,"1,250",33,897,11,79
ACEH,GAYO LUES,1113,L,"2,605",88,"1,283",35,851,12,96
ACEH,ACEH TAMIANG,1114,P,"7,392",339,"3,361",257,"2,183",145,496
ACEH,ACEH TAMIANG,1114,L,"7,899",370,"3,517",288,"1,932",133,216
ACEH,NAGAN RAYA,1115,P,"3,787",163,"2,037",94,"1,453",38,452
ACEH,NAGAN RAYA,1115,L,"4,135",154,"2,119",72,"1,326",25,309
ACEH,ACEH JAYA,1116,P,"2,016",172,921,92,687,35,74
ACEH,ACEH JAYA,1116,L,"2,088",158,902,89,615,17,41
ACEH,BENER MERIAH,1117,P,"3,052",111,"1,406",86,789,20,139
ACEH,BENER MERIAH,1117,L,"3,296",141,"1,406",81,693,23,101
ACEH,PIDIE JAYA,1118,P,"4,836",485,"2,419",299,"1,677",142,606
ACEH,PIDIE JAYA,1118,L,"5,147",548,"2,693",283,"1,542",128,324
ACEH,KOTA BANDA ACEH,1171,P,"2,204",252,922,106,825,22,483
ACEH,KOTA BANDA ACEH,1171,L,"2,472",222,983,87,807,13,328
ACEH,KOTA SABANG,1172,P,571,42,218,32,201,28,28
ACEH,KOTA SABANG,1172,L,690,47,271,38,185,16,11
ACEH,KOTA LANGSA,1173,P,"3,089",279,"1,525",211,"1,272",96,584
ACEH,KOTA LANGSA,1173,L,"3,447",270,"1,640",177,"1,222",61,326
ACEH,KOTA LHOKSEUMAWE,1174,P,"3,873",162,"2,082",136,"1,706",45,821
ACEH,KOTA LHOKSEUMAWE,1174,L,"4,168",173,"2,314",120,"1,632",46,543
ACEH,KOTA SUBULUSSALAM,1175,P,"3,122",5,"1,551",32,"1,113",14,125
ACEH,KOTA SUBULUSSALAM,1175,L,"3,445",13,"1,559",33,"1,045",14,103
SUMATERA UTARA,NIAS,1201,P,"9,649",10,"3,293",4,"1,704",1,157
SUMATERA UTARA,NIAS,1201,L,"10,332",15,"3,934",7,"2,203",3,305
SUMATERA UTARA,MANDAILING NATAL,1202,P,"13,727",33,"4,041","1,246","1,853",515,123
SUMATERA UTARA,MANDAILING NATAL,1202,L,"14,460",43,"4,219","1,021","1,621",290,87
SUMATERA UTARA,TAPANULI SELATAN,1203,P,"7,340",19,"2,464",297,"1,120",69,62
SUMATERA UTARA,TAPANULI SELATAN,1203,L,"7,870",27,"2,491",326,971,64,31
SUMATERA UTARA,TAPANULI TENGAH,1204,P,"12,263",397,"4,831",461,"3,264",262,197
SUMATERA UTARA,TAPANULI TENGAH,1204,L,"13,220",398,"5,002",403,"2,801",157,91
SUMATERA UTARA,TAPANULI UTARA,1205,P,"10,754",29,"4,922",29,"3,441",13,110
SUMATERA UTARA,TAPANULI UTARA,1205,L,"11,648",31,"4,974",23,"3,143",5,87
SUMATERA UTARA,TOBA SAMOSIR,1206,P,"4,718",4,"1,958",0,"1,059",0,16
SUMATERA UTARA,TOBA SAMOSIR,1206,L,"5,076",0,"1,996",1,"1,021",0,12
SUMATERA UTARA,LABUHAN BATU,1207,P,"8,026",118,"3,101",383,"1,529",79,91
SUMATERA UTARA,LABUHAN BATU,1207,L,"8,486",122,"3,265",322,"1,525",54,59
SUMATERA UTARA,ASAHAN,1208,P,"12,309",282,"4,523",659,"2,054",225,22
SUMATERA UTARA,ASAHAN,1208,L,"13,016",264,"4,462",585,"1,629",158,16
SUMATERA UTARA,SIMALUNGUN,1209,P,"13,854",70,"5,975",251,"3,200",70,89
SUMATERA UTARA,SIMALUNGUN,1209,L,"15,152",87,"6,248",213,"2,925",55,52
SUMATERA UTARA,DAIRI,1210,P,"8,874",50,"3,620",33,"1,809",15,32
SUMATERA UTARA,DAIRI,1210,L,"9,505",43,"3,600",35,"1,533",16,14
SUMATERA UTARA,KARO,1211,P,"8,993",16,"3,816",6,"2,474",3,164
SUMATERA UTARA,KARO,1211,L,"9,823",11,"3,800",7,"2,316",0,106
SUMATERA UTARA,DELI SERDANG,1212,P,"25,429",219,"12,348",260,"6,600",99,384
SUMATERA UTARA,DELI SERDANG,1212,L,"27,752",202,"12,694",256,"6,353",56,190
SUMATERA UTARA,LANGKAT,1213,P,"26,577",807,"10,911","1,301","5,230",304,328
SUMATERA UTARA,LANGKAT,1213,L,"28,454",880,"11,182","1,118","4,388",183,184
SUMATERA UTARA,NIAS SELATAN,1214,P,"16,906",37,"6,610",24,"3,967",6,531
SUMATERA UTARA,NIAS SELATAN,1214,L,"18,757",53,"7,461",16,"4,192",3,628
SUMATERA UTARA,HUMBANG HASUNDUTAN,1215,P,"6,376",23,"2,742",3,"1,493",1,12
SUMATERA UTARA,HUMBANG HASUNDUTAN,1215,L,"6,731",26,"2,873",4,"1,404",1,7
SUMATERA UTARA,PAKPAK BHARAT,1216,P,"1,416",47,625,20,270,0,6
SUMATERA UTARA,PAKPAK BHARAT,1216,L,"1,554",26,593,13,226,0,4
SUMATERA UTARA,SAMOSIR,1217,P,"4,408",6,"1,908",1,924,0,14
SUMATERA UTARA,SAMOSIR,1217,L,"4,666",6,"1,975",0,876,0,7
SUMATERA UTARA,SERDANG BEDAGAI,1218,P,"11,824",113,"4,957",326,"2,748",95,63
SUMATERA UTARA,SERDANG BEDAGAI,1218,L,"12,719",136,"5,056",311,"2,336",77,41
SUMATERA UTARA,BATU BARA,1219,P,"13,126",261,"4,849",907,"2,726",463,0
SUMATERA UTARA,BATU BARA,1219,L,"14,460",297,"4,707",887,"2,320",360,2
SUMATERA UTARA,PADANG LAWAS UTARA,1220,P,"5,979",95,"1,239",799,743,354,35
SUMATERA UTARA,PADANG LAWAS UTARA,1220,L,"6,310",105,"1,361",775,637,252,15
SUMATERA UTARA,PADANG LAWAS,1221,P,"7,929",72,"1,905","1,354","1,278",620,131
SUMATERA UTARA,PADANG LAWAS,1221,L,"8,637",64,"2,048","1,196","1,306",412,75
SUMATERA UTARA,LABUHAN BATU SELATAN,1222,P,"3,564",18,"1,228",301,673,106,36
SUMATERA UTARA,LABUHAN BATU SELATAN,1222,L,"3,974",8,"1,237",283,607,85,15
SUMATERA UTARA,LABUHAN BATU UTARA,1223,P,"7,287",138,"2,510",483,"1,244",150,63
SUMATERA UTARA,LABUHAN BATU UTARA,1223,L,"7,731",150,"2,638",441,"1,162",110,39
SUMATERA UTARA,NIAS UTARA,1224,P,"9,453",41,"3,965",38,"2,280",12,256
SUMATERA UTARA,NIAS UTARA,1224,L,"10,777",42,"4,558",35,"2,746",8,499
SUMATERA UTARA,NIAS BARAT,1225,P,"5,819",15,"2,478",8,"1,777",1,433
SUMATERA UTARA,NIAS BARAT,1225,L,"6,141",11,"2,743",8,"1,925",2,528
SUMATERA UTARA,KOTA SIBOLGA,1271,P,"2,277",7,"1,013",27,724,7,56
SUMATERA UTARA,KOTA SIBOLGA,1271,L,"2,448",14,"1,038",24,657,5,18
SUMATERA UTARA,KOTA TANJUNG BALAI,1272,P,"4,733",120,"2,150",198,"1,721",97,153
SUMATERA UTARA,KOTA TANJUNG BALAI,1272,L,"5,330",104,"2,277",170,"1,505",55,101
SUMATERA UTARA,KOTA PEMATANG SIANTAR,1273,P,"4,829",13,"2,422",4,"2,046",0,415
SUMATERA UTARA,KOTA PEMATANG SIANTAR,1273,L,"5,281",18,"2,731",11,"2,024",1,243
SUMATERA UTARA,KOTA TEBING TINGGI,1274,P,"3,048",5,"1,323",13,816,10,55
SUMATERA UTARA,KOTA TEBING TINGGI,1274,L,"3,312",6,"1,384",14,666,7,37
SUMATERA UTARA,KOTA MEDAN,1275,P,"31,672",69,"16,136",82,"10,651",26,965
SUMATERA UTARA,KOTA MEDAN,1275,L,"34,841",69,"17,238",80,"10,638",17,614
SUMATERA UTARA,KOTA BINJAI,1276,P,"3,892",18,"1,892",12,"1,361",6,154
SUMATERA UTARA,KOTA BINJAI,1276,L,"4,312",12,"2,055",19,"1,239",4,91
SUMATERA UTARA,KOTA PADANGSIDIMPUAN,1277,P,"3,708",8,"1,755",49,"1,460",16,254
SUMATERA UTARA,KOTA PADANGSIDIMPUAN,1277,L,"3,907",13,"1,788",47,"1,307",9,145
SUMATERA UTARA,KOTA GUNUNGSITOLI,1278,P,"5,965",79,"2,380",37,"1,252",30,163
SUMATERA UTARA,KOTA GUNUNGSITOLI,1278,L,"6,552",81,"2,535",29,"1,450",25,222
SUMATERA BARAT,KEPULAUAN MENTAWAI,1301,P,"3,896",6,919,11,390,1,29
SUMATERA BARAT,KEPULAUAN MENTAWAI,1301,L,"4,345",9,930,9,402,0,48
SUMATERA BARAT,PESISIR SELATAN,1302,P,"12,926",111,"5,689",782,"4,479",180,438
SUMATERA BARAT,PESISIR SELATAN,1302,L,"14,533",133,"5,986",769,"4,113",110,239
SUMATERA BARAT,SOLOK,1303,P,"10,811",128,"4,051",749,"2,787",223,466
SUMATERA BARAT,SOLOK,1303,L,"11,663",97,"3,814",622,"2,242",117,231
SUMATERA BARAT,SIJUNJUNG,1304,P,"4,328",13,"1,398",204,522,18,33
SUMATERA BARAT,SIJUNJUNG,1304,L,"4,598",9,"1,182",176,382,20,29
SUMATERA BARAT,TANAH DATAR,1305,P,"6,766",31,"2,361",779,"1,743",233,312
SUMATERA BARAT,TANAH DATAR,1305,L,"7,636",44,"2,362",671,"1,330",136,142
SUMATERA BARAT,PADANG PARIAMAN,1306,P,"10,243",42,"4,477",477,"2,884",83,320
SUMATERA BARAT,PADANG PARIAMAN,1306,L,"11,412",42,"4,596",440,"2,290",45,141
SUMATERA BARAT,AGAM,1307,P,"7,802",27,"2,716",781,"1,558",131,157
SUMATERA BARAT,AGAM,1307,L,"8,847",32,"2,841",589,"1,234",69,61
SUMATERA BARAT,LIMA PULUH KOTA,1308,P,"8,862",35,"3,356",607,"2,108",91,308
SUMATERA BARAT,LIMA PULUH KOTA,1308,L,"10,101",31,"3,199",499,"1,710",55,131
SUMATERA BARAT,PASAMAN,1309,P,"9,722",56,"3,197",542,"1,905",123,137
SUMATERA BARAT,PASAMAN,1309,L,"10,237",48,"3,052",485,"1,495",107,77
SUMATERA BARAT,SOLOK SELATAN,1310,P,"3,500",59,"1,263",411,"1,200",90,204
SUMATERA BARAT,SOLOK SELATAN,1310,L,"3,776",57,"1,232",401,919,66,111
SUMATERA BARAT,DHARMASRAYA,1311,P,"2,340",4,808,109,250,6,20
SUMATERA BARAT,DHARMASRAYA,1311,L,"2,506",6,760,75,180,3,9
SUMATERA BARAT,PASAMAN BARAT,1312,P,"12,294",175,"4,302","1,152","3,192",436,404
SUMATERA BARAT,PASAMAN BARAT,1312,L,"13,288",182,"4,223",949,"2,491",251,207
SUMATERA BARAT,KOTA PADANG,1371,P,"13,465",34,"7,000",278,"5,030",69,"1,668"
SUMATERA BARAT,KOTA PADANG,1371,L,"15,315",40,"7,366",213,"4,533",38,932
SUMATERA BARAT,KOTA SOLOK,1372,P,919,1,398,9,340,2,48
SUMATERA BARAT,KOTA SOLOK,1372,L,981,3,432,9,268,4,17
SUMATERA BARAT,KOTA SAWAH LUNTO,1373,P,473,1,175,26,99,18,5
SUMATERA BARAT,KOTA SAWAH LUNTO,1373,L,555,2,173,15,67,8,4
SUMATERA BARAT,KOTA PADANG PANJANG,1374,P,639,0,304,19,152,6,24
SUMATERA BARAT,KOTA PADANG PANJANG,1374,L,767,0,305,12,131,4,17
SUMATERA BARAT,KOTA BUKITTINGGI,1375,P,"1,355",0,532,18,434,10,141
SUMATERA BARAT,KOTA BUKITTINGGI,1375,L,"1,458",2,635,17,366,2,73
SUMATERA BARAT,KOTA PAYAKUMBUH,1376,P,"2,269",16,950,94,652,26,120
SUMATERA BARAT,KOTA PAYAKUMBUH,1376,L,"2,475",19,938,70,554,9,68
SUMATERA BARAT,KOTA PARIAMAN,1377,P,"1,578",4,767,102,651,16,172
SUMATERA BARAT,KOTA PARIAMAN,1377,L,"1,857",7,829,94,574,8,73
RIAU,KUANTAN SINGINGI,1401,P,"4,613",66,"1,869",229,"1,253",66,221
RIAU,KUANTAN SINGINGI,1401,L,"5,016",78,"1,964",238,"1,217",51,233
RIAU,INDRAGIRI HULU,1402,P,"9,129",73,"3,540",287,"1,933",117,480
RIAU,INDRAGIRI HULU,1402,L,"10,048",77,"3,396",267,"1,916",60,324
RIAU,INDRAGIRI HILIR,1403,P,"10,368",935,"3,186","1,079","1,489",410,117
RIAU,INDRAGIRI HILIR,1403,L,"11,174",898,"3,128","1,086","1,379",346,80
RIAU,PELALAWAN,1404,P,"5,683",16,"2,211",140,"1,154",15,125
RIAU,PELALAWAN,1404,L,"6,294",16,"2,324",118,"1,184",12,113
RIAU,S I A K,1405,P,"6,333",20,"2,711",91,"1,628",29,180
RIAU,S I A K,1405,L,"6,880",18,"2,772",115,"1,633",33,144
RIAU,KAMPAR,1406,P,"16,862",147,"6,521",824,"4,190",371,991
RIAU,KAMPAR,1406,L,"18,700",148,"6,867",831,"4,065",341,816
RIAU,ROKAN HULU,1407,P,"7,686",24,"2,763",336,"1,643",64,283
RIAU,ROKAN HULU,1407,L,"8,305",40,"2,630",276,"1,568",47,229
RIAU,BENGKALIS,1408,P,"7,641",41,"3,146",292,"1,845",152,268
RIAU,BENGKALIS,1408,L,"8,275",33,"3,335",263,"1,772",148,190
RIAU,ROKAN HILIR,1409,P,"15,502",288,"6,058",824,"3,983",191,244
RIAU,ROKAN HILIR,1409,L,"16,872",324,"6,467",862,"3,765",186,181
RIAU,KEPULAUAN MERANTI,1410,P,"5,903",75,"2,332",564,"1,730",243,294
RIAU,KEPULAUAN MERANTI,1410,L,"6,416",88,"2,352",640,"1,701",174,307
RIAU,KOTA PEKANBARU,1471,P,"9,646",21,"4,479",53,"2,308",7,361
RIAU,KOTA PEKANBARU,1471,L,"10,722",29,"4,632",51,"2,127",7,251
RIAU,KOTA DUMAI,1473,P,"5,099",2,"2,127",73,"1,487",16,178
RIAU,KOTA DUMAI,1473,L,"5,612",5,"2,375",76,"1,453",14,87
JAMBI,KERINCI,1501,P,"4,191",134,"2,014",321,"1,497",164,599
JAMBI,KERINCI,1501,L,"4,590",187,"2,143",355,"1,590",165,637
JAMBI,MERANGIN,1502,P,"5,192",48,"1,692",398,849,155,177
JAMBI,MERANGIN,1502,L,"5,747",41,"1,824",325,925,105,127
JAMBI,SAROLANGUN,1503,P,"5,726",68,"1,939",370,985,130,113
JAMBI,SAROLANGUN,1503,L,"6,374",76,"2,086",399,"1,033",123,103
JAMBI,BATANG HARI,1504,P,"5,198",32,"1,769",319,"1,077",184,278
JAMBI,BATANG HARI,1504,L,"5,769",30,"1,833",344,957,133,207
JAMBI,MUARO JAMBI,1505,P,"4,994",63,"1,928",322,976,103,73
JAMBI,MUARO JAMBI,1505,L,"5,347",64,"2,045",274,940,93,58
JAMBI,TANJUNG JABUNG TIMUR,1506,P,"3,816",102,"1,294",359,710,191,83
JAMBI,TANJUNG JABUNG TIMUR,1506,L,"3,898",135,"1,264",303,672,105,50
JAMBI,TANJUNG JABUNG BARAT,1507,P,"6,040",217,"1,905",812,"1,038",325,118
JAMBI,TANJUNG JABUNG BARAT,1507,L,"6,563",242,"2,026",785,"1,122",273,89
JAMBI,TEBO,1508,P,"4,341",114,"1,516",338,895,152,141
JAMBI,TEBO,1508,L,"4,968",111,"1,510",304,810,152,142
JAMBI,BUNGO,1509,P,"4,617",45,"1,849",259,767,82,84
JAMBI,BUNGO,1509,L,"5,143",58,"1,899",245,819,100,63
JAMBI,KOTA JAMBI,1571,P,"7,533",84,"3,798",336,"3,009",116,789
JAMBI,KOTA JAMBI,1571,L,"8,304",99,"4,164",362,"3,022",103,585
JAMBI,KOTA SUNGAI PENUH,1572,P,"1,036",14,571,47,533,20,210
JAMBI,KOTA SUNGAI PENUH,1572,L,"1,230",13,618,48,506,22,175
SUMATERA SELATAN,OGAN KOMERING ULU,1601,P,"5,550",68,"2,584",88,"1,494",34,115
SUMATERA SELATAN,OGAN KOMERING ULU,1601,L,"5,998",75,"2,570",81,"1,376",40,68
SUMATERA SELATAN,OGAN KOMERING ILIR,1602,P,"16,871",349,"6,226",495,"3,211",154,199
SUMATERA SELATAN,OGAN KOMERING ILIR,1602,L,"18,089",391,"6,197",462,"2,843",121,138
SUMATERA SELATAN,MUARA ENIM,1603,P,"14,519",425,"5,792",416,"3,034",227,156
SUMATERA SELATAN,MUARA ENIM,1603,L,"15,757",444,"5,773",364,"2,998",188,95
SUMATERA SELATAN,LAHAT,1604,P,"9,492",96,"4,425",98,"2,805",46,226
SUMATERA SELATAN,LAHAT,1604,L,"10,320",109,"4,435",91,"2,715",30,94
SUMATERA SELATAN,MUSI RAWAS,1605,P,"9,164",92,"3,667",171,"1,641",34,245
SUMATERA SELATAN,MUSI RAWAS,1605,L,"9,973",111,"3,705",137,"1,719",25,157
SUMATERA SELATAN,MUSI BANYUASIN,1606,P,"12,463",140,"4,969",192,"2,712",47,255
SUMATERA SELATAN,MUSI BANYUASIN,1606,L,"13,741",139,"5,377",184,"2,759",21,250
SUMATERA SELATAN,BANYU ASIN,1607,P,"20,105",391,"7,244",723,"3,572",269,427
SUMATERA SELATAN,BANYU ASIN,1607,L,"21,980",390,"7,325",677,"3,455",212,339
SUMATERA SELATAN,OGAN KOMERING ULU SELATAN,1608,P,"9,908",123,"4,388",252,"2,523",86,98
SUMATERA SELATAN,OGAN KOMERING ULU SELATAN,1608,L,"10,975",131,"4,406",230,"2,452",58,88
SUMATERA SELATAN,OGAN KOMERING ULU TIMUR,1609,P,"9,221",298,"3,587",340,"1,513",85,42
SUMATERA SELATAN,OGAN KOMERING ULU TIMUR,1609,L,"9,337",359,"3,522",247,"1,318",64,31
SUMATERA SELATAN,OGAN ILIR,1610,P,"10,756",193,"4,239",525,"2,458",191,160
SUMATERA SELATAN,OGAN ILIR,1610,L,"11,754",186,"4,234",506,"2,266",155,83
SUMATERA SELATAN,EMPAT LAWANG,1611,P,"5,312",49,"2,393",46,"1,584",2,94
SUMATERA SELATAN,EMPAT LAWANG,1611,L,"5,754",37,"2,420",49,"1,482",4,59
SUMATERA SELATAN,PENUKAL ABAB LEMATANG ILIR,1612,P,"5,281",13,"1,966",23,"1,020",13,46
SUMATERA SELATAN,PENUKAL ABAB LEMATANG ILIR,1612,L,"5,881",14,"1,969",24,"1,004",8,28
SUMATERA SELATAN,MUSI RAWAS UTARA,1613,P,"4,080",51,"1,627",161,881,10,89
SUMATERA SELATAN,MUSI RAWAS UTARA,1613,L,"4,591",62,"1,759",139,894,12,71
SUMATERA SELATAN,KOTA PALEMBANG,1671,P,"24,119",298,"12,017",65,"7,308",15,613
SUMATERA SELATAN,KOTA PALEMBANG,1671,L,"26,151",310,"12,621",63,"7,061",12,368
SUMATERA SELATAN,KOTA PRABUMULIH,1672,P,"2,932",13,"1,191",9,678,2,48
SUMATERA SELATAN,KOTA PRABUMULIH,1672,L,"3,133",17,"1,247",12,698,2,27
SUMATERA SELATAN,KOTA PAGAR ALAM,1673,P,"2,132",10,"1,062",11,768,14,124
SUMATERA SELATAN,KOTA PAGAR ALAM,1673,L,"2,283",4,"1,123",11,700,11,55
SUMATERA SELATAN,KOTA LUBUKLINGGAU,1674,P,"3,046",18,"1,463",22,994,7,168
SUMATERA SELATAN,KOTA LUBUKLINGGAU,1674,L,"3,406",14,"1,460",21,957,10,99
BENGKULU,BENGKULU SELATAN,1701,P,"2,903",59,"1,454",46,802,26,112
BENGKULU,BENGKULU SELATAN,1701,L,"3,202",52,"1,456",36,702,13,60
BENGKULU,REJANG LEBONG,1702,P,"5,438",56,"2,297",87,"1,240",35,242
BENGKULU,REJANG LEBONG,1702,L,"6,016",67,"2,353",73,"1,201",16,182
BENGKULU,BENGKULU UTARA,1703,P,"5,892",50,"2,220",90,"1,044",23,118
BENGKULU,BENGKULU UTARA,1703,L,"6,462",53,"2,241",70,868,12,68
BENGKULU,KAUR,1704,P,"3,315",47,"1,486",81,932,39,89
BENGKULU,KAUR,1704,L,"3,519",55,"1,488",72,975,35,83
BENGKULU,SELUMA,1705,P,"4,515",87,"1,976",97,"1,013",28,60
BENGKULU,SELUMA,1705,L,"5,285",102,"1,940",103,939,25,36
BENGKULU,MUKOMUKO,1706,P,"3,237",160,"1,291",274,873,93,112
BENGKULU,MUKOMUKO,1706,L,"3,707",172,"1,298",234,790,60,93
BENGKULU,LEBONG,1707,P,"2,301",42,"1,094",46,708,28,40
BENGKULU,LEBONG,1707,L,"2,550",42,"1,078",40,658,33,28
BENGKULU,KEPAHIANG,1708,P,"2,328",11,988,52,564,47,90
BENGKULU,KEPAHIANG,1708,L,"2,557",14,957,39,590,32,64
BENGKULU,BENGKULU TENGAH,1709,P,"2,639",64,"1,169",39,610,18,97
BENGKULU,BENGKULU TENGAH,1709,L,"2,866",63,"1,198",45,624,23,90
BENGKULU,KOTA BENGKULU,1771,P,"5,234",43,"2,583",46,"1,945",17,977
BENGKULU,KOTA BENGKULU,1771,L,"5,797",50,"2,521",39,"1,745",11,622
LAMPUNG,LAMPUNG BARAT,1801,P,"6,871",308,"2,761",263,"1,513",115,69
LAMPUNG,LAMPUNG BARAT,1801,L,"7,484",340,"2,848",264,"1,636",94,69
LAMPUNG,TANGGAMUS,1802,P,"15,322",489,"6,551",821,"2,975",270,97
LAMPUNG,TANGGAMUS,1802,L,"16,512",602,"6,878",819,"2,890",228,89
LAMPUNG,LAMPUNG SELATAN,1803,P,"27,222","1,329","11,081","1,601","5,911",381,321
LAMPUNG,LAMPUNG SELATAN,1803,L,"29,305","1,561","11,491","1,591","5,947",329,241
LAMPUNG,LAMPUNG TIMUR,1804,P,"20,323",648,"9,390",575,"4,175",194,150
LAMPUNG,LAMPUNG TIMUR,1804,L,"22,304",707,"9,665",542,"4,092",130,88
LAMPUNG,LAMPUNG TENGAH,1805,P,"22,861",465,"9,776",694,"4,099",225,249
LAMPUNG,LAMPUNG TENGAH,1805,L,"25,298",502,"9,578",641,"3,962",170,159
LAMPUNG,LAMPUNG UTARA,1806,P,"16,820",387,"7,342",569,"3,867",233,162
LAMPUNG,LAMPUNG UTARA,1806,L,"18,318",389,"7,553",593,"3,707",183,102
LAMPUNG,WAY KANAN,1807,P,"10,293",151,"4,234",297,"2,248",106,72
LAMPUNG,WAY KANAN,1807,L,"10,944",143,"4,340",269,"2,082",85,50
LAMPUNG,TULANGBAWANG,1808,P,"8,870",286,"3,661",247,"1,575",85,128
LAMPUNG,TULANGBAWANG,1808,L,"9,769",322,"3,763",217,"1,640",78,75
LAMPUNG,PESAWARAN,1809,P,"12,916",456,"5,416",763,"2,527",226,189
LAMPUNG,PESAWARAN,1809,L,"14,126",516,"5,567",681,"2,568",172,127
LAMPUNG,PRINGSEWU,1810,P,"7,402",184,"3,548",212,"1,872",49,110
LAMPUNG,PRINGSEWU,1810,L,"8,298",192,"3,670",236,"1,727",36,54
LAMPUNG,MESUJI,1811,P,"4,396",66,"1,586",107,624,21,32
LAMPUNG,MESUJI,1811,L,"4,634",58,"1,666",79,639,21,44
LAMPUNG,TULANG BAWANG BARAT,1812,P,"4,711",67,"1,881",76,585,40,30
LAMPUNG,TULANG BAWANG BARAT,1812,L,"5,087",74,"1,825",64,558,29,29
LAMPUNG,PESISIR BARAT,1813,P,"5,434",75,"2,196",136,"1,356",55,35
LAMPUNG,PESISIR BARAT,1813,L,"6,001",84,"2,240",147,"1,354",47,29
LAMPUNG,KOTA BANDAR LAMPUNG,1871,P,"18,859",222,"9,589",118,"6,624",29,897
LAMPUNG,KOTA BANDAR LAMPUNG,1871,L,"20,739",267,"9,919",150,"6,265",26,562
LAMPUNG,KOTA METRO,1872,P,"1,732",8,902,1,649,1,187
LAMPUNG,KOTA METRO,1872,L,"1,869",9,941,2,623,0,85
KEPULAUAN BANGKA BELITUNG,BANGKA,1901,P,"2,794",84,"1,127",237,702,74,94
KEPULAUAN BANGKA BELITUNG,BANGKA,1901,L,"3,284",75,"1,058",205,605,55,57
KEPULAUAN BANGKA BELITUNG,BELITUNG,1902,P,"1,350",3,655,2,389,5,23
KEPULAUAN BANGKA BELITUNG,BELITUNG,1902,L,"1,495",4,659,4,380,4,29
KEPULAUAN BANGKA BELITUNG,BANGKA BARAT,1903,P,"1,798",13,521,69,210,15,13
KEPULAUAN BANGKA BELITUNG,BANGKA BARAT,1903,L,"1,839",11,503,44,197,13,10
KEPULAUAN BANGKA BELITUNG,BANGKA TENGAH,1904,P,"2,071",35,876,48,506,8,55
KEPULAUAN BANGKA BELITUNG,BANGKA TENGAH,1904,L,"2,298",28,773,43,434,10,41
KEPULAUAN BANGKA BELITUNG,BANGKA SELATAN,1905,P,"1,441",12,554,24,359,14,28
KEPULAUAN BANGKA BELITUNG,BANGKA SELATAN,1905,L,"1,591",3,505,16,274,11,22
KEPULAUAN BANGKA BELITUNG,BELITUNG TIMUR,1906,P,"1,113",2,469,31,319,2,12
KEPULAUAN BANGKA BELITUNG,BELITUNG TIMUR,1906,L,"1,221",4,466,25,305,1,7
KEPULAUAN BANGKA BELITUNG,KOTA PANGKAL PINANG,1971,P,"1,637",7,817,21,570,11,95
KEPULAUAN BANGKA BELITUNG,KOTA PANGKAL PINANG,1971,L,"1,756",3,794,16,555,8,66
KEPULAUAN RIAU,KARIMUN,2101,P,"2,900",19,"1,360",52,838,14,75
KEPULAUAN RIAU,KARIMUN,2101,L,"3,171",17,"1,376",39,839,7,62
KEPULAUAN RIAU,BINTAN,2102,P,"1,920",26,832,40,606,7,110
KEPULAUAN RIAU,BINTAN,2102,L,"2,100",26,847,30,601,5,88
KEPULAUAN RIAU,NATUNA,2103,P,745,8,315,50,241,9,31
KEPULAUAN RIAU,NATUNA,2103,L,850,6,302,48,251,17,20
KEPULAUAN RIAU,LINGGA,2104,P,"1,388",2,527,12,304,10,48
KEPULAUAN RIAU,LINGGA,2104,L,"1,446",7,501,22,306,2,55
KEPULAUAN RIAU,KEPULAUAN ANAMBAS,2105,P,348,1,129,5,97,2,4
KEPULAUAN RIAU,KEPULAUAN ANAMBAS,2105,L,330,1,116,7,72,3,3
KEPULAUAN RIAU,KOTA BATAM,2171,P,"13,752",26,"4,635",48,"2,437",12,296
KEPULAUAN RIAU,KOTA BATAM,2171,L,"14,758",41,"4,982",52,"2,492",17,209
KEPULAUAN RIAU,KOTA TANJUNG PINANG,2172,P,"2,487",17,"1,240",19,862,7,438
KEPULAUAN RIAU,KOTA TANJUNG PINANG,2172,L,"2,709",16,"1,225",28,923,3,341
DKI JAKARTA,KEPULAUAN SERIBU,3101,P,357,30,214,30,123,46,5
DKI JAKARTA,KEPULAUAN SERIBU,3101,L,428,27,207,36,130,25,4
DKI JAKARTA,KOTA JAKARTA SELATAN,3171,P,"8,478",235,"4,817",101,"3,107",22,279
DKI JAKARTA,KOTA JAKARTA SELATAN,3171,L,"9,489",276,"5,180",115,"3,331",27,235
DKI JAKARTA,KOTA JAKARTA TIMUR,3172,P,"14,295",70,"7,979",103,"5,266",39,314
DKI JAKARTA,KOTA JAKARTA TIMUR,3172,L,"15,596",93,"8,547",84,"5,572",21,206
DKI JAKARTA,KOTA JAKARTA PUSAT,3173,P,"6,296",14,"3,692",6,"2,627",2,185
DKI JAKARTA,KOTA JAKARTA PUSAT,3173,L,"7,114",15,"3,859",14,"2,628",4,135
DKI JAKARTA,KOTA JAKARTA BARAT,3174,P,"11,365",294,"6,082",102,"3,830",31,182
DKI JAKARTA,KOTA JAKARTA BARAT,3174,L,"12,770",288,"6,585",115,"3,819",30,139
DKI JAKARTA,KOTA JAKARTA UTARA,3175,P,"15,689",181,"8,166",140,"5,147",43,335
DKI JAKARTA,KOTA JAKARTA UTARA,3175,L,"17,142",185,"8,412",127,"5,226",27,236
JAWA BARAT,BOGOR,3201,P,"67,716","6,965","27,903","3,492","11,523",468,382
JAWA BARAT,BOGOR,3201,L,"74,460","7,454","31,055","3,548","14,298",362,316
JAWA BARAT,SUKABUMI,3202,P,"54,661","4,057","22,324","4,598","5,512",781,116
JAWA BARAT,SUKABUMI,3202,L,"59,571","4,377","23,377","4,363","6,599",673,120
JAWA BARAT,CIANJUR,3203,P,"58,998","1,804","22,153","2,185","6,127",450,141
JAWA BARAT,CIANJUR,3203,L,"64,271","2,031","23,114","2,055","7,074",405,151
JAWA BARAT,BANDUNG,3204,P,"74,301","1,234","31,778","2,102","11,902",722,335
JAWA BARAT,BANDUNG,3204,L,"80,756","1,387","32,281","2,025","12,252",628,299
JAWA BARAT,GARUT,3205,P,"79,138","2,819","30,473","6,087","11,612","1,305",475
JAWA BARAT,GARUT,3205,L,"85,494","3,183","31,615","5,807","12,424","1,213",398
JAWA BARAT,TASIKMALAYA,3206,P,"38,440","2,651","14,960","4,109","5,445","1,004",267
JAWA BARAT,TASIKMALAYA,3206,L,"41,743","2,802","15,532","3,888","5,504",785,245
JAWA BARAT,CIAMIS,3207,P,"20,531","2,318","8,407","3,075","4,264",542,247
JAWA BARAT,CIAMIS,3207,L,"22,732","2,571","8,922","2,876","4,304",429,160
JAWA BARAT,KUNINGAN,3208,P,"19,979",957,"8,211","1,596","4,055",200,65
JAWA BARAT,KUNINGAN,3208,L,"21,897",955,"8,873","1,507","3,899",129,62
JAWA BARAT,CIREBON,3209,P,"49,008","1,491","23,061","2,087","11,425",352,486
JAWA BARAT,CIREBON,3209,L,"54,070","1,635","23,549","1,932","10,720",243,301
JAWA BARAT,MAJALENGKA,3210,P,"20,683",915,"7,851","2,896","3,893",746,260
JAWA BARAT,MAJALENGKA,3210,L,"22,114","1,021","8,199","2,707","4,020",454,225
JAWA BARAT,SUMEDANG,3211,P,"14,439",338,"6,819",573,"1,814",86,52
JAWA BARAT,SUMEDANG,3211,L,"16,138",352,"7,097",540,"2,019",76,37
JAWA BARAT,INDRAMAYU,3212,P,"34,723","1,033","17,177","1,476","8,443",309,324
JAWA BARAT,INDRAMAYU,3212,L,"37,387","1,192","16,902","1,462","8,295",307,299
JAWA BARAT,SUBANG,3213,P,"24,207",549,"11,504","1,346","4,075",181,66
JAWA BARAT,SUBANG,3213,L,"26,278",565,"11,992","1,232","4,549",137,65
JAWA BARAT,PURWAKARTA,3214,P,"12,766",277,"5,221",631,"1,570",128,18
JAWA BARAT,PURWAKARTA,3214,L,"13,728",287,"5,527",660,"1,794",97,26
JAWA BARAT,KARAWANG,3215,P,"37,150","1,125","17,774","1,473","6,594",136,61
JAWA BARAT,KARAWANG,3215,L,"40,180","1,235","18,745","1,380","7,650",106,91
JAWA BARAT,BEKASI,3216,P,"28,642",981,"14,251","1,364","6,771",226,160
JAWA BARAT,BEKASI,3216,L,"30,780","1,111","15,034","1,391","7,662",196,125
JAWA BARAT,BANDUNG BARAT,3217,P,"28,414","1,014","12,323","1,552","4,631",471,122
JAWA BARAT,BANDUNG BARAT,3217,L,"31,098","1,074","12,832","1,481","4,893",388,108
JAWA BARAT,PANGANDARAN,3218,P,"5,675",548,"2,076",607,952,135,45
JAWA BARAT,PANGANDARAN,3218,L,"6,022",588,"2,177",646,912,139,40
JAWA BARAT,KOTA BOGOR,3271,P,"14,592",573,"7,610",361,"4,951",45,319
JAWA BARAT,KOTA BOGOR,3271,L,"15,790",615,"8,158",342,"5,220",39,210
JAWA BARAT,KOTA SUKABUMI,3272,P,"4,602",243,"2,374",228,"1,472",107,111
JAWA BARAT,KOTA SUKABUMI,3272,L,"5,136",261,"2,386",214,"1,496",73,88
JAWA BARAT,KOTA BANDUNG,3273,P,"24,346",125,"12,798",162,"7,934",43,495
JAWA BARAT,KOTA BANDUNG,3273,L,"26,415",139,"13,298",170,"8,024",50,393
JAWA BARAT,KOTA CIREBON,3274,P,"5,174",108,"2,701",110,"1,854",25,135
JAWA BARAT,KOTA CIREBON,3274,L,"5,708",105,"3,021",81,"1,973",17,97
JAWA BARAT,KOTA BEKASI,3275,P,"19,193",332,"10,624",230,"7,766",67,547
JAWA BARAT,KOTA BEKASI,3275,L,"21,153",356,"11,645",239,"8,086",38,491
JAWA BARAT,KOTA DEPOK,3276,P,"13,484","1,017","7,797",327,"6,430",63,713
JAWA BARAT,KOTA DEPOK,3276,L,"14,869","1,123","8,536",319,"6,511",45,618
JAWA BARAT,KOTA CIMAHI,3277,P,"5,899",20,"3,032",44,"1,596",10,64
JAWA BARAT,KOTA CIMAHI,3277,L,"6,333",21,"3,175",44,"1,621",10,36
JAWA BARAT,KOTA TASIKMALAYA,3278,P,"13,052","1,142","5,996","1,362","3,693",396,239
JAWA BARAT,KOTA TASIKMALAYA,3278,L,"14,523","1,217","6,273","1,281","3,611",280,198
JAWA BARAT,KOTA BANJAR,3279,P,"1,802",202,954,149,503,32,15
JAWA BARAT,KOTA BANJAR,3279,L,"1,919",197,"1,041",148,513,26,11
JAWA TENGAH,CILACAP,3301,P,"35,889","2,666","17,116","1,788","8,698",297,280
JAWA TENGAH,CILACAP,3301,L,"39,786","2,951","17,834","1,731","8,475",211,161
JAWA TENGAH,BANYUMAS,3302,P,"35,343","3,630","17,462","2,030","10,657",370,694
JAWA TENGAH,BANYUMAS,3302,L,"39,747","3,865","17,906","2,025","10,258",188,377
JAWA TENGAH,PURBALINGGA,3303,P,"20,910","3,444","9,290","2,068","4,785",187,162
JAWA TENGAH,PURBALINGGA,3303,L,"23,078","3,641","9,179","1,884","4,311",89,78
JAWA TENGAH,BANJARNEGARA,3304,P,"16,319","1,852","6,481","1,336","2,823",243,90
JAWA TENGAH,BANJARNEGARA,3304,L,"17,863","2,000","6,457","1,156","2,604",121,58
JAWA TENGAH,KEBUMEN,3305,P,"29,359","1,906","13,565","2,094","9,871",479,548
JAWA TENGAH,KEBUMEN,3305,L,"32,374","2,279","14,506","2,236","10,349",213,257
JAWA TENGAH,PURWOREJO,3306,P,"12,809",355,"6,123",529,"4,310",58,232
JAWA TENGAH,PURWOREJO,3306,L,"14,165",322,"6,436",453,"4,514",43,122
JAWA TENGAH,WONOSOBO,3307,P,"13,725","1,217","5,611",730,"1,366",82,30
JAWA TENGAH,WONOSOBO,3307,L,"15,001","1,323","5,378",654,"1,276",51,26
JAWA TENGAH,MAGELANG,3308,P,"24,048","3,679","10,992","1,656","6,480",372,601
JAWA TENGAH,MAGELANG,3308,L,"26,359","4,112","11,562","1,638","6,391",238,330
JAWA TENGAH,BOYOLALI,3309,P,"12,943","1,630","6,348",927,"3,559",180,204
JAWA TENGAH,BOYOLALI,3309,L,"14,491","1,882","6,748","1,006","4,058",135,153
JAWA TENGAH,KLATEN,3310,P,"24,496",660,"12,760",263,"8,607",50,735
JAWA TENGAH,KLATEN,3310,L,"26,677",659,"13,252",291,"8,867",32,356
JAWA TENGAH,SUKOHARJO,3311,P,"12,313",254,"6,690",100,"4,035",16,489
JAWA TENGAH,SUKOHARJO,3311,L,"13,623",275,"6,925",95,"3,935",14,267
JAWA TENGAH,WONOGIRI,3312,P,"11,977",139,"6,466",138,"3,056",18,141
JAWA TENGAH,WONOGIRI,3312,L,"13,010",148,"6,648",142,"2,957",21,90
JAWA TENGAH,KARANGANYAR,3313,P,"12,006",390,"6,469",244,"3,252",28,291
JAWA TENGAH,KARANGANYAR,3313,L,"13,082",352,"6,715",229,"3,166",21,151
JAWA TENGAH,SRAGEN,3314,P,"11,422",444,"5,766",348,"3,253",75,105
JAWA TENGAH,SRAGEN,3314,L,"12,735",505,"6,181",369,"3,254",38,52
JAWA TENGAH,GROBOGAN,3315,P,"27,187",988,"11,771","2,778","5,053",653,211
JAWA TENGAH,GROBOGAN,3315,L,"29,391","1,042","11,907","2,694","4,999",494,176
JAWA TENGAH,BLORA,3316,P,"14,607",569,"6,962",853,"3,747",227,176
JAWA TENGAH,BLORA,3316,L,"16,235",626,"7,248",895,"4,052",155,111
JAWA TENGAH,REMBANG,3317,P,"13,110",938,"5,303","2,054","2,912",712,450
JAWA TENGAH,REMBANG,3317,L,"14,678",935,"5,900","1,831","3,075",622,279
JAWA TENGAH,PATI,3318,P,"19,737","3,222","8,214","3,818","4,667","2,064",574
JAWA TENGAH,PATI,3318,L,"21,987","3,424","8,919","3,702","4,879","1,466",366
JAWA TENGAH,KUDUS,3319,P,"7,920","1,627","3,373","2,007","2,387",987,368
JAWA TENGAH,KUDUS,3319,L,"8,861","1,747","3,584","2,039","2,334",732,218
JAWA TENGAH,JEPARA,3320,P,"21,545","4,743","7,935","4,969","4,568","1,999",581
JAWA TENGAH,JEPARA,3320,L,"23,713","5,060","8,419","4,935","4,315","1,483",492
JAWA TENGAH,DEMAK,3321,P,"23,442","3,490","8,132","5,755","5,355","2,688",556
JAWA TENGAH,DEMAK,3321,L,"25,364","3,747","8,785","5,857","5,435","2,153",436
JAWA TENGAH,SEMARANG,3322,P,"10,371","1,064","5,799",430,"2,875",93,184
JAWA TENGAH,SEMARANG,3322,L,"11,468","1,263","6,158",436,"2,810",65,134
JAWA TENGAH,TEMANGGUNG,3323,P,"12,360","1,819","5,535",768,"2,063",93,130
JAWA TENGAH,TEMANGGUNG,3323,L,"13,823","1,994","5,547",730,"1,997",74,82
JAWA TENGAH,KENDAL,3324,P,"13,141","1,131","6,320","1,168","3,674",250,210
JAWA TENGAH,KENDAL,3324,L,"14,642","1,240","6,606","1,198","3,662",171,137
JAWA TENGAH,BATANG,3325,P,"12,599","1,729","5,602","1,191","1,703",137,43
JAWA TENGAH,BATANG,3325,L,"13,671","1,819","5,663","1,209","1,857",116,40
JAWA TENGAH,PEKALONGAN,3326,P,"20,983","2,561","9,841","1,204","4,693",354,414
JAWA TENGAH,PEKALONGAN,3326,L,"23,548","2,674","9,911","1,060","4,366",155,252
JAWA TENGAH,PEMALANG,3327,P,"34,977","1,405","16,104","1,522","7,900",230,310
JAWA TENGAH,PEMALANG,3327,L,"38,396","1,604","16,450","1,452","8,046",181,212
JAWA TENGAH,TEGAL,3328,P,"31,449","2,991","13,864","3,040","8,299",302,531
JAWA TENGAH,TEGAL,3328,L,"34,793","3,314","14,191","2,845","8,277",194,369
JAWA TENGAH,BREBES,3329,P,"46,389","5,308","19,296","5,087","11,138",487,577
JAWA TENGAH,BREBES,3329,L,"50,216","5,592","19,858","4,795","11,516",338,491
JAWA TENGAH,KOTA MAGELANG,3371,P,"1,520",4,829,6,602,7,89
JAWA TENGAH,KOTA MAGELANG,3371,L,"1,594",2,800,5,600,2,71
JAWA TENGAH,KOTA SURAKARTA,3372,P,"6,954",13,"3,909",17,"3,044",6,487
JAWA TENGAH,KOTA SURAKARTA,3372,L,"7,447",9,"4,038",18,"2,826",4,349
JAWA TENGAH,KOTA SALATIGA,3373,P,"1,495",111,791,17,608,10,70
JAWA TENGAH,KOTA SALATIGA,3373,L,"1,708",130,800,14,586,3,41
JAWA TENGAH,KOTA SEMARANG,3374,P,"12,579",210,"6,844",225,"5,442",145,688
JAWA TENGAH,KOTA SEMARANG,3374,L,"14,006",234,"7,410",213,"5,133",112,406
JAWA TENGAH,KOTA PEKALONGAN,3375,P,"5,093",926,"2,793",297,"1,772",99,292
JAWA TENGAH,KOTA PEKALONGAN,3375,L,"5,639",986,"2,903",229,"1,685",45,184
JAWA TENGAH,KOTA TEGAL,3376,P,"4,064",134,"2,191",81,"1,757",17,181
JAWA TENGAH,KOTA TEGAL,3376,L,"4,502",153,"2,086",85,"1,609",6,111
DI YOGYAKARTA,KULON PROGO,3401,P,"5,845",43,"2,985",124,"1,705",28,165
DI YOGYAKARTA,KULON PROGO,3401,L,"6,453",48,"3,159",112,"1,884",16,61
DI YOGYAKARTA,BANTUL,3402,P,"13,394",245,"6,898",230,"4,513",69,792
DI YOGYAKARTA,BANTUL,3402,L,"14,877",255,"7,223",269,"4,389",56,417
DI YOGYAKARTA,GUNUNG KIDUL,3403,P,"12,116",227,"6,607",231,"3,435",14,137
DI YOGYAKARTA,GUNUNG KIDUL,3403,L,"13,261",239,"6,873",248,"3,186",17,74
DI YOGYAKARTA,SLEMAN,3404,P,"14,859",77,"7,503",129,"5,302",39,"1,145"
DI YOGYAKARTA,SLEMAN,3404,L,"15,861",82,"7,605",115,"4,896",15,667
DI YOGYAKARTA,KOTA YOGYAKARTA,3471,P,"4,045",12,"2,199",15,"1,555",1,461
DI YOGYAKARTA,KOTA YOGYAKARTA,3471,L,"4,360",11,"2,357",16,"1,598",6,348
JAWA TIMUR,PACITAN,3501,P,"5,781",463,"2,725",575,"1,122",132,80
JAWA TIMUR,PACITAN,3501,L,"6,276",511,"2,968",569,"1,105",124,66
JAWA TIMUR,PONOROGO,3502,P,"11,684",409,"5,968",917,"3,508",530,658
JAWA TIMUR,PONOROGO,3502,L,"12,812",461,"6,204",923,"3,295",399,427
JAWA TIMUR,TRENGGALEK,3503,P,"9,386",650,"5,219",425,"2,233",119,226
JAWA TIMUR,TRENGGALEK,3503,L,"10,136",683,"5,445",424,"2,303",113,145
JAWA TIMUR,TULUNGAGUNG,3504,P,"11,363",758,"5,610",749,"3,154",228,446
JAWA TIMUR,TULUNGAGUNG,3504,L,"12,638",784,"5,982",740,"3,001",145,238
JAWA TIMUR,BLITAR,3505,P,"12,483","1,570","6,034",999,"3,362",485,449
JAWA TIMUR,BLITAR,3505,L,"13,997","1,720","6,074",990,"3,068",232,215
JAWA TIMUR,KEDIRI,3506,P,"20,906","2,239","9,565","1,875","4,878",611,343
JAWA TIMUR,KEDIRI,3506,L,"22,850","2,530","9,741","1,687","4,842",338,207
JAWA TIMUR,MALANG,3507,P,"28,401","3,014","12,006","1,986","4,982",371,293
JAWA TIMUR,MALANG,3507,L,"30,389","3,086","12,157","1,736","4,765",258,178
JAWA TIMUR,LUMAJANG,3508,P,"16,284","1,590","6,522","1,173","2,934",290,351
JAWA TIMUR,LUMAJANG,3508,L,"17,691","1,724","6,843","1,129","2,935",243,245
JAWA TIMUR,JEMBER,3509,P,"39,993","2,623","15,669","2,806","7,011",683,505
JAWA TIMUR,JEMBER,3509,L,"43,269","2,689","16,921","2,531","7,899",566,468
JAWA TIMUR,BANYUWANGI,3510,P,"19,948","2,028","9,467","1,687","5,817",383,641
JAWA TIMUR,BANYUWANGI,3510,L,"21,709","2,110","9,997","1,604","5,916",266,478
JAWA TIMUR,BONDOWOSO,3511,P,"18,387","1,087","6,034","2,281","3,166",850,385
JAWA TIMUR,BONDOWOSO,3511,L,"20,093","1,083","7,172","2,058","4,268",800,442
JAWA TIMUR,SITUBONDO,3512,P,"10,548",374,"3,786",902,"2,199",403,404
JAWA TIMUR,SITUBONDO,3512,L,"11,236",406,"4,167",817,"2,767",349,361
JAWA TIMUR,PROBOLINGGO,3513,P,"23,093","4,215","7,566","3,485","3,453","1,376",366
JAWA TIMUR,PROBOLINGGO,3513,L,"24,910","4,332","8,790","3,132","4,495","1,176",360
JAWA TIMUR,PASURUAN,3514,P,"28,205","1,409","9,214","1,750","4,025",409,331
JAWA TIMUR,PASURUAN,3514,L,"30,538","1,452","10,525","1,665","4,927",411,197
JAWA TIMUR,SIDOARJO,3515,P,"17,065","1,307","9,825",461,"6,481",225,632
JAWA TIMUR,SIDOARJO,3515,L,"18,920","1,317","10,640",426,"7,124",155,377
JAWA TIMUR,MOJOKERTO,3516,P,"11,982","1,794","6,669",707,"4,312",282,229
JAWA TIMUR,MOJOKERTO,3516,L,"12,878","1,796","6,908",660,"4,483",156,107
JAWA TIMUR,JOMBANG,3517,P,"18,470","5,332","9,704","2,979","6,289","1,369",596
JAWA TIMUR,JOMBANG,3517,L,"19,912","5,445","10,359","2,921","6,543",846,301
JAWA TIMUR,NGANJUK,3518,P,"20,898","1,016","9,498","1,440","5,051",465,408
JAWA TIMUR,NGANJUK,3518,L,"22,593","1,075","9,799","1,433","5,297",347,266
JAWA TIMUR,MADIUN,3519,P,"7,480",413,"3,881",557,"2,320",169,108
JAWA TIMUR,MADIUN,3519,L,"8,273",509,"4,102",615,"2,411",109,48
JAWA TIMUR,MAGETAN,3520,P,"6,857",468,"3,528",448,"2,567",170,217
JAWA TIMUR,MAGETAN,3520,L,"7,670",539,"3,830",450,"2,491",144,81
JAWA TIMUR,NGAWI,3521,P,"14,678",870,"7,286",794,"4,690",245,302
JAWA TIMUR,NGAWI,3521,L,"16,113",984,"7,777",876,"4,720",156,188
JAWA TIMUR,BOJONEGORO,3522,P,"19,647","2,966","8,926","2,756","5,607","1,266",447
JAWA TIMUR,BOJONEGORO,3522,L,"21,251","3,172","9,881","2,716","6,550",999,335
JAWA TIMUR,TUBAN,3523,P,"15,248","3,108","6,578","2,387","3,263",872,392
JAWA TIMUR,TUBAN,3523,L,"16,942","3,166","7,105","2,292","3,556",632,235
JAWA TIMUR,LAMONGAN,3524,P,"14,064","4,392","7,832","2,229","5,252",945,644
JAWA TIMUR,LAMONGAN,3524,L,"15,562","4,596","8,513","2,151","5,358",780,421
JAWA TIMUR,GRESIK,3525,P,"11,822","4,794","5,668","3,244","4,710","1,652","1,111"
JAWA TIMUR,GRESIK,3525,L,"13,363","5,042","6,312","3,095","5,208","1,325",692
JAWA TIMUR,BANGKALAN,3526,P,"21,783",524,"7,398","1,493","2,670",535,263
JAWA TIMUR,BANGKALAN,3526,L,"23,552",586,"8,047","1,405","3,398",505,242
JAWA TIMUR,SAMPANG,3527,P,"25,535","5,015","8,823","4,154","2,896","1,197",242
JAWA TIMUR,SAMPANG,3527,L,"27,292","5,103","9,621","4,235","3,730","1,296",441
JAWA TIMUR,PAMEKASAN,3528,P,"19,083","2,553","6,519","4,617","3,836","2,599","1,294"
JAWA TIMUR,PAMEKASAN,3528,L,"20,316","2,515","7,124","4,682","4,801","2,851","1,698"
JAWA TIMUR,SUMENEP,3529,P,"16,192","6,037","4,715","5,580","3,008","2,589",927
JAWA TIMUR,SUMENEP,3529,L,"17,258","6,444","5,671","5,747","4,030","3,123","1,495"
JAWA TIMUR,KOTA KEDIRI,3571,P,"3,130",33,"1,660",38,"1,243",13,263
JAWA TIMUR,KOTA KEDIRI,3571,L,"3,415",33,"1,768",43,"1,341",10,228
JAWA TIMUR,KOTA BLITAR,3572,P,"1,145",18,633,25,473,5,61
JAWA TIMUR,KOTA BLITAR,3572,L,"1,353",27,673,26,500,7,31
JAWA TIMUR,KOTA MALANG,3573,P,"5,152",123,"2,651",56,"1,670",24,219
JAWA TIMUR,KOTA MALANG,3573,L,"5,806",110,"2,793",62,"1,640",16,152
JAWA TIMUR,KOTA PROBOLINGGO,3574,P,"2,781",166,"1,408",212,"1,007",72,96
JAWA TIMUR,KOTA PROBOLINGGO,3574,L,"3,166",144,"1,539",227,"1,122",49,59
JAWA TIMUR,KOTA PASURUAN,3575,P,"2,548",56,"1,217",69,846,19,70
JAWA TIMUR,KOTA PASURUAN,3575,L,"2,805",55,"1,398",79,900,15,49
JAWA TIMUR,KOTA MOJOKERTO,3576,P,"1,008",52,593,7,531,4,45
JAWA TIMUR,KOTA MOJOKERTO,3576,L,"1,118",64,676,17,542,6,19
JAWA TIMUR,KOTA MADIUN,3577,P,"1,039",5,586,3,467,3,45
JAWA TIMUR,KOTA MADIUN,3577,L,"1,209",9,634,3,484,0,30
JAWA TIMUR,KOTA SURABAYA,3578,P,"24,174",232,"13,123",159,"9,974",44,"1,315"
JAWA TIMUR,KOTA SURABAYA,3578,L,"26,532",219,"14,036",164,"10,782",41,"1,112"
JAWA TIMUR,KOTA BATU,3579,P,"1,881",30,985,14,607,14,70
JAWA TIMUR,KOTA BATU,3579,L,"1,954",31,976,19,584,8,40
BANTEN,PANDEGLANG,3601,P,"34,439","1,648","11,178","3,533","3,448",840,48
BANTEN,PANDEGLANG,3601,L,"37,996","1,750","12,149","3,255","3,937",652,44
BANTEN,LEBAK,3602,P,"28,716","1,425","9,537","1,692","1,829",189,39
BANTEN,LEBAK,3602,L,"31,547","1,476","10,159","1,663","2,271",160,34
BANTEN,TANGERANG,3603,P,"43,147","1,536","20,498","2,454","9,740",699,334
BANTEN,TANGERANG,3603,L,"47,732","1,639","22,386","2,301","10,710",573,257
BANTEN,SERANG,3604,P,"19,574",747,"8,149","2,463","1,816",359,23
BANTEN,SERANG,3604,L,"21,940",716,"8,469","2,312","2,125",289,17
BANTEN,KOTA TANGERANG,3671,P,"13,958",261,"7,921",125,"5,290",49,400
BANTEN,KOTA TANGERANG,3671,L,"15,233",260,"8,421",124,"5,391",37,253
BANTEN,KOTA CILEGON,3672,P,"3,301",35,"1,407",639,978,246,58
BANTEN,KOTA CILEGON,3672,L,"3,701",47,"1,541",667,"1,163",181,50
BANTEN,KOTA SERANG,3673,P,"6,624",106,"2,737",218,845,33,15
BANTEN,KOTA SERANG,3673,L,"7,361",109,"2,810",211,812,23,21
BANTEN,KOTA TANGERANG SELATAN,3674,P,"5,420",141,"3,190",62,"2,209",7,205
BANTEN,KOTA TANGERANG SELATAN,3674,L,"5,931",138,"3,500",60,"2,281",11,182
BALI,JEMBRANA,5101,P,"2,990",116,"1,559",106,950,52,46
BALI,JEMBRANA,5101,L,"3,187",125,"1,570",82,"1,039",39,32
BALI,TABANAN,5102,P,"4,874",28,"2,588",22,"1,803",10,175
BALI,TABANAN,5102,L,"5,145",28,"2,751",12,"1,999",13,171
BALI,BADUNG,5103,P,"2,932",2,"1,488",0,"1,075",0,65
BALI,BADUNG,5103,L,"3,063",2,"1,569",1,"1,116",0,67
BALI,GIANYAR,5104,P,"5,065",1,"2,717",0,"1,445",0,73
BALI,GIANYAR,5104,L,"5,118",0,"2,619",0,"1,516",0,102
BALI,KLUNGKUNG,5105,P,"1,989",2,"1,051",3,567,3,8
BALI,KLUNGKUNG,5105,L,"2,053",4,"1,049",1,718,0,27
BALI,BANGLI,5106,P,"3,365",5,"1,485",3,822,0,31
BALI,BANGLI,5106,L,"3,560",1,"1,551",2,933,0,64
BALI,KARANG ASEM,5107,P,"7,956",96,"3,266",51,"1,360",57,36
BALI,KARANG ASEM,5107,L,"8,707",96,"3,719",55,"1,864",38,39
BALI,BULELENG,5108,P,"13,077",324,"5,622",172,"2,652",91,120
BALI,BULELENG,5108,L,"13,871",323,"5,873",160,"3,256",57,141
BALI,KOTA DENPASAR,5171,P,"1,528",0,782,0,367,0,35
BALI,KOTA DENPASAR,5171,L,"1,537",1,764,0,334,0,35
NUSA TENGGARA BARAT,LOMBOK BARAT,5201,P,"19,309","1,502","6,119","3,174","3,782","1,630",711
NUSA TENGGARA BARAT,LOMBOK BARAT,5201,L,"20,842","1,618","6,929","2,906","4,745","1,459",818
NUSA TENGGARA BARAT,LOMBOK TENGAH,5202,P,"26,363","3,099","7,478","6,196","4,477","3,121",966
NUSA TENGGARA BARAT,LOMBOK TENGAH,5202,L,"28,578","3,342","8,390","5,931","5,516","2,810","1,239"
NUSA TENGGARA BARAT,LOMBOK TIMUR,5203,P,"40,953","3,461","13,825","7,692","7,534","3,928","1,657"
NUSA TENGGARA BARAT,LOMBOK TIMUR,5203,L,"44,167","3,812","14,660","7,552","7,694","3,254","1,734"
NUSA TENGGARA BARAT,SUMBAWA,5204,P,"10,111",129,"4,213",261,"1,932",97,199
NUSA TENGGARA BARAT,SUMBAWA,5204,L,"10,925",137,"4,185",309,"1,776",68,171
NUSA TENGGARA BARAT,DOMPU,5205,P,"8,201",197,"3,605",265,"2,675",89,302
NUSA TENGGARA BARAT,DOMPU,5205,L,"9,105",204,"3,761",266,"2,668",83,213
NUSA TENGGARA BARAT,BIMA,5206,P,"15,800",400,"7,508",492,"5,197",213,685
NUSA TENGGARA BARAT,BIMA,5206,L,"17,312",485,"8,012",491,"5,214",212,553
NUSA TENGGARA BARAT,SUMBAWA BARAT,5207,P,"3,491",32,"1,414",98,843,25,204
NUSA TENGGARA BARAT,SUMBAWA BARAT,5207,L,"3,823",47,"1,451",73,933,23,162
NUSA TENGGARA BARAT,LOMBOK UTARA,5208,P,"7,567",325,"2,485",790,"1,335",375,215
NUSA TENGGARA BARAT,LOMBOK UTARA,5208,L,"7,907",313,"2,602",786,"1,756",323,323
NUSA TENGGARA BARAT,KOTA MATARAM,5271,P,"7,668",193,"3,511",224,"2,447",108,400
NUSA TENGGARA BARAT,KOTA MATARAM,5271,L,"8,457",201,"3,757",243,"2,631",93,359
NUSA TENGGARA BARAT,KOTA BIMA,5272,P,"3,638",79,"1,778",120,"1,470",51,414
NUSA TENGGARA BARAT,KOTA BIMA,5272,L,"4,111",77,"1,852",99,"1,512",36,282
NUSA TENGGARA TIMUR,SUMBA BARAT,5301,P,"8,171",4,"3,404",1,"1,824",1,107
NUSA TENGGARA TIMUR,SUMBA BARAT,5301,L,"9,368",8,"3,293",1,"1,671",0,102
NUSA TENGGARA TIMUR,SUMBA TIMUR,5302,P,"11,673",20,"3,816",8,"2,049",3,172
NUSA TENGGARA TIMUR,SUMBA TIMUR,5302,L,"13,353",19,"3,792",9,"2,039",3,146
NUSA TENGGARA TIMUR,KUPANG,5303,P,"15,585",22,"6,487",11,"3,524",1,666
NUSA TENGGARA TIMUR,KUPANG,5303,L,"17,129",26,"6,182",4,"3,313",1,472
NUSA TENGGARA TIMUR,TIMOR TENGAH SELATAN,5304,P,"28,545",97,"9,988",43,"4,225",2,528
NUSA TENGGARA TIMUR,TIMOR TENGAH SELATAN,5304,L,"30,628",119,"9,538",18,"3,918",2,289
NUSA TENGGARA TIMUR,TIMOR TENGAH UTARA,5305,P,"11,454",3,"4,324",4,"2,099",0,313
NUSA TENGGARA TIMUR,TIMOR TENGAH UTARA,5305,L,"12,193",10,"4,135",3,"1,770",0,238
NUSA TENGGARA TIMUR,BELU,5306,P,"8,341",7,"3,163",4,"1,784",0,178
NUSA TENGGARA TIMUR,BELU,5306,L,"8,915",12,"2,899",0,"1,364",0,92
NUSA TENGGARA TIMUR,ALOR,5307,P,"9,267",620,"3,460",166,"1,915",85,169
NUSA TENGGARA TIMUR,ALOR,5307,L,"10,220",650,"3,699",147,"2,032",70,166
NUSA TENGGARA TIMUR,LEMBATA,5308,P,"5,036",373,"1,759",227,672,101,79
NUSA TENGGARA TIMUR,LEMBATA,5308,L,"5,700",396,"1,749",204,630,104,57
NUSA TENGGARA TIMUR,FLORES TIMUR,5309,P,"8,792",298,"3,139",307,"1,618",85,103
NUSA TENGGARA TIMUR,FLORES TIMUR,5309,L,"9,749",296,"3,194",263,"1,467",72,70
NUSA TENGGARA TIMUR,SIKKA,5310,P,"11,929",208,"4,452",147,"2,457",18,401
NUSA TENGGARA TIMUR,SIKKA,5310,L,"13,407",193,"4,174",140,"2,068",17,225
NUSA TENGGARA TIMUR,ENDE,5311,P,"10,225",92,"3,498",121,"1,466",81,142
NUSA TENGGARA TIMUR,ENDE,5311,L,"11,454",115,"3,659",143,"1,433",77,130
NUSA TENGGARA TIMUR,NGADA,5312,P,"4,864",46,"2,015",39,"1,094",10,195
NUSA TENGGARA TIMUR,NGADA,5312,L,"5,433",58,"1,895",36,949,16,94
NUSA TENGGARA TIMUR,MANGGARAI,5313,P,"17,818",62,"6,794",46,"2,827",21,193
NUSA TENGGARA TIMUR,MANGGARAI,5313,L,"19,160",66,"6,647",42,"2,604",26,186
NUSA TENGGARA TIMUR,ROTE NDAO,5314,P,"6,824",23,"2,410",2,"1,412",1,211
NUSA TENGGARA TIMUR,ROTE NDAO,5314,L,"7,399",24,"2,263",5,"1,345",1,187
NUSA TENGGARA TIMUR,MANGGARAI BARAT,5315,P,"15,883",461,"4,999",210,"2,068",82,107
NUSA TENGGARA TIMUR,MANGGARAI BARAT,5315,L,"17,046",458,"5,007",172,"1,960",63,101
NUSA TENGGARA TIMUR,SUMBA TENGAH,5316,P,"4,836",2,"1,797",0,860,0,77
NUSA TENGGARA TIMUR,SUMBA TENGAH,5316,L,"5,566",5,"1,807",1,843,0,46
NUSA TENGGARA TIMUR,SUMBA BARAT DAYA,5317,P,"27,155",20,"9,316",6,"4,876",0,420
NUSA TENGGARA TIMUR,SUMBA BARAT DAYA,5317,L,"30,199",24,"8,952",3,"4,386",0,368
NUSA TENGGARA TIMUR,NAGEKEO,5318,P,"4,863",6,"1,957",9,769,6,91
NUSA TENGGARA TIMUR,NAGEKEO,5318,L,"5,384",3,"2,001",16,768,4,65
NUSA TENGGARA TIMUR,MANGGARAI TIMUR,5319,P,"16,724",169,"6,444",125,"2,894",26,166
NUSA TENGGARA TIMUR,MANGGARAI TIMUR,5319,L,"18,043",159,"6,752",135,"3,005",28,150
NUSA TENGGARA TIMUR,SABU RAIJUA,5320,P,"5,467",5,"2,173",6,"1,523",0,143
NUSA TENGGARA TIMUR,SABU RAIJUA,5320,L,"6,057",8,"2,014",4,"1,322",0,104
NUSA TENGGARA TIMUR,MALAKA,5321,P,"9,603",8,"3,673",2,"2,140",0,318
NUSA TENGGARA TIMUR,MALAKA,5321,L,"10,557",4,"3,274",5,"1,599",1,165
NUSA TENGGARA TIMUR,KOTA KUPANG,5371,P,"7,482",4,"3,270",8,"2,294",3,934
NUSA TENGGARA TIMUR,KOTA KUPANG,5371,L,"8,162",6,"3,534",9,"2,125",2,777
KALIMANTAN BARAT,SAMBAS,6101,P,"10,534",243,"3,687",227,"1,731",38,181
KALIMANTAN BARAT,SAMBAS,6101,L,"11,300",277,"3,318",169,"1,322",24,143
KALIMANTAN BARAT,BENGKAYANG,6102,P,"6,745",8,"2,534",39,"1,135",16,92
KALIMANTAN BARAT,BENGKAYANG,6102,L,"7,157",5,"2,346",52,989,21,56
KALIMANTAN BARAT,LANDAK,6103,P,"13,884",99,"6,349",102,"3,075",17,251
KALIMANTAN BARAT,LANDAK,6103,L,"15,384",101,"6,544",85,"2,902",24,234
KALIMANTAN BARAT,MEMPAWAH,6104,P,"6,628",548,"2,757",501,"1,320",196,172
KALIMANTAN BARAT,MEMPAWAH,6104,L,"7,195",679,"2,556",522,"1,301",207,144
KALIMANTAN BARAT,SANGGAU,6105,P,"7,314",19,"2,832",27,"1,305",11,104
KALIMANTAN BARAT,SANGGAU,6105,L,"8,134",18,"2,830",25,"1,290",6,104
KALIMANTAN BARAT,KETAPANG,6106,P,"8,117",15,"3,118",52,"1,390",27,147
KALIMANTAN BARAT,KETAPANG,6106,L,"9,106",25,"3,133",59,"1,343",36,165
KALIMANTAN BARAT,SINTANG,6107,P,"10,638",34,"3,399",33,"1,268",4,191
KALIMANTAN BARAT,SINTANG,6107,L,"11,826",34,"3,403",37,"1,164",3,226
KALIMANTAN BARAT,KAPUAS HULU,6108,P,"6,816",55,"2,515",93,"1,364",44,244
KALIMANTAN BARAT,KAPUAS HULU,6108,L,"7,508",62,"2,609",86,"1,203",42,211
KALIMANTAN BARAT,SEKADAU,6109,P,"3,440",19,"1,339",14,533,1,23
KALIMANTAN BARAT,SEKADAU,6109,L,"3,752",12,"1,372",19,505,3,29
KALIMANTAN BARAT,MELAWI,6110,P,"3,975",20,"1,394",50,537,27,50
KALIMANTAN BARAT,MELAWI,6110,L,"4,250",14,"1,363",31,471,19,58
KALIMANTAN BARAT,KAYONG UTARA,6111,P,"3,140",52,"1,169",66,703,11,32
KALIMANTAN BARAT,KAYONG UTARA,6111,L,"3,148",65,"1,067",62,660,13,48
KALIMANTAN BARAT,KUBU RAYA,6112,P,"11,869","1,898","4,941","1,257","2,384",594,246
KALIMANTAN BARAT,KUBU RAYA,6112,L,"12,893","1,986","4,701","1,244","2,210",638,234
KALIMANTAN BARAT,KOTA PONTIANAK,6171,P,"5,457",44,"2,803",38,"1,975",14,444
KALIMANTAN BARAT,KOTA PONTIANAK,6171,L,"6,045",55,"2,786",35,"1,821",15,340
KALIMANTAN BARAT,KOTA SINGKAWANG,6172,P,"4,183",54,"1,623",27,833,7,86
KALIMANTAN BARAT,KOTA SINGKAWANG,6172,L,"4,766",55,"1,431",23,753,8,56
KALIMANTAN TENGAH,KOTAWARINGIN BARAT,6201,P,"1,618",49,675,98,426,11,69
KALIMANTAN TENGAH,KOTAWARINGIN BARAT,6201,L,"1,865",53,682,70,456,7,63
KALIMANTAN TENGAH,KOTAWARINGIN TIMUR,6202,P,"6,357",129,"2,521",104,"1,190",49,117
KALIMANTAN TENGAH,KOTAWARINGIN TIMUR,6202,L,"6,842",148,"2,620",105,"1,278",33,103
KALIMANTAN TENGAH,KAPUAS,6203,P,"6,441","1,168","2,071",857,"1,056",350,100
KALIMANTAN TENGAH,KAPUAS,6203,L,"7,181","1,271","2,148",767,"1,085",338,65
KALIMANTAN TENGAH,BARITO SELATAN,6204,P,"1,509",56,620,89,275,32,21
KALIMANTAN TENGAH,BARITO SELATAN,6204,L,"1,796",63,648,81,328,33,17
KALIMANTAN TENGAH,BARITO UTARA,6205,P,"1,402",31,486,16,262,6,16
KALIMANTAN TENGAH,BARITO UTARA,6205,L,"1,538",39,508,11,290,7,20
KALIMANTAN TENGAH,SUKAMARA,6206,P,463,3,189,35,118,5,6
KALIMANTAN TENGAH,SUKAMARA,6206,L,529,7,183,30,117,9,6
KALIMANTAN TENGAH,LAMANDAU,6207,P,634,3,279,1,102,0,4
KALIMANTAN TENGAH,LAMANDAU,6207,L,671,1,280,0,141,0,1
KALIMANTAN TENGAH,SERUYAN,6208,P,"1,301",6,552,5,258,4,45
KALIMANTAN TENGAH,SERUYAN,6208,L,"1,337",5,537,13,301,1,45
KALIMANTAN TENGAH,KATINGAN,6209,P,"1,932",7,837,24,413,11,14
KALIMANTAN TENGAH,KATINGAN,6209,L,"2,075",14,909,18,407,8,9
KALIMANTAN TENGAH,PULANG PISAU,6210,P,"2,282",250,"1,004",139,546,63,70
KALIMANTAN TENGAH,PULANG PISAU,6210,L,"2,604",251,931,112,517,64,50
KALIMANTAN TENGAH,GUNUNG MAS,6211,P,701,0,218,0,44,0,1
KALIMANTAN TENGAH,GUNUNG MAS,6211,L,756,0,261,0,41,0,1
KALIMANTAN TENGAH,BARITO TIMUR,6212,P,994,22,409,61,229,22,14
KALIMANTAN TENGAH,BARITO TIMUR,6212,L,"1,076",21,419,63,247,30,8
KALIMANTAN TENGAH,MURUNG RAYA,6213,P,"2,385",19,720,71,154,9,4
KALIMANTAN TENGAH,MURUNG RAYA,6213,L,"2,612",31,684,41,137,2,4
KALIMANTAN TENGAH,KOTA PALANGKA RAYA,6271,P,"2,194",98,"1,005",124,599,41,162
KALIMANTAN TENGAH,KOTA PALANGKA RAYA,6271,L,"2,468",138,"1,089",105,658,26,139
KALIMANTAN SELATAN,TANAH LAUT,6301,P,"3,684",174,"1,071",424,323,94,24
KALIMANTAN SELATAN,TANAH LAUT,6301,L,"4,145",171,"1,163",374,360,78,13
KALIMANTAN SELATAN,KOTA BARU,6302,P,"3,999",29,"1,144",273,575,34,46
KALIMANTAN SELATAN,KOTA BARU,6302,L,"4,461",36,"1,196",234,647,65,33
KALIMANTAN SELATAN,BANJAR,6303,P,"4,293","1,185","1,164","1,018",443,349,78
KALIMANTAN SELATAN,BANJAR,6303,L,"4,777","1,206","1,227",952,444,297,59
KALIMANTAN SELATAN,BARITO KUALA,6304,P,"4,204",501,"1,368",692,513,338,60
KALIMANTAN SELATAN,BARITO KUALA,6304,L,"4,804",595,"1,384",720,620,274,47
KALIMANTAN SELATAN,TAPIN,6305,P,"1,414",46,329,153,103,45,11
KALIMANTAN SELATAN,TAPIN,6305,L,"1,663",51,358,146,135,45,7
KALIMANTAN SELATAN,HULU SUNGAI SELATAN,6306,P,"3,279",386,885,835,502,384,112
KALIMANTAN SELATAN,HULU SUNGAI SELATAN,6306,L,"3,680",406,851,677,558,215,63
KALIMANTAN SELATAN,HULU SUNGAI TENGAH,6307,P,"3,907",323,"1,084",891,754,315,83
KALIMANTAN SELATAN,HULU SUNGAI TENGAH,6307,L,"4,424",363,"1,235",738,932,260,72
KALIMANTAN SELATAN,HULU SUNGAI UTARA,6308,P,"3,371","1,391",968,"1,156",724,502,405
KALIMANTAN SELATAN,HULU SUNGAI UTARA,6308,L,"3,803","1,533","1,052","1,120",720,378,232
KALIMANTAN SELATAN,TABALONG,6309,P,"2,891",294,907,508,746,176,186
KALIMANTAN SELATAN,TABALONG,6309,L,"3,268",325,"1,022",529,789,153,88
KALIMANTAN SELATAN,TANAH BUMBU,6310,P,"3,547",51,"1,272",240,769,71,62
KALIMANTAN SELATAN,TANAH BUMBU,6310,L,"3,796",54,"1,308",218,774,56,53
KALIMANTAN SELATAN,BALANGAN,6311,P,"1,759",129,424,343,208,121,27
KALIMANTAN SELATAN,BALANGAN,6311,L,"1,907",140,471,306,234,105,16
KALIMANTAN SELATAN,KOTA BANJARMASIN,6371,P,"6,758",315,"3,284",443,"2,173",181,501
KALIMANTAN SELATAN,KOTA BANJARMASIN,6371,L,"7,880",322,"3,450",464,"2,372",166,421
KALIMANTAN SELATAN,KOTA BANJAR BARU,6372,P,"2,000",230,905,253,541,120,117
KALIMANTAN SELATAN,KOTA BANJAR BARU,6372,L,"2,252",259,874,241,587,79,70
KALIMANTAN TIMUR,PASER,6401,P,"4,625",158,"1,700",121,922,64,196
KALIMANTAN TIMUR,PASER,6401,L,"5,150",157,"1,895",144,"1,056",59,109
KALIMANTAN TIMUR,KUTAI BARAT,6402,P,"2,386",11,"1,148",6,653,2,58
KALIMANTAN TIMUR,KUTAI BARAT,6402,L,"2,743",6,"1,220",9,710,2,43
KALIMANTAN TIMUR,KUTAI KARTANEGARA,6403,P,"7,209",48,"3,302",181,"1,936",65,295
KALIMANTAN TIMUR,KUTAI KARTANEGARA,6403,L,"8,101",75,"3,441",222,"2,127",74,183
KALIMANTAN TIMUR,KUTAI TIMUR,6404,P,"5,419",3,"2,205",60,"1,319",2,198
KALIMANTAN TIMUR,KUTAI TIMUR,6404,L,"5,841",12,"2,435",61,"1,375",5,201
KALIMANTAN TIMUR,BERAU,6405,P,"1,939",14,797,41,402,6,53
KALIMANTAN TIMUR,BERAU,6405,L,"2,152",14,926,30,380,4,55
KALIMANTAN TIMUR,PENAJAM PASER UTARA,6409,P,"2,994",3,"1,314",66,829,28,74
KALIMANTAN TIMUR,PENAJAM PASER UTARA,6409,L,"3,359",10,"1,326",79,840,20,42
KALIMANTAN TIMUR,MAHAKAM HULU,6411,P,580,1,207,0,142,0,18
KALIMANTAN TIMUR,MAHAKAM HULU,6411,L,651,1,226,0,119,0,17
KALIMANTAN TIMUR,KOTA BALIKPAPAN,6471,P,"5,792",44,"3,101",49,"2,118",29,356
KALIMANTAN TIMUR,KOTA BALIKPAPAN,6471,L,"6,249",47,"3,299",65,"2,304",30,275
KALIMANTAN TIMUR,KOTA SAMARINDA,6472,P,"5,991",29,"3,173",108,"2,054",29,642
KALIMANTAN TIMUR,KOTA SAMARINDA,6472,L,"6,640",33,"3,204",106,"2,182",23,562
KALIMANTAN TIMUR,KOTA BONTANG,6474,P,"2,225",10,"1,048",8,782,3,78
KALIMANTAN TIMUR,KOTA BONTANG,6474,L,"2,436",4,"1,211",9,839,3,70
KALIMANTAN UTARA,MALINAU,6501,P,"1,459",2,590,5,405,0,31
KALIMANTAN UTARA,MALINAU,6501,L,"1,553",0,590,2,339,0,46
KALIMANTAN UTARA,BULUNGAN,6502,P,"1,350",4,612,4,239,3,32
KALIMANTAN UTARA,BULUNGAN,6502,L,"1,608",3,605,6,248,4,29
KALIMANTAN UTARA,TANA TIDUNG,6503,P,238,0,91,0,37,0,3
KALIMANTAN UTARA,TANA TIDUNG,6503,L,228,0,94,0,34,0,5
KALIMANTAN UTARA,NUNUKAN,6504,P,"4,450",19,"1,930",15,"1,220",29,77
KALIMANTAN UTARA,NUNUKAN,6504,L,"4,770",17,"2,015",30,"1,242",23,86
KALIMANTAN UTARA,KOTA TARAKAN,6571,P,"3,069",5,"1,457",4,"1,001",2,382
KALIMANTAN UTARA,KOTA TARAKAN,6571,L,"3,533",2,"1,486",6,937,3,301
SULAWESI UTARA,BOLAANG MONGONDOW,7101,P,"6,830",41,"2,981",120,"1,674",52,182
SULAWESI UTARA,BOLAANG MONGONDOW,7101,L,"7,960",35,"2,963",113,"1,429",40,93
SULAWESI UTARA,MINAHASA,7102,P,"5,235",2,"2,855",2,"2,072",1,314
SULAWESI UTARA,MINAHASA,7102,L,"6,179",7,"3,116",3,"2,166",1,260
SULAWESI UTARA,KEPULAUAN SANGIHE,7103,P,"2,240",15,"1,054",20,664,27,124
SULAWESI UTARA,KEPULAUAN SANGIHE,7103,L,"2,601",24,"1,040",25,522,12,49
SULAWESI UTARA,KEPULAUAN TALAUD,7104,P,"2,152",1,"1,121",1,747,0,99
SULAWESI UTARA,KEPULAUAN TALAUD,7104,L,"2,514",1,"1,207",0,870,0,61
SULAWESI UTARA,MINAHASA SELATAN,7105,P,"5,988",16,"3,234",17,"2,271",6,232
SULAWESI UTARA,MINAHASA SELATAN,7105,L,"6,732",15,"3,385",11,"2,287",6,153
SULAWESI UTARA,MINAHASA UTARA,7106,P,"4,263",25,"2,161",43,"1,368",17,313
SULAWESI UTARA,MINAHASA UTARA,7106,L,"4,722",31,"2,030",47,"1,344",19,174
SULAWESI UTARA,BOLAANG MONGONDOW UTARA,7107,P,"2,038",92,853,132,530,82,64
SULAWESI UTARA,BOLAANG MONGONDOW UTARA,7107,L,"2,335",70,806,107,423,66,37
SULAWESI UTARA,SIAU TAGULANDANG BIARO,7108,P,639,0,320,0,184,0,15
SULAWESI UTARA,SIAU TAGULANDANG BIARO,7108,L,734,0,329,0,187,0,9
SULAWESI UTARA,MINAHASA TENGGARA,7109,P,"2,527",7,"1,205",6,732,6,49
SULAWESI UTARA,MINAHASA TENGGARA,7109,L,"2,773",3,"1,218",7,612,9,23
SULAWESI UTARA,BOLAANG MONGONDOW SELATAN,7110,P,"2,137",46,692,108,275,30,33
SULAWESI UTARA,BOLAANG MONGONDOW SELATAN,7110,L,"2,260",53,670,93,237,24,26
SULAWESI UTARA,BOLAANG MONGONDOW TIMUR,7111,P,"1,359",3,607,70,299,0,21
SULAWESI UTARA,BOLAANG MONGONDOW TIMUR,7111,L,"1,533",9,572,53,227,0,8
SULAWESI UTARA,KOTA MANADO,7171,P,"4,749",10,"2,572",3,"1,772",1,331
SULAWESI UTARA,KOTA MANADO,7171,L,"5,173",3,"2,552",2,"1,672",0,228
SULAWESI UTARA,KOTA BITUNG,7172,P,"3,537",11,"1,598",4,979,1,168
SULAWESI UTARA,KOTA BITUNG,7172,L,"3,741",12,"1,664",5,915,1,62
SULAWESI UTARA,KOTA TOMOHON,7173,P,"1,533",4,938,1,679,1,198
SULAWESI UTARA,KOTA TOMOHON,7173,L,"1,834",5,990,0,697,0,133
SULAWESI UTARA,KOTAMOBAGU,7174,P,"2,022",5,"1,022",12,711,2,112
SULAWESI UTARA,KOTAMOBAGU,7174,L,"2,259",5,984,18,674,0,54
SULAWESI TENGAH,BANGGAI KEPULAUAN,7201,P,"3,349",29,"1,392",158,775,39,68
SULAWESI TENGAH,BANGGAI KEPULAUAN,7201,L,"3,476",28,"1,280",143,785,34,52
SULAWESI TENGAH,BANGGAI,7202,P,"8,631",153,"3,365",289,"1,912",106,225
SULAWESI TENGAH,BANGGAI,7202,L,"9,573",198,"3,380",308,"1,737",108,181
SULAWESI TENGAH,MOROWALI,7203,P,"2,587",40,"1,022",70,706,17,101
SULAWESI TENGAH,MOROWALI,7203,L,"2,841",43,"1,062",66,692,26,89
SULAWESI TENGAH,POSO,7204,P,"6,246",19,"2,959",93,"1,868",41,500
SULAWESI TENGAH,POSO,7204,L,"6,843",14,"3,125",71,"1,741",30,318
SULAWESI TENGAH,DONGGALA,7205,P,"11,412",122,"3,699",291,"2,000",134,177
SULAWESI TENGAH,DONGGALA,7205,L,"12,481",129,"3,454",226,"1,692",95,137
SULAWESI TENGAH,TOLI-TOLI,7206,P,"6,358",42,"2,092",350,856,113,160
SULAWESI TENGAH,TOLI-TOLI,7206,L,"6,745",28,"1,920",272,672,75,103
SULAWESI TENGAH,BUOL,7207,P,"5,214",29,"2,070",228,"1,056",85,105
SULAWESI TENGAH,BUOL,7207,L,"5,704",27,"1,997",193,983,77,75
SULAWESI TENGAH,PARIGI MOUTONG,7208,P,"13,491",256,"3,853","1,014","2,248",445,287
SULAWESI TENGAH,PARIGI MOUTONG,7208,L,"14,645",299,"3,640",938,"2,002",403,207
SULAWESI TENGAH,TOJO UNA-UNA,7209,P,"5,318",36,"1,683",172,720,75,52
SULAWESI TENGAH,TOJO UNA-UNA,7209,L,"5,781",32,"1,565",154,673,84,23
SULAWESI TENGAH,SIGI,7210,P,"6,758",20,"2,223",145,"1,149",48,148
SULAWESI TENGAH,SIGI,7210,L,"7,603",13,"2,041",132,994,46,84
SULAWESI TENGAH,BANGGAI LAUT,7211,P,"1,300",5,441,76,228,36,32
SULAWESI TENGAH,BANGGAI LAUT,7211,L,"1,356",4,412,72,193,47,22
SULAWESI TENGAH,MOROWALI UTARA,7212,P,"2,618",21,"1,108",47,596,10,87
SULAWESI TENGAH,MOROWALI UTARA,7212,L,"2,932",28,"1,102",48,590,3,50
SULAWESI TENGAH,KOTA PALU,7271,P,"4,232",49,"1,825",75,997,16,202
SULAWESI TENGAH,KOTA PALU,7271,L,"4,616",41,"1,753",73,902,18,141
SULAWESI SELATAN,KEPULAUAN SELAYAR,7301,P,"3,668",10,"1,316",46,805,10,264
SULAWESI SELATAN,KEPULAUAN SELAYAR,7301,L,"3,764",6,"1,262",37,683,3,153
SULAWESI SELATAN,BULUKUMBA,7302,P,"7,499",110,"2,949",490,"1,689",132,367
SULAWESI SELATAN,BULUKUMBA,7302,L,"7,812",87,"2,810",409,"1,479",90,190
SULAWESI SELATAN,BANTAENG,7303,P,"3,776",28,"1,183",263,588,130,55
SULAWESI SELATAN,BANTAENG,7303,L,"3,753",21,"1,019",230,412,83,23
SULAWESI SELATAN,JENEPONTO,7304,P,"11,645",152,"5,175",686,"2,808",244,446
SULAWESI SELATAN,JENEPONTO,7304,L,"12,113",124,"5,000",644,"2,493",231,240
SULAWESI SELATAN,TAKALAR,7305,P,"8,452",94,"3,767",282,"2,451",89,490
SULAWESI SELATAN,TAKALAR,7305,L,"8,982",112,"3,556",247,"2,341",64,220
SULAWESI SELATAN,GOWA,7306,P,"16,291",571,"7,747",637,"4,538",370,801
SULAWESI SELATAN,GOWA,7306,L,"17,241",645,"7,710",618,"4,263",318,411
SULAWESI SELATAN,SINJAI,7307,P,"5,215",170,"2,142",426,"1,346",213,257
SULAWESI SELATAN,SINJAI,7307,L,"5,811",192,"2,083",434,"1,116",200,152
SULAWESI SELATAN,MAROS,7308,P,"8,100",35,"3,540",247,"1,853",129,321
SULAWESI SELATAN,MAROS,7308,L,"8,629",32,"3,686",245,"1,968",150,214
SULAWESI SELATAN,PANGKAJENE DAN KEPULAUAN,7309,P,"9,050",84,"3,672",205,"1,970",129,246
SULAWESI SELATAN,PANGKAJENE DAN KEPULAUAN,7309,L,"9,347",94,"3,564",214,"1,910",126,128
SULAWESI SELATAN,BARRU,7310,P,"3,637",22,"1,757",87,"1,037",56,281
SULAWESI SELATAN,BARRU,7310,L,"3,898",27,"1,854",83,918,48,134
SULAWESI SELATAN,BONE,7311,P,"17,783",654,"7,131","1,157","3,938",539,"1,113"
SULAWESI SELATAN,BONE,7311,L,"19,160",757,"6,965","1,027","3,566",427,601
SULAWESI SELATAN,SOPPENG,7312,P,"3,938",60,"1,738",186,"1,163",79,236
SULAWESI SELATAN,SOPPENG,7312,L,"4,194",68,"1,655",154,"1,019",67,114
SULAWESI SELATAN,WAJO,7313,P,"6,055",106,"2,000",201,583,41,28
SULAWESI SELATAN,WAJO,7313,L,"6,798",129,"1,976",217,564,52,27
SULAWESI SELATAN,SIDENRENG RAPPANG,7314,P,"4,966",38,"2,115",165,"1,022",76,233
SULAWESI SELATAN,SIDENRENG RAPPANG,7314,L,"5,364",30,"2,023",179,961,68,149
SULAWESI SELATAN,PINRANG,7315,P,"5,960",178,"2,708",194,"1,360",33,235
SULAWESI SELATAN,PINRANG,7315,L,"6,472",201,"2,595",169,"1,218",28,116
SULAWESI SELATAN,ENREKANG,7316,P,"6,584",137,"2,793",323,"1,706",65,310
SULAWESI SELATAN,ENREKANG,7316,L,"7,200",148,"2,841",312,"1,563",47,203
SULAWESI SELATAN,LUWU,7317,P,"10,824",367,"5,206",364,"2,958",80,517
SULAWESI SELATAN,LUWU,7317,L,"12,062",404,"5,378",353,"2,962",70,182
SULAWESI SELATAN,TANA TORAJA,7318,P,"8,709",102,"4,082",48,"1,985",8,504
SULAWESI SELATAN,TANA TORAJA,7318,L,"10,030",95,"4,312",42,"1,833",8,235
SULAWESI SELATAN,LUWU UTARA,7322,P,"9,070",71,"4,470",205,"2,687",97,256
SULAWESI SELATAN,LUWU UTARA,7322,L,"9,889",83,"4,502",213,"2,477",80,108
SULAWESI SELATAN,LUWU TIMUR,7325,P,"5,317",128,"2,510",171,"1,556",29,111
SULAWESI SELATAN,LUWU TIMUR,7325,L,"5,891",149,"2,458",138,"1,360",24,59
SULAWESI SELATAN,TORAJA UTARA,7326,P,"9,301",5,"4,539",6,"2,578",0,602
SULAWESI SELATAN,TORAJA UTARA,7326,L,"10,484",10,"4,515",3,"2,673",1,406
SULAWESI SELATAN,KOTA MAKASSAR,7371,P,"17,354",71,"7,519",70,"2,879",24,259
SULAWESI SELATAN,KOTA MAKASSAR,7371,L,"18,732",60,"7,645",70,"2,675",24,202
SULAWESI SELATAN,KOTA PAREPARE,7372,P,"2,095",4,"1,077",2,709,6,121
SULAWESI SELATAN,KOTA PAREPARE,7372,L,"2,422",16,"1,080",5,610,2,74
SULAWESI SELATAN,KOTA PALOPO,7373,P,"2,832",4,"1,424",3,995,1,139
SULAWESI SELATAN,KOTA PALOPO,7373,L,"2,940",3,"1,373",6,938,1,69
SULAWESI TENGGARA,BUTON,7401,P,"4,074",122,"1,570",168,980,60,106
SULAWESI TENGGARA,BUTON,7401,L,"4,277",118,"1,610",125,903,69,92
SULAWESI TENGGARA,MUNA,7402,P,"8,396",79,"3,637",178,"2,570",32,401
SULAWESI TENGGARA,MUNA,7402,L,"9,051",95,"3,727",185,"2,740",25,274
SULAWESI TENGGARA,KONAWE,7403,P,"6,947",93,"2,640",244,"1,228",117,257
SULAWESI TENGGARA,KONAWE,7403,L,"7,521",111,"2,628",244,"1,120",78,208
SULAWESI TENGGARA,KOLAKA,7404,P,"4,839",37,"1,718",172,690,73,70
SULAWESI TENGGARA,KOLAKA,7404,L,"5,100",27,"1,781",184,712,40,32
SULAWESI TENGGARA,KONAWE SELATAN,7405,P,"8,181",134,"3,148",206,"1,268",100,70
SULAWESI TENGGARA,KONAWE SELATAN,7405,L,"8,503",153,"3,062",166,"1,071",66,48
SULAWESI TENGGARA,BOMBANA,7406,P,"5,038",73,"1,802",256,"1,087",56,166
SULAWESI TENGGARA,BOMBANA,7406,L,"5,241",88,"1,644",197,931,48,100
SULAWESI TENGGARA,WAKATOBI,7407,P,"2,602",74,"1,158",175,929,86,147
SULAWESI TENGGARA,WAKATOBI,7407,L,"2,798",49,"1,120",159,865,75,105
SULAWESI TENGGARA,KOLAKA UTARA,7408,P,"4,548",60,"1,807",406,"1,263",94,349
SULAWESI TENGGARA,KOLAKA UTARA,7408,L,"4,947",68,"1,878",336,"1,219",129,222
SULAWESI TENGGARA,BUTON UTARA,7409,P,"2,423",13,"1,068",23,608,19,40
SULAWESI TENGGARA,BUTON UTARA,7409,L,"2,656",14,"1,137",20,557,16,35
SULAWESI TENGGARA,KONAWE UTARA,7410,P,"2,065",3,949,50,570,6,52
SULAWESI TENGGARA,KONAWE UTARA,7410,L,"2,408",1,896,48,616,7,54
SULAWESI TENGGARA,KOLAKA TIMUR,7411,P,"2,968",12,"1,158",92,565,10,57
SULAWESI TENGGARA,KOLAKA TIMUR,7411,L,"3,082",19,"1,146",93,568,8,36
SULAWESI TENGGARA,KONAWE KEPULAUAN,7412,P,"1,686",2,774,77,400,0,42
SULAWESI TENGGARA,KONAWE KEPULAUAN,7412,L,"1,900",5,799,69,447,4,27
SULAWESI TENGGARA,MUNA BARAT,7413,P,"3,522",27,"1,561",67,"1,055",63,188
SULAWESI TENGGARA,MUNA BARAT,7413,L,"3,694",20,"1,592",62,"1,080",42,142
SULAWESI TENGGARA,BUTON TENGAH,7414,P,"4,251",136,"1,751",380,"1,166",182,136
SULAWESI TENGGARA,BUTON TENGAH,7414,L,"4,638",167,"1,555",327,956,110,156
SULAWESI TENGGARA,BUTON SELATAN,7415,P,"4,198",54,"1,790",172,"1,083",100,95
SULAWESI TENGGARA,BUTON SELATAN,7415,L,"4,667",51,"1,642",180,800,76,95
SULAWESI TENGGARA,KOTA KENDARI,7471,P,"5,940",14,"2,568",57,"1,946",21,"1,009"
SULAWESI TENGGARA,KOTA KENDARI,7471,L,"6,611",28,"2,773",55,"1,890",15,732
SULAWESI TENGGARA,KOTA BAUBAU,7472,P,"4,261",50,"1,874",60,"1,347",41,506
SULAWESI TENGGARA,KOTA BAUBAU,7472,L,"4,590",61,"1,981",64,"1,277",28,364
GORONTALO,BOALEMO,7501,P,"4,460",48,"1,662",146,893,52,230
GORONTALO,BOALEMO,7501,L,"4,735",73,"1,584",106,812,33,143
GORONTALO,GORONTALO,7502,P,"12,681",225,"4,906",409,"3,090",215,858
GORONTALO,GORONTALO,7502,L,"13,390",216,"4,243",317,"2,603",131,463
GORONTALO,POHUWATO,7503,P,"3,768",82,"1,370",246,802,101,176
GORONTALO,POHUWATO,7503,L,"3,997",87,"1,272",204,630,86,143
GORONTALO,BONE BOLANGO,7504,P,"4,545",92,"1,879",124,"1,057",35,275
GORONTALO,BONE BOLANGO,7504,L,"4,889",122,"1,710",120,905,23,131
GORONTALO,GORONTALO UTARA,7505,P,"3,909",96,"1,556",135,855,47,165
GORONTALO,GORONTALO UTARA,7505,L,"4,151",106,"1,381",93,697,50,83
GORONTALO,KOTA GORONTALO,7571,P,"4,085",19,"1,801",32,"1,230",24,418
GORONTALO,KOTA GORONTALO,7571,L,"4,562",21,"1,874",33,"1,036",16,238
SULAWESI BARAT,MAJENE,7601,P,"6,917",104,"2,589",408,"1,896",182,691
SULAWESI BARAT,MAJENE,7601,L,"7,359",123,"2,305",435,"1,527",192,542
SULAWESI BARAT,POLEWALI MANDAR,7602,P,"12,937",665,"4,831",897,"2,781",362,742
SULAWESI BARAT,POLEWALI MANDAR,7602,L,"14,335",675,"4,559",887,"2,535",332,615
SULAWESI BARAT,MAMASA,7603,P,"6,446",40,"3,456",44,"1,736",21,193
SULAWESI BARAT,MAMASA,7603,L,"7,300",47,"3,380",40,"1,643",19,152
SULAWESI BARAT,MAMUJU,7604,P,"6,405",86,"2,401",168,"1,125",111,164
SULAWESI BARAT,MAMUJU,7604,L,"6,980",100,"2,322",135,999,96,149
SULAWESI BARAT,MAMUJU UTARA,7605,P,"3,614",14,"1,398",47,716,54,68
SULAWESI BARAT,MAMUJU UTARA,7605,L,"3,960",4,"1,296",48,676,42,52
SULAWESI BARAT,MAMUJU TENGAH,7606,P,"2,305",8,898,49,441,40,21
SULAWESI BARAT,MAMUJU TENGAH,7606,L,"2,550",11,891,69,455,18,22
MALUKU,MALUKU TENGGARA BARAT,8101,P,"5,147",3,"2,340",0,"1,246",0,145
MALUKU,MALUKU TENGGARA BARAT,8101,L,"5,696",2,"2,383",0,"1,287",0,114
MALUKU,MALUKU TENGGARA,8102,P,"4,006",41,"1,586",72,796,21,128
MALUKU,MALUKU TENGGARA,8102,L,"4,542",56,"1,581",60,865,27,110
MALUKU,MALUKU TENGAH,8103,P,"13,201",218,"6,682",380,"5,203",175,"1,318"
MALUKU,MALUKU TENGAH,8103,L,"14,659",259,"6,934",377,"5,267",129,705
MALUKU,BURU,8104,P,"3,451",35,"1,548",21,982,5,119
MALUKU,BURU,8104,L,"3,933",23,"1,608",18,987,4,91
MALUKU,KEPULAUAN ARU,8105,P,"3,686",2,"1,000",11,348,0,6
MALUKU,KEPULAUAN ARU,8105,L,"4,210",4,884,5,283,3,7
MALUKU,SERAM BAGIAN BARAT,8106,P,"8,453",160,"4,131",88,"2,862",69,167
MALUKU,SERAM BAGIAN BARAT,8106,L,"9,248",183,"4,373",101,"2,788",50,118
MALUKU,SERAM BAGIAN TIMUR,8107,P,"4,318",159,"1,451",184,733,84,35
MALUKU,SERAM BAGIAN TIMUR,8107,L,"4,965",147,"1,553",195,727,79,47
MALUKU,MALUKU BARAT DAYA,8108,P,"4,160",1,"1,539",1,748,0,34
MALUKU,MALUKU BARAT DAYA,8108,L,"4,611",3,"1,570",2,775,0,22
MALUKU,BURU SELATAN,8109,P,"2,603",20,"1,115",0,735,0,84
MALUKU,BURU SELATAN,8109,L,"2,988",14,"1,195",0,888,2,114
MALUKU,KOTA AMBON,8171,P,"5,927",7,"3,173",8,"2,456",4,"1,371"
MALUKU,KOTA AMBON,8171,L,"6,673",7,"3,427",3,"2,539",4,908
MALUKU,KOTA TUAL,8172,P,"2,073",26,912,47,607,27,247
MALUKU,KOTA TUAL,8172,L,"2,256",37,965,45,598,20,185
MALUKU UTARA,HALMAHERA BARAT,8201,P,"2,927",2,"1,375",2,556,1,27
MALUKU UTARA,HALMAHERA BARAT,8201,L,"3,176",2,"1,334",4,573,5,24
MALUKU UTARA,HALMAHERA TENGAH,8202,P,"1,741",36,770,41,473,24,0
MALUKU UTARA,HALMAHERA TENGAH,8202,L,"1,887",39,751,44,529,22,1
MALUKU UTARA,KEPULAUAN SULA,8203,P,"1,812",20,859,66,520,28,64
MALUKU UTARA,KEPULAUAN SULA,8203,L,"2,006",27,930,81,494,35,45
MALUKU UTARA,HALMAHERA SELATAN,8204,P,"4,464",61,"1,837",56,"1,040",14,37
MALUKU UTARA,HALMAHERA SELATAN,8204,L,"4,907",70,"2,065",49,"1,112",17,35
MALUKU UTARA,HALMAHERA UTARA,8205,P,"2,960",51,"1,083",29,444,2,44
MALUKU UTARA,HALMAHERA UTARA,8205,L,"3,166",58,"1,080",30,374,5,30
MALUKU UTARA,HALMAHERA TIMUR,8206,P,"1,995",6,893,5,581,14,0
MALUKU UTARA,HALMAHERA TIMUR,8206,L,"2,205",8,952,9,549,6,1
MALUKU UTARA,PULAU MOROTAI,8207,P,"1,746",5,566,22,240,6,7
MALUKU UTARA,PULAU MOROTAI,8207,L,"1,913",3,581,13,319,1,4
MALUKU UTARA,PULAU TALIABU,8208,P,869,6,369,21,186,12,17
MALUKU UTARA,PULAU TALIABU,8208,L,963,10,328,14,192,12,18
MALUKU UTARA,KOTA TERNATE,8271,P,"1,146",19,558,25,313,2,85
MALUKU UTARA,KOTA TERNATE,8271,L,"1,256",14,598,13,315,1,49
MALUKU UTARA,KOTA TIDORE KEPULAUAN,8272,P,"1,762",23,845,58,509,62,254
MALUKU UTARA,KOTA TIDORE KEPULAUAN,8272,L,"1,897",27,867,37,630,48,246
PAPUA BARAT,FAKFAK,9101,P,"3,092",4,968,75,554,28,252
PAPUA BARAT,FAKFAK,9101,L,"3,349",3,994,50,552,18,245
PAPUA BARAT,KAIMANA,9102,P,"1,926",0,282,2,131,0,7
PAPUA BARAT,KAIMANA,9102,L,"2,179",0,342,0,107,0,8
PAPUA BARAT,TELUK WONDAMA,9103,P,"1,271",0,291,0,68,0,2
PAPUA BARAT,TELUK WONDAMA,9103,L,"1,303",1,292,0,85,0,4
PAPUA BARAT,TELUK BINTUNI,9104,P,"2,082",2,631,0,191,0,24
PAPUA BARAT,TELUK BINTUNI,9104,L,"2,466",2,662,0,196,0,29
PAPUA BARAT,MANOKWARI,9105,P,"2,979",42,"1,153",2,397,2,222
PAPUA BARAT,MANOKWARI,9105,L,"3,332",26,"1,234",4,412,0,252
PAPUA BARAT,SORONG SELATAN,9106,P,"1,851",4,460,1,195,1,9
PAPUA BARAT,SORONG SELATAN,9106,L,"2,042",6,490,0,209,1,26
PAPUA BARAT,SORONG,9107,P,"2,723",8,958,6,406,0,91
PAPUA BARAT,SORONG,9107,L,"3,003",9,"1,113",7,465,1,101
PAPUA BARAT,RAJA AMPAT,9108,P,"2,501",1,586,3,236,0,17
PAPUA BARAT,RAJA AMPAT,9108,L,"2,781",4,595,0,247,2,20
PAPUA BARAT,TAMBRAUW,9109,P,900,0,225,0,67,0,7
PAPUA BARAT,TAMBRAUW,9109,L,"1,015",0,276,0,85,0,36
PAPUA BARAT,MAYBRAT,9110,P,"1,024",1,407,0,229,0,17
PAPUA BARAT,MAYBRAT,9110,L,"1,153",1,428,0,254,0,13
PAPUA BARAT,MANOKWARI SELATAN,9111,P,949,2,352,1,88,0,38
PAPUA BARAT,MANOKWARI SELATAN,9111,L,"1,042",1,335,1,114,0,56
PAPUA BARAT,PEGUNUNGAN ARFAK,9112,P,"1,070",2,331,0,42,0,32
PAPUA BARAT,PEGUNUNGAN ARFAK,9112,L,"1,224",4,299,1,77,0,131
PAPUA BARAT,KOTA SORONG,9171,P,"4,498",6,"2,420",105,141,0,503
PAPUA BARAT,KOTA SORONG,9171,L,"5,104",11,"2,565",136,167,0,446
PAPUA,MERAUKE,9401,P,"4,623",10,"1,773",3,810,0,229
PAPUA,MERAUKE,9401,L,"5,309",3,"1,955",2,839,0,266
PAPUA,JAYAWIJAYA,9402,P,"1,490",4,530,2,98,0,14
PAPUA,JAYAWIJAYA,9402,L,"1,741",10,653,2,178,0,18
PAPUA,JAYAPURA,9403,P,"3,246",8,"1,620",8,194,0,190
PAPUA,JAYAPURA,9403,L,"3,731",10,"1,759",8,250,0,208
PAPUA,NABIRE,9404,P,"1,799",2,849,5,381,1,87
PAPUA,NABIRE,9404,L,"2,084",2,917,4,471,1,88
PAPUA,KEPULAUAN YAPEN,9408,P,"2,082",4,870,4,306,0,125
PAPUA,KEPULAUAN YAPEN,9408,L,"2,380",10,961,1,329,0,158
PAPUA,BIAK NUMFOR,9409,P,"4,524",3,"2,406",1,855,0,269
PAPUA,BIAK NUMFOR,9409,L,"5,069",0,"2,444",0,"1,035",0,230
PAPUA,PANIAI,9410,P,"2,043",1,437,0,146,0,0
PAPUA,PANIAI,9410,L,"3,118",0,769,0,278,0,4
PAPUA,PUNCAK JAYA,9411,P,713,0,155,0,74,0,2
PAPUA,PUNCAK JAYA,9411,L,864,0,214,0,101,1,8
PAPUA,MIMIKA,9412,P,"3,964",5,"1,371",1,135,0,42
PAPUA,MIMIKA,9412,L,"4,686",3,"1,671",0,188,0,51
PAPUA,BOVEN DIGOEL,9413,P,"1,963",3,618,1,21,0,26
PAPUA,BOVEN DIGOEL,9413,L,"2,206",6,716,1,39,0,52
PAPUA,MAPPI,9414,P,"4,029",4,671,5,9,0,15
PAPUA,MAPPI,9414,L,"4,585",7,951,16,18,0,32
PAPUA,ASMAT,9415,P,"2,861",19,360,1,48,0,32
PAPUA,ASMAT,9415,L,"3,417",20,615,4,105,0,52
PAPUA,YAHUKIMO,9416,P,782,1,116,1,8,0,0
PAPUA,YAHUKIMO,9416,L,"1,202",2,183,0,19,0,19
PAPUA,PEGUNUNGAN BINTANG,9417,P,"1,844",2,237,0,0,0,11
PAPUA,PEGUNUNGAN BINTANG,9417,L,"2,399",1,419,1,0,0,39
PAPUA,TOLIKARA,9418,P,338,0,117,0,18,0,3
PAPUA,TOLIKARA,9418,L,508,0,255,0,32,0,3
PAPUA,SARMI,9419,P,684,1,250,0,112,0,9
PAPUA,SARMI,9419,L,806,2,293,0,189,0,8
PAPUA,KEEROM,9420,P,"1,529",10,604,19,349,4,72
PAPUA,KEEROM,9420,L,"1,733",5,659,18,368,5,55
PAPUA,WAROPEN,9426,P,469,2,204,2,128,0,45
PAPUA,WAROPEN,9426,L,528,0,223,0,135,0,48
PAPUA,SUPIORI,9427,P,942,0,349,0,239,0,10
PAPUA,SUPIORI,9427,L,"1,019",2,349,0,282,0,13
PAPUA,MAMBERAMO RAYA,9428,P,258,1,81,0,45,0,0
PAPUA,MAMBERAMO RAYA,9428,L,340,1,130,0,55,0,1
PAPUA,NDUGA,9429,P,0,0,0,0,0,0,0
PAPUA,NDUGA,9429,L,0,0,0,0,0,0,0
PAPUA,LANNY JAYA,9430,P,440,1,232,0,51,0,0
PAPUA,LANNY JAYA,9430,L,614,3,284,2,82,0,2
PAPUA,MAMBERAMO TENGAH,9431,P,76,0,34,0,10,0,0
PAPUA,MAMBERAMO TENGAH,9431,L,67,0,33,0,14,0,1
PAPUA,YALIMO,9432,P,725,0,339,0,0,0,0
PAPUA,YALIMO,9432,L,782,0,398,0,0,0,0
PAPUA,PUNCAK,9433,P,158,0,63,0,33,0,1
PAPUA,PUNCAK,9433,L,236,0,93,0,49,0,3
PAPUA,DOGIYAI,9434,P,565,1,146,0,20,0,1
PAPUA,DOGIYAI,9434,L,"1,104",1,176,0,24,0,2
PAPUA,INTAN JAYA,9435,P,35,0,5,0,3,0,0
PAPUA,INTAN JAYA,9435,L,47,0,14,0,8,0,0
PAPUA,DEIYAI,9436,P,"1,047",0,247,0,124,0,0
PAPUA,DEIYAI,9436,L,"1,154",1,291,0,104,0,1
PAPUA,KOTA JAYAPURA,9471,P,"4,358",26,"2,239",12,"1,079",3,526
PAPUA,KOTA JAYAPURA,9471,L,"4,823",34,"2,415",11,"1,255",0,506
