Provinsi,NamaKab/Kota,KodeKab/Kota,Jumlah Rumah Tangga ,Status jamban
ACEH,SIMEULUE,1101,"3,179",Tangki/SPAL
ACEH,SIMEULUE,1101,886,Lubang Tanah
ACEH,SIMEULUE,1101,"7,701",Lainnya
ACEH,ACEH SINGKIL,1102,"3,491",Tangki/SPAL
ACEH,ACEH SINGKIL,1102,"3,693",Lubang Tanah
ACEH,ACEH SINGKIL,1102,"5,283",Lainnya
ACEH,ACEH SELATAN,1103,"8,632",Tangki/SPAL
ACEH,ACEH SELATAN,1103,"2,183",Lubang Tanah
ACEH,ACEH SELATAN,1103,"18,580",Lainnya
ACEH,ACEH TENGGARA,1104,"1,879",Tangki/SPAL
ACEH,ACEH TENGGARA,1104,854,Lubang Tanah
ACEH,ACEH TENGGARA,1104,"12,853",Lainnya
ACEH,ACEH TIMUR,1105,"11,559",Tangki/SPAL
ACEH,ACEH TIMUR,1105,"17,828",Lubang Tanah
ACEH,ACEH TIMUR,1105,"18,202",Lainnya
ACEH,ACEH TENGAH,1106,"7,012",Tangki/SPAL
ACEH,ACEH TENGAH,1106,"5,936",Lubang Tanah
ACEH,ACEH TENGAH,1106,"6,851",Lainnya
ACEH,ACEH BARAT,1107,"8,072",Tangki/SPAL
ACEH,ACEH BARAT,1107,"3,377",Lubang Tanah
ACEH,ACEH BARAT,1107,"8,493",Lainnya
ACEH,ACEH BESAR,1108,"28,702",Tangki/SPAL
ACEH,ACEH BESAR,1108,"2,441",Lubang Tanah
ACEH,ACEH BESAR,1108,"8,367",Lainnya
ACEH,PIDIE,1109,"21,180",Tangki/SPAL
ACEH,PIDIE,1109,"2,903",Lubang Tanah
ACEH,PIDIE,1109,"26,022",Lainnya
ACEH,BIREUEN,1110,"22,846",Tangki/SPAL
ACEH,BIREUEN,1110,"17,137",Lubang Tanah
ACEH,BIREUEN,1110,"13,238",Lainnya
ACEH,ACEH UTARA,1111,"24,411",Tangki/SPAL
ACEH,ACEH UTARA,1111,"28,745",Lubang Tanah
ACEH,ACEH UTARA,1111,"27,456",Lainnya
ACEH,ACEH BARAT DAYA,1112,"2,408",Tangki/SPAL
ACEH,ACEH BARAT DAYA,1112,"1,251",Lubang Tanah
ACEH,ACEH BARAT DAYA,1112,"14,414",Lainnya
ACEH,GAYO LUES,1113,494,Tangki/SPAL
ACEH,GAYO LUES,1113,506,Lubang Tanah
ACEH,GAYO LUES,1113,"6,874",Lainnya
ACEH,ACEH TAMIANG,1114,"10,553",Tangki/SPAL
ACEH,ACEH TAMIANG,1114,"14,221",Lubang Tanah
ACEH,ACEH TAMIANG,1114,"3,981",Lainnya
ACEH,NAGAN RAYA,1115,"3,857",Tangki/SPAL
ACEH,NAGAN RAYA,1115,"5,843",Lubang Tanah
ACEH,NAGAN RAYA,1115,"10,036",Lainnya
ACEH,ACEH JAYA,1116,"4,624",Tangki/SPAL
ACEH,ACEH JAYA,1116,468,Lubang Tanah
ACEH,ACEH JAYA,1116,"2,860",Lainnya
ACEH,BENER MERIAH,1117,"3,473",Tangki/SPAL
ACEH,BENER MERIAH,1117,"3,947",Lubang Tanah
ACEH,BENER MERIAH,1117,"2,058",Lainnya
ACEH,PIDIE JAYA,1118,"10,587",Tangki/SPAL
ACEH,PIDIE JAYA,1118,414,Lubang Tanah
ACEH,PIDIE JAYA,1118,"7,982",Lainnya
ACEH,KOTA BANDA ACEH,1171,"8,350",Tangki/SPAL
ACEH,KOTA BANDA ACEH,1171,14,Lubang Tanah
ACEH,KOTA BANDA ACEH,1171,56,Lainnya
ACEH,KOTA SABANG,1172,"1,789",Tangki/SPAL
ACEH,KOTA SABANG,1172,73,Lubang Tanah
ACEH,KOTA SABANG,1172,391,Lainnya
ACEH,KOTA LANGSA,1173,"7,433",Tangki/SPAL
ACEH,KOTA LANGSA,1173,688,Lubang Tanah
ACEH,KOTA LANGSA,1173,"1,569",Lainnya
ACEH,KOTA LHOKSEUMAWE,1174,"8,950",Tangki/SPAL
ACEH,KOTA LHOKSEUMAWE,1174,"1,036",Lubang Tanah
ACEH,KOTA LHOKSEUMAWE,1174,"2,197",Lainnya
ACEH,KOTA SUBULUSSALAM,1175,608,Tangki/SPAL
ACEH,KOTA SUBULUSSALAM,1175,"3,854",Lubang Tanah
ACEH,KOTA SUBULUSSALAM,1175,"2,848",Lainnya
SUMATERA UTARA,NIAS,1201,675,Tangki/SPAL
SUMATERA UTARA,NIAS,1201,"9,394",Lubang Tanah
SUMATERA UTARA,NIAS,1201,"10,933",Lainnya
SUMATERA UTARA,MANDAILING NATAL,1202,"1,012",Tangki/SPAL
SUMATERA UTARA,MANDAILING NATAL,1202,"3,155",Lubang Tanah
SUMATERA UTARA,MANDAILING NATAL,1202,"27,395",Lainnya
SUMATERA UTARA,TAPANULI SELATAN,1203,"1,668",Tangki/SPAL
SUMATERA UTARA,TAPANULI SELATAN,1203,"1,014",Lubang Tanah
SUMATERA UTARA,TAPANULI SELATAN,1203,"17,392",Lainnya
SUMATERA UTARA,TAPANULI TENGAH,1204,"3,464",Tangki/SPAL
SUMATERA UTARA,TAPANULI TENGAH,1204,"1,791",Lubang Tanah
SUMATERA UTARA,TAPANULI TENGAH,1204,"24,432",Lainnya
SUMATERA UTARA,TAPANULI UTARA,1205,"9,396",Tangki/SPAL
SUMATERA UTARA,TAPANULI UTARA,1205,"3,540",Lubang Tanah
SUMATERA UTARA,TAPANULI UTARA,1205,"13,102",Lainnya
SUMATERA UTARA,TOBA SAMOSIR,1206,"2,885",Tangki/SPAL
SUMATERA UTARA,TOBA SAMOSIR,1206,864,Lubang Tanah
SUMATERA UTARA,TOBA SAMOSIR,1206,"4,677",Lainnya
SUMATERA UTARA,LABUHAN BATU,1207,"5,612",Tangki/SPAL
SUMATERA UTARA,LABUHAN BATU,1207,"13,147",Lubang Tanah
SUMATERA UTARA,LABUHAN BATU,1207,"4,485",Lainnya
SUMATERA UTARA,ASAHAN,1208,"13,471",Tangki/SPAL
SUMATERA UTARA,ASAHAN,1208,"14,566",Lubang Tanah
SUMATERA UTARA,ASAHAN,1208,"5,594",Lainnya
SUMATERA UTARA,SIMALUNGUN,1209,"13,038",Tangki/SPAL
SUMATERA UTARA,SIMALUNGUN,1209,"14,644",Lubang Tanah
SUMATERA UTARA,SIMALUNGUN,1209,"14,928",Lainnya
SUMATERA UTARA,DAIRI,1210,"5,600",Tangki/SPAL
SUMATERA UTARA,DAIRI,1210,"6,106",Lubang Tanah
SUMATERA UTARA,DAIRI,1210,"5,615",Lainnya
SUMATERA UTARA,KARO,1211,"11,158",Tangki/SPAL
SUMATERA UTARA,KARO,1211,"2,771",Lubang Tanah
SUMATERA UTARA,KARO,1211,"10,261",Lainnya
SUMATERA UTARA,DELI SERDANG,1212,"77,648",Tangki/SPAL
SUMATERA UTARA,DELI SERDANG,1212,"21,623",Lubang Tanah
SUMATERA UTARA,DELI SERDANG,1212,"10,900",Lainnya
SUMATERA UTARA,LANGKAT,1213,"36,885",Tangki/SPAL
SUMATERA UTARA,LANGKAT,1213,"41,124",Lubang Tanah
SUMATERA UTARA,LANGKAT,1213,"18,925",Lainnya
SUMATERA UTARA,NIAS SELATAN,1214,647,Tangki/SPAL
SUMATERA UTARA,NIAS SELATAN,1214,"12,018",Lubang Tanah
SUMATERA UTARA,NIAS SELATAN,1214,"31,413",Lainnya
SUMATERA UTARA,HUMBANG HASUNDUTAN,1215,"3,807",Tangki/SPAL
SUMATERA UTARA,HUMBANG HASUNDUTAN,1215,"1,909",Lubang Tanah
SUMATERA UTARA,HUMBANG HASUNDUTAN,1215,"7,452",Lainnya
SUMATERA UTARA,PAKPAK BHARAT,1216,538,Tangki/SPAL
SUMATERA UTARA,PAKPAK BHARAT,1216,787,Lubang Tanah
SUMATERA UTARA,PAKPAK BHARAT,1216,"1,011",Lainnya
SUMATERA UTARA,SAMOSIR,1217,"2,466",Tangki/SPAL
SUMATERA UTARA,SAMOSIR,1217,289,Lubang Tanah
SUMATERA UTARA,SAMOSIR,1217,"3,982",Lainnya
SUMATERA UTARA,SERDANG BEDAGAI,1218,"18,512",Tangki/SPAL
SUMATERA UTARA,SERDANG BEDAGAI,1218,"10,954",Lubang Tanah
SUMATERA UTARA,SERDANG BEDAGAI,1218,"6,595",Lainnya
SUMATERA UTARA,BATU BARA,1219,"20,212",Tangki/SPAL
SUMATERA UTARA,BATU BARA,1219,"12,731",Lubang Tanah
SUMATERA UTARA,BATU BARA,1219,"10,149",Lainnya
SUMATERA UTARA,PADANG LAWAS UTARA,1220,866,Tangki/SPAL
SUMATERA UTARA,PADANG LAWAS UTARA,1220,"1,584",Lubang Tanah
SUMATERA UTARA,PADANG LAWAS UTARA,1220,"8,767",Lainnya
SUMATERA UTARA,PADANG LAWAS,1221,"1,462",Tangki/SPAL
SUMATERA UTARA,PADANG LAWAS,1221,"1,063",Lubang Tanah
SUMATERA UTARA,PADANG LAWAS,1221,"14,280",Lainnya
SUMATERA UTARA,LABUHAN BATU SELATAN,1222,"2,001",Tangki/SPAL
SUMATERA UTARA,LABUHAN BATU SELATAN,1222,"5,059",Lubang Tanah
SUMATERA UTARA,LABUHAN BATU SELATAN,1222,"1,996",Lainnya
SUMATERA UTARA,LABUHAN BATU UTARA,1223,"3,915",Tangki/SPAL
SUMATERA UTARA,LABUHAN BATU UTARA,1223,"10,444",Lubang Tanah
SUMATERA UTARA,LABUHAN BATU UTARA,1223,"5,101",Lainnya
SUMATERA UTARA,NIAS UTARA,1224,"1,222",Tangki/SPAL
SUMATERA UTARA,NIAS UTARA,1224,"9,528",Lubang Tanah
SUMATERA UTARA,NIAS UTARA,1224,"12,296",Lainnya
SUMATERA UTARA,NIAS BARAT,1225,"1,200",Tangki/SPAL
SUMATERA UTARA,NIAS BARAT,1225,"4,249",Lubang Tanah
SUMATERA UTARA,NIAS BARAT,1225,"8,346",Lainnya
SUMATERA UTARA,KOTA SIBOLGA,1271,"1,119",Tangki/SPAL
SUMATERA UTARA,KOTA SIBOLGA,1271,189,Lubang Tanah
SUMATERA UTARA,KOTA SIBOLGA,1271,"4,100",Lainnya
SUMATERA UTARA,KOTA TANJUNG BALAI,1272,"9,554",Tangki/SPAL
SUMATERA UTARA,KOTA TANJUNG BALAI,1272,"1,279",Lubang Tanah
SUMATERA UTARA,KOTA TANJUNG BALAI,1272,"3,467",Lainnya
SUMATERA UTARA,KOTA PEMATANG SIANTAR,1273,"13,470",Tangki/SPAL
SUMATERA UTARA,KOTA PEMATANG SIANTAR,1273,"1,335",Lubang Tanah
SUMATERA UTARA,KOTA PEMATANG SIANTAR,1273,"2,957",Lainnya
SUMATERA UTARA,KOTA TEBING TINGGI,1274,"9,003",Tangki/SPAL
SUMATERA UTARA,KOTA TEBING TINGGI,1274,621,Lubang Tanah
SUMATERA UTARA,KOTA TEBING TINGGI,1274,"1,090",Lainnya
SUMATERA UTARA,KOTA MEDAN,1275,"91,850",Tangki/SPAL
SUMATERA UTARA,KOTA MEDAN,1275,"4,421",Lubang Tanah
SUMATERA UTARA,KOTA MEDAN,1275,"13,878",Lainnya
SUMATERA UTARA,KOTA BINJAI,1276,"13,525",Tangki/SPAL
SUMATERA UTARA,KOTA BINJAI,1276,"1,406",Lubang Tanah
SUMATERA UTARA,KOTA BINJAI,1276,928,Lainnya
SUMATERA UTARA,KOTA PADANGSIDIMPUAN,1277,"1,734",Tangki/SPAL
SUMATERA UTARA,KOTA PADANGSIDIMPUAN,1277,"1,057",Lubang Tanah
SUMATERA UTARA,KOTA PADANGSIDIMPUAN,1277,"7,670",Lainnya
SUMATERA UTARA,KOTA GUNUNGSITOLI,1278,620,Tangki/SPAL
SUMATERA UTARA,KOTA GUNUNGSITOLI,1278,"4,823",Lubang Tanah
SUMATERA UTARA,KOTA GUNUNGSITOLI,1278,"8,597",Lainnya
SUMATERA BARAT,KEPULAUAN MENTAWAI,1301,831,Tangki/SPAL
SUMATERA BARAT,KEPULAUAN MENTAWAI,1301,"2,076",Lubang Tanah
SUMATERA BARAT,KEPULAUAN MENTAWAI,1301,"5,140",Lainnya
SUMATERA BARAT,PESISIR SELATAN,1302,"7,214",Tangki/SPAL
SUMATERA BARAT,PESISIR SELATAN,1302,"7,467",Lubang Tanah
SUMATERA BARAT,PESISIR SELATAN,1302,"23,320",Lainnya
SUMATERA BARAT,SOLOK,1303,"3,163",Tangki/SPAL
SUMATERA BARAT,SOLOK,1303,"3,555",Lubang Tanah
SUMATERA BARAT,SOLOK,1303,"23,328",Lainnya
SUMATERA BARAT,SIJUNJUNG,1304,"1,294",Tangki/SPAL
SUMATERA BARAT,SIJUNJUNG,1304,"2,511",Lubang Tanah
SUMATERA BARAT,SIJUNJUNG,1304,"8,209",Lainnya
SUMATERA BARAT,TANAH DATAR,1305,"1,519",Tangki/SPAL
SUMATERA BARAT,TANAH DATAR,1305,"5,457",Lubang Tanah
SUMATERA BARAT,TANAH DATAR,1305,"13,005",Lainnya
SUMATERA BARAT,PADANG PARIAMAN,1306,1,Tangki/SPAL
SUMATERA BARAT,PADANG PARIAMAN,1306,"7,803",Lubang Tanah
SUMATERA BARAT,PADANG PARIAMAN,1306,"20,689",Lainnya
SUMATERA BARAT,AGAM,1307,"3,457",Tangki/SPAL
SUMATERA BARAT,AGAM,1307,"5,924",Lubang Tanah
SUMATERA BARAT,AGAM,1307,"12,067",Lainnya
SUMATERA BARAT,LIMA PULUH KOTA,1308,"3,840",Tangki/SPAL
SUMATERA BARAT,LIMA PULUH KOTA,1308,"4,071",Lubang Tanah
SUMATERA BARAT,LIMA PULUH KOTA,1308,"24,237",Lainnya
SUMATERA BARAT,PASAMAN,1309,"1,126",Tangki/SPAL
SUMATERA BARAT,PASAMAN,1309,676,Lubang Tanah
SUMATERA BARAT,PASAMAN,1309,"23,685",Lainnya
SUMATERA BARAT,SOLOK SELATAN,1310,952,Tangki/SPAL
SUMATERA BARAT,SOLOK SELATAN,1310,728,Lubang Tanah
SUMATERA BARAT,SOLOK SELATAN,1310,"7,653",Lainnya
SUMATERA BARAT,DHARMASRAYA,1311,"1,293",Tangki/SPAL
SUMATERA BARAT,DHARMASRAYA,1311,"3,129",Lubang Tanah
SUMATERA BARAT,DHARMASRAYA,1311,"2,623",Lainnya
SUMATERA BARAT,PASAMAN BARAT,1312,"4,078",Tangki/SPAL
SUMATERA BARAT,PASAMAN BARAT,1312,"9,091",Lubang Tanah
SUMATERA BARAT,PASAMAN BARAT,1312,"26,859",Lainnya
SUMATERA BARAT,KOTA PADANG,1371,"22,176",Tangki/SPAL
SUMATERA BARAT,KOTA PADANG,1371,"4,445",Lubang Tanah
SUMATERA BARAT,KOTA PADANG,1371,"16,484",Lainnya
SUMATERA BARAT,KOTA SOLOK,1372,"1,381",Tangki/SPAL
SUMATERA BARAT,KOTA SOLOK,1372,102,Lubang Tanah
SUMATERA BARAT,KOTA SOLOK,1372,971,Lainnya
SUMATERA BARAT,KOTA SAWAH LUNTO,1373,982,Tangki/SPAL
SUMATERA BARAT,KOTA SAWAH LUNTO,1373,120,Lubang Tanah
SUMATERA BARAT,KOTA SAWAH LUNTO,1373,482,Lainnya
SUMATERA BARAT,KOTA PADANG PANJANG,1374,"1,005",Tangki/SPAL
SUMATERA BARAT,KOTA PADANG PANJANG,1374,184,Lubang Tanah
SUMATERA BARAT,KOTA PADANG PANJANG,1374,904,Lainnya
SUMATERA BARAT,KOTA BUKITTINGGI,1375,"2,537",Tangki/SPAL
SUMATERA BARAT,KOTA BUKITTINGGI,1375,619,Lubang Tanah
SUMATERA BARAT,KOTA BUKITTINGGI,1375,725,Lainnya
SUMATERA BARAT,KOTA PAYAKUMBUH,1376,"4,077",Tangki/SPAL
SUMATERA BARAT,KOTA PAYAKUMBUH,1376,401,Lubang Tanah
SUMATERA BARAT,KOTA PAYAKUMBUH,1376,"1,954",Lainnya
SUMATERA BARAT,KOTA PARIAMAN,1377,"3,125",Tangki/SPAL
SUMATERA BARAT,KOTA PARIAMAN,1377,74,Lubang Tanah
SUMATERA BARAT,KOTA PARIAMAN,1377,"1,315",Lainnya
RIAU,KUANTAN SINGINGI,1401,"4,919",Tangki/SPAL
RIAU,KUANTAN SINGINGI,1401,"6,352",Lubang Tanah
RIAU,KUANTAN SINGINGI,1401,"8,399",Lainnya
RIAU,INDRAGIRI HULU,1402,"9,483",Tangki/SPAL
RIAU,INDRAGIRI HULU,1402,"13,573",Lubang Tanah
RIAU,INDRAGIRI HULU,1402,"10,807",Lainnya
RIAU,INDRAGIRI HILIR,1403,"2,760",Tangki/SPAL
RIAU,INDRAGIRI HILIR,1403,"9,725",Lubang Tanah
RIAU,INDRAGIRI HILIR,1403,"27,849",Lainnya
RIAU,PELALAWAN,1404,"6,249",Tangki/SPAL
RIAU,PELALAWAN,1404,"8,987",Lubang Tanah
RIAU,PELALAWAN,1404,"4,911",Lainnya
RIAU,S I A K,1405,"7,883",Tangki/SPAL
RIAU,S I A K,1405,"12,228",Lubang Tanah
RIAU,S I A K,1405,"1,939",Lainnya
RIAU,KAMPAR,1406,"22,034",Tangki/SPAL
RIAU,KAMPAR,1406,"23,458",Lubang Tanah
RIAU,KAMPAR,1406,"11,977",Lainnya
RIAU,ROKAN HULU,1407,"5,580",Tangki/SPAL
RIAU,ROKAN HULU,1407,"14,972",Lubang Tanah
RIAU,ROKAN HULU,1407,"8,964",Lainnya
RIAU,BENGKALIS,1408,"9,092",Tangki/SPAL
RIAU,BENGKALIS,1408,"16,418",Lubang Tanah
RIAU,BENGKALIS,1408,"3,533",Lainnya
RIAU,ROKAN HILIR,1409,"9,700",Tangki/SPAL
RIAU,ROKAN HILIR,1409,"32,234",Lubang Tanah
RIAU,ROKAN HILIR,1409,"8,559",Lainnya
RIAU,KEPULAUAN MERANTI,1410,"3,202",Tangki/SPAL
RIAU,KEPULAUAN MERANTI,1410,"16,276",Lubang Tanah
RIAU,KEPULAUAN MERANTI,1410,"4,141",Lainnya
RIAU,KOTA PEKANBARU,1471,"21,058",Tangki/SPAL
RIAU,KOTA PEKANBARU,1471,"3,807",Lubang Tanah
RIAU,KOTA PEKANBARU,1471,"2,123",Lainnya
RIAU,KOTA DUMAI,1473,"9,783",Tangki/SPAL
RIAU,KOTA DUMAI,1473,"4,521",Lubang Tanah
RIAU,KOTA DUMAI,1473,"1,578",Lainnya
JAMBI,KERINCI,1501,"7,013",Tangki/SPAL
JAMBI,KERINCI,1501,"4,489",Lubang Tanah
JAMBI,KERINCI,1501,"16,957",Lainnya
JAMBI,MERANGIN,1502,"1,877",Tangki/SPAL
JAMBI,MERANGIN,1502,"8,749",Lubang Tanah
JAMBI,MERANGIN,1502,"12,515",Lainnya
JAMBI,SAROLANGUN,1503,"4,245",Tangki/SPAL
JAMBI,SAROLANGUN,1503,"8,285",Lubang Tanah
JAMBI,SAROLANGUN,1503,"10,143",Lainnya
JAMBI,BATANG HARI,1504,"4,408",Tangki/SPAL
JAMBI,BATANG HARI,1504,"8,009",Lubang Tanah
JAMBI,BATANG HARI,1504,"8,618",Lainnya
JAMBI,MUARO JAMBI,1505,"4,814",Tangki/SPAL
JAMBI,MUARO JAMBI,1505,"6,237",Lubang Tanah
JAMBI,MUARO JAMBI,1505,"6,486",Lainnya
JAMBI,TANJUNG JABUNG TIMUR,1506,"2,284",Tangki/SPAL
JAMBI,TANJUNG JABUNG TIMUR,1506,"5,947",Lubang Tanah
JAMBI,TANJUNG JABUNG TIMUR,1506,"8,688",Lainnya
JAMBI,TANJUNG JABUNG BARAT,1507,"3,529",Tangki/SPAL
JAMBI,TANJUNG JABUNG BARAT,1507,"7,697",Lubang Tanah
JAMBI,TANJUNG JABUNG BARAT,1507,"13,610",Lainnya
JAMBI,TEBO,1508,"4,849",Tangki/SPAL
JAMBI,TEBO,1508,"7,888",Lubang Tanah
JAMBI,TEBO,1508,"7,994",Lainnya
JAMBI,BUNGO,1509,"4,271",Tangki/SPAL
JAMBI,BUNGO,1509,"3,738",Lubang Tanah
JAMBI,BUNGO,1509,"9,489",Lainnya
JAMBI,KOTA JAMBI,1571,"25,791",Tangki/SPAL
JAMBI,KOTA JAMBI,1571,"2,419",Lubang Tanah
JAMBI,KOTA JAMBI,1571,"3,498",Lainnya
JAMBI,KOTA SUNGAI PENUH,1572,"2,277",Tangki/SPAL
JAMBI,KOTA SUNGAI PENUH,1572,333,Lubang Tanah
JAMBI,KOTA SUNGAI PENUH,1572,"2,855",Lainnya
SUMATERA SELATAN,OGAN KOMERING ULU,1601,"7,070",Tangki/SPAL
SUMATERA SELATAN,OGAN KOMERING ULU,1601,"5,665",Lubang Tanah
SUMATERA SELATAN,OGAN KOMERING ULU,1601,"12,189",Lainnya
SUMATERA SELATAN,OGAN KOMERING ILIR,1602,"15,220",Tangki/SPAL
SUMATERA SELATAN,OGAN KOMERING ILIR,1602,"26,648",Lubang Tanah
SUMATERA SELATAN,OGAN KOMERING ILIR,1602,"30,456",Lainnya
SUMATERA SELATAN,MUARA ENIM,1603,"20,509",Tangki/SPAL
SUMATERA SELATAN,MUARA ENIM,1603,"10,657",Lubang Tanah
SUMATERA SELATAN,MUARA ENIM,1603,"24,536",Lainnya
SUMATERA SELATAN,LAHAT,1604,"9,735",Tangki/SPAL
SUMATERA SELATAN,LAHAT,1604,"4,655",Lubang Tanah
SUMATERA SELATAN,LAHAT,1604,"23,282",Lainnya
SUMATERA SELATAN,MUSI RAWAS,1605,"8,875",Tangki/SPAL
SUMATERA SELATAN,MUSI RAWAS,1605,"16,786",Lubang Tanah
SUMATERA SELATAN,MUSI RAWAS,1605,"17,261",Lainnya
SUMATERA SELATAN,MUSI BANYUASIN,1606,"12,745",Tangki/SPAL
SUMATERA SELATAN,MUSI BANYUASIN,1606,"25,441",Lubang Tanah
SUMATERA SELATAN,MUSI BANYUASIN,1606,"16,558",Lainnya
SUMATERA SELATAN,BANYU ASIN,1607,"18,692",Tangki/SPAL
SUMATERA SELATAN,BANYU ASIN,1607,"34,837",Lubang Tanah
SUMATERA SELATAN,BANYU ASIN,1607,"29,022",Lainnya
SUMATERA SELATAN,OGAN KOMERING ULU SELATAN,1608,"6,178",Tangki/SPAL
SUMATERA SELATAN,OGAN KOMERING ULU SELATAN,1608,"12,269",Lubang Tanah
SUMATERA SELATAN,OGAN KOMERING ULU SELATAN,1608,"23,304",Lainnya
SUMATERA SELATAN,OGAN KOMERING ULU TIMUR,1609,"6,821",Tangki/SPAL
SUMATERA SELATAN,OGAN KOMERING ULU TIMUR,1609,"21,567",Lubang Tanah
SUMATERA SELATAN,OGAN KOMERING ULU TIMUR,1609,"5,838",Lainnya
SUMATERA SELATAN,OGAN ILIR,1610,"16,155",Tangki/SPAL
SUMATERA SELATAN,OGAN ILIR,1610,"8,645",Lubang Tanah
SUMATERA SELATAN,OGAN ILIR,1610,"21,366",Lainnya
SUMATERA SELATAN,EMPAT LAWANG,1611,786,Tangki/SPAL
SUMATERA SELATAN,EMPAT LAWANG,1611,"4,582",Lubang Tanah
SUMATERA SELATAN,EMPAT LAWANG,1611,"17,000",Lainnya
SUMATERA SELATAN,PENUKAL ABAB LEMATANG ILIR,1612,"6,655",Tangki/SPAL
SUMATERA SELATAN,PENUKAL ABAB LEMATANG ILIR,1612,"3,381",Lubang Tanah
SUMATERA SELATAN,PENUKAL ABAB LEMATANG ILIR,1612,"7,732",Lainnya
SUMATERA SELATAN,MUSI RAWAS UTARA,1613,"3,640",Tangki/SPAL
SUMATERA SELATAN,MUSI RAWAS UTARA,1613,"3,109",Lubang Tanah
SUMATERA SELATAN,MUSI RAWAS UTARA,1613,"11,541",Lainnya
SUMATERA SELATAN,KOTA PALEMBANG,1671,"59,434",Tangki/SPAL
SUMATERA SELATAN,KOTA PALEMBANG,1671,"13,677",Lubang Tanah
SUMATERA SELATAN,KOTA PALEMBANG,1671,"17,226",Lainnya
SUMATERA SELATAN,KOTA PRABUMULIH,1672,"7,617",Tangki/SPAL
SUMATERA SELATAN,KOTA PRABUMULIH,1672,343,Lubang Tanah
SUMATERA SELATAN,KOTA PRABUMULIH,1672,"2,890",Lainnya
SUMATERA SELATAN,KOTA PAGAR ALAM,1673,"1,094",Tangki/SPAL
SUMATERA SELATAN,KOTA PAGAR ALAM,1673,"2,169",Lubang Tanah
SUMATERA SELATAN,KOTA PAGAR ALAM,1673,"6,147",Lainnya
SUMATERA SELATAN,KOTA LUBUKLINGGAU,1674,"6,061",Tangki/SPAL
SUMATERA SELATAN,KOTA LUBUKLINGGAU,1674,"2,695",Lubang Tanah
SUMATERA SELATAN,KOTA LUBUKLINGGAU,1674,"3,108",Lainnya
BENGKULU,BENGKULU SELATAN,1701,"2,513",Tangki/SPAL
BENGKULU,BENGKULU SELATAN,1701,"3,943",Lubang Tanah
BENGKULU,BENGKULU SELATAN,1701,"5,781",Lainnya
BENGKULU,REJANG LEBONG,1702,"3,418",Tangki/SPAL
BENGKULU,REJANG LEBONG,1702,"12,223",Lubang Tanah
BENGKULU,REJANG LEBONG,1702,"12,283",Lainnya
BENGKULU,BENGKULU UTARA,1703,"1,123",Tangki/SPAL
BENGKULU,BENGKULU UTARA,1703,"9,306",Lubang Tanah
BENGKULU,BENGKULU UTARA,1703,"11,748",Lainnya
BENGKULU,KAUR,1704,"2,820",Tangki/SPAL
BENGKULU,KAUR,1704,"4,007",Lubang Tanah
BENGKULU,KAUR,1704,"5,320",Lainnya
BENGKULU,SELUMA,1705,"1,249",Tangki/SPAL
BENGKULU,SELUMA,1705,"10,523",Lubang Tanah
BENGKULU,SELUMA,1705,"8,193",Lainnya
BENGKULU,MUKOMUKO,1706,"2,845",Tangki/SPAL
BENGKULU,MUKOMUKO,1706,"6,494",Lubang Tanah
BENGKULU,MUKOMUKO,1706,"3,943",Lainnya
BENGKULU,LEBONG,1707,412,Tangki/SPAL
BENGKULU,LEBONG,1707,"1,808",Lubang Tanah
BENGKULU,LEBONG,1707,"8,000",Lainnya
BENGKULU,KEPAHIANG,1708,400,Tangki/SPAL
BENGKULU,KEPAHIANG,1708,"6,937",Lubang Tanah
BENGKULU,KEPAHIANG,1708,"3,449",Lainnya
BENGKULU,BENGKULU TENGAH,1709,659,Tangki/SPAL
BENGKULU,BENGKULU TENGAH,1709,"6,323",Lubang Tanah
BENGKULU,BENGKULU TENGAH,1709,"5,423",Lainnya
BENGKULU,KOTA BENGKULU,1771,"16,071",Tangki/SPAL
BENGKULU,KOTA BENGKULU,1771,"2,035",Lubang Tanah
BENGKULU,KOTA BENGKULU,1771,"2,191",Lainnya
LAMPUNG,LAMPUNG BARAT,1801,"3,628",Tangki/SPAL
LAMPUNG,LAMPUNG BARAT,1801,"20,938",Lubang Tanah
LAMPUNG,LAMPUNG BARAT,1801,"8,879",Lainnya
LAMPUNG,TANGGAMUS,1802,"6,693",Tangki/SPAL
LAMPUNG,TANGGAMUS,1802,"26,016",Lubang Tanah
LAMPUNG,TANGGAMUS,1802,"33,402",Lainnya
LAMPUNG,LAMPUNG SELATAN,1803,"52,180",Tangki/SPAL
LAMPUNG,LAMPUNG SELATAN,1803,"58,845",Lubang Tanah
LAMPUNG,LAMPUNG SELATAN,1803,"21,109",Lainnya
LAMPUNG,LAMPUNG TIMUR,1804,"12,631",Tangki/SPAL
LAMPUNG,LAMPUNG TIMUR,1804,"93,338",Lubang Tanah
LAMPUNG,LAMPUNG TIMUR,1804,"3,146",Lainnya
LAMPUNG,LAMPUNG TENGAH,1805,"16,921",Tangki/SPAL
LAMPUNG,LAMPUNG TENGAH,1805,"99,678",Lubang Tanah
LAMPUNG,LAMPUNG TENGAH,1805,"6,301",Lainnya
LAMPUNG,LAMPUNG UTARA,1806,"10,818",Tangki/SPAL
LAMPUNG,LAMPUNG UTARA,1806,"54,832",Lubang Tanah
LAMPUNG,LAMPUNG UTARA,1806,"7,807",Lainnya
LAMPUNG,WAY KANAN,1807,"3,065",Tangki/SPAL
LAMPUNG,WAY KANAN,1807,"37,500",Lubang Tanah
LAMPUNG,WAY KANAN,1807,"6,476",Lainnya
LAMPUNG,TULANGBAWANG,1808,"8,485",Tangki/SPAL
LAMPUNG,TULANGBAWANG,1808,"29,793",Lubang Tanah
LAMPUNG,TULANGBAWANG,1808,"3,578",Lainnya
LAMPUNG,PESAWARAN,1809,"13,875",Tangki/SPAL
LAMPUNG,PESAWARAN,1809,"25,005",Lubang Tanah
LAMPUNG,PESAWARAN,1809,"23,041",Lainnya
LAMPUNG,PRINGSEWU,1810,"13,549",Tangki/SPAL
LAMPUNG,PRINGSEWU,1810,"10,301",Lubang Tanah
LAMPUNG,PRINGSEWU,1810,"12,642",Lainnya
LAMPUNG,MESUJI,1811,"2,006",Tangki/SPAL
LAMPUNG,MESUJI,1811,"16,897",Lubang Tanah
LAMPUNG,MESUJI,1811,"3,320",Lainnya
LAMPUNG,TULANG BAWANG BARAT,1812,"1,291",Tangki/SPAL
LAMPUNG,TULANG BAWANG BARAT,1812,"20,767",Lubang Tanah
LAMPUNG,TULANG BAWANG BARAT,1812,687,Lainnya
LAMPUNG,PESISIR BARAT,1813,"3,102",Tangki/SPAL
LAMPUNG,PESISIR BARAT,1813,"7,276",Lubang Tanah
LAMPUNG,PESISIR BARAT,1813,"9,251",Lainnya
LAMPUNG,KOTA BANDAR LAMPUNG,1871,"60,248",Tangki/SPAL
LAMPUNG,KOTA BANDAR LAMPUNG,1871,"7,702",Lubang Tanah
LAMPUNG,KOTA BANDAR LAMPUNG,1871,"12,700",Lainnya
LAMPUNG,KOTA METRO,1872,"6,253",Tangki/SPAL
LAMPUNG,KOTA METRO,1872,"2,019",Lubang Tanah
LAMPUNG,KOTA METRO,1872,243,Lainnya
KEPULAUAN BANGKA BELITUNG,BANGKA,1901,"9,741",Tangki/SPAL
KEPULAUAN BANGKA BELITUNG,BANGKA,1901,"1,574",Lubang Tanah
KEPULAUAN BANGKA BELITUNG,BANGKA,1901,"3,699",Lainnya
KEPULAUAN BANGKA BELITUNG,BELITUNG,1902,"6,610",Tangki/SPAL
KEPULAUAN BANGKA BELITUNG,BELITUNG,1902,173,Lubang Tanah
KEPULAUAN BANGKA BELITUNG,BELITUNG,1902,"3,165",Lainnya
KEPULAUAN BANGKA BELITUNG,BANGKA BARAT,1903,"2,511",Tangki/SPAL
KEPULAUAN BANGKA BELITUNG,BANGKA BARAT,1903,774,Lubang Tanah
KEPULAUAN BANGKA BELITUNG,BANGKA BARAT,1903,"2,914",Lainnya
KEPULAUAN BANGKA BELITUNG,BANGKA TENGAH,1904,"7,948",Tangki/SPAL
KEPULAUAN BANGKA BELITUNG,BANGKA TENGAH,1904,487,Lubang Tanah
KEPULAUAN BANGKA BELITUNG,BANGKA TENGAH,1904,"1,895",Lainnya
KEPULAUAN BANGKA BELITUNG,BANGKA SELATAN,1905,"3,553",Tangki/SPAL
KEPULAUAN BANGKA BELITUNG,BANGKA SELATAN,1905,"1,337",Lubang Tanah
KEPULAUAN BANGKA BELITUNG,BANGKA SELATAN,1905,"3,155",Lainnya
KEPULAUAN BANGKA BELITUNG,BELITUNG TIMUR,1906,"4,412",Tangki/SPAL
KEPULAUAN BANGKA BELITUNG,BELITUNG TIMUR,1906,299,Lubang Tanah
KEPULAUAN BANGKA BELITUNG,BELITUNG TIMUR,1906,"2,703",Lainnya
KEPULAUAN BANGKA BELITUNG,KOTA PANGKAL PINANG,1971,"7,596",Tangki/SPAL
KEPULAUAN BANGKA BELITUNG,KOTA PANGKAL PINANG,1971,511,Lubang Tanah
KEPULAUAN BANGKA BELITUNG,KOTA PANGKAL PINANG,1971,535,Lainnya
KEPULAUAN RIAU,KARIMUN,2101,"7,923",Tangki/SPAL
KEPULAUAN RIAU,KARIMUN,2101,"2,291",Lubang Tanah
KEPULAUAN RIAU,KARIMUN,2101,"3,554",Lainnya
KEPULAUAN RIAU,BINTAN,2102,"3,238",Tangki/SPAL
KEPULAUAN RIAU,BINTAN,2102,"1,189",Lubang Tanah
KEPULAUAN RIAU,BINTAN,2102,"1,504",Lainnya
KEPULAUAN RIAU,NATUNA,2103,265,Tangki/SPAL
KEPULAUAN RIAU,NATUNA,2103,435,Lubang Tanah
KEPULAUAN RIAU,NATUNA,2103,"1,880",Lainnya
KEPULAUAN RIAU,LINGGA,2104,"2,053",Tangki/SPAL
KEPULAUAN RIAU,LINGGA,2104,625,Lubang Tanah
KEPULAUAN RIAU,LINGGA,2104,"4,524",Lainnya
KEPULAUAN RIAU,KEPULAUAN ANAMBAS,2105,53,Tangki/SPAL
KEPULAUAN RIAU,KEPULAUAN ANAMBAS,2105,16,Lubang Tanah
KEPULAUAN RIAU,KEPULAUAN ANAMBAS,2105,636,Lainnya
KEPULAUAN RIAU,KOTA BATAM,2171,"23,963",Tangki/SPAL
KEPULAUAN RIAU,KOTA BATAM,2171,"7,132",Lubang Tanah
KEPULAUAN RIAU,KOTA BATAM,2171,"8,808",Lainnya
KEPULAUAN RIAU,KOTA TANJUNG PINANG,2172,"4,943",Tangki/SPAL
KEPULAUAN RIAU,KOTA TANJUNG PINANG,2172,"3,471",Lubang Tanah
KEPULAUAN RIAU,KOTA TANJUNG PINANG,2172,"1,803",Lainnya
DKI JAKARTA,KEPULAUAN SERIBU,3101,"1,277",Tangki/SPAL
DKI JAKARTA,KEPULAUAN SERIBU,3101,3,Lubang Tanah
DKI JAKARTA,KEPULAUAN SERIBU,3101,472,Lainnya
DKI JAKARTA,KOTA JAKARTA SELATAN,3171,"32,028",Tangki/SPAL
DKI JAKARTA,KOTA JAKARTA SELATAN,3171,"3,488",Lubang Tanah
DKI JAKARTA,KOTA JAKARTA SELATAN,3171,"2,560",Lainnya
DKI JAKARTA,KOTA JAKARTA TIMUR,3172,"63,233",Tangki/SPAL
DKI JAKARTA,KOTA JAKARTA TIMUR,3172,0,Lubang Tanah
DKI JAKARTA,KOTA JAKARTA TIMUR,3172,"4,491",Lainnya
DKI JAKARTA,KOTA JAKARTA PUSAT,3173,"27,901",Tangki/SPAL
DKI JAKARTA,KOTA JAKARTA PUSAT,3173,7,Lubang Tanah
DKI JAKARTA,KOTA JAKARTA PUSAT,3173,"6,893",Lainnya
DKI JAKARTA,KOTA JAKARTA BARAT,3174,"49,068",Tangki/SPAL
DKI JAKARTA,KOTA JAKARTA BARAT,3174,562,Lubang Tanah
DKI JAKARTA,KOTA JAKARTA BARAT,3174,"3,341",Lainnya
DKI JAKARTA,KOTA JAKARTA UTARA,3175,"56,922",Tangki/SPAL
DKI JAKARTA,KOTA JAKARTA UTARA,3175,"3,339",Lubang Tanah
DKI JAKARTA,KOTA JAKARTA UTARA,3175,"9,202",Lainnya
JAWA BARAT,BOGOR,3201,"61,161",Tangki/SPAL
JAWA BARAT,BOGOR,3201,"90,485",Lubang Tanah
JAWA BARAT,BOGOR,3201,"167,367",Lainnya
JAWA BARAT,SUKABUMI,3202,"27,594",Tangki/SPAL
JAWA BARAT,SUKABUMI,3202,"90,391",Lubang Tanah
JAWA BARAT,SUKABUMI,3202,"117,496",Lainnya
JAWA BARAT,CIANJUR,3203,"46,429",Tangki/SPAL
JAWA BARAT,CIANJUR,3203,"90,863",Lubang Tanah
JAWA BARAT,CIANJUR,3203,"167,150",Lainnya
JAWA BARAT,BANDUNG,3204,"118,372",Tangki/SPAL
JAWA BARAT,BANDUNG,3204,"83,036",Lubang Tanah
JAWA BARAT,BANDUNG,3204,"125,620",Lainnya
JAWA BARAT,GARUT,3205,"80,838",Tangki/SPAL
JAWA BARAT,GARUT,3205,"56,249",Lubang Tanah
JAWA BARAT,GARUT,3205,"178,320",Lainnya
JAWA BARAT,TASIKMALAYA,3206,"27,878",Tangki/SPAL
JAWA BARAT,TASIKMALAYA,3206,"23,957",Lubang Tanah
JAWA BARAT,TASIKMALAYA,3206,"159,967",Lainnya
JAWA BARAT,CIAMIS,3207,"36,842",Tangki/SPAL
JAWA BARAT,CIAMIS,3207,"28,786",Lubang Tanah
JAWA BARAT,CIAMIS,3207,"85,502",Lainnya
JAWA BARAT,KUNINGAN,3208,"68,351",Tangki/SPAL
JAWA BARAT,KUNINGAN,3208,"18,251",Lubang Tanah
JAWA BARAT,KUNINGAN,3208,"22,130",Lainnya
JAWA BARAT,CIREBON,3209,"146,249",Tangki/SPAL
JAWA BARAT,CIREBON,3209,"28,753",Lubang Tanah
JAWA BARAT,CIREBON,3209,"74,799",Lainnya
JAWA BARAT,MAJALENGKA,3210,"80,273",Tangki/SPAL
JAWA BARAT,MAJALENGKA,3210,"6,732",Lubang Tanah
JAWA BARAT,MAJALENGKA,3210,"51,011",Lainnya
JAWA BARAT,SUMEDANG,3211,"44,158",Tangki/SPAL
JAWA BARAT,SUMEDANG,3211,"32,515",Lubang Tanah
JAWA BARAT,SUMEDANG,3211,"20,248",Lainnya
JAWA BARAT,INDRAMAYU,3212,"160,658",Tangki/SPAL
JAWA BARAT,INDRAMAYU,3212,"15,415",Lubang Tanah
JAWA BARAT,INDRAMAYU,3212,"61,323",Lainnya
JAWA BARAT,SUBANG,3213,"53,013",Tangki/SPAL
JAWA BARAT,SUBANG,3213,"31,291",Lubang Tanah
JAWA BARAT,SUBANG,3213,"46,596",Lainnya
JAWA BARAT,PURWAKARTA,3214,"11,744",Tangki/SPAL
JAWA BARAT,PURWAKARTA,3214,"31,512",Lubang Tanah
JAWA BARAT,PURWAKARTA,3214,"16,393",Lainnya
JAWA BARAT,KARAWANG,3215,"48,920",Tangki/SPAL
JAWA BARAT,KARAWANG,3215,"19,760",Lubang Tanah
JAWA BARAT,KARAWANG,3215,"150,975",Lainnya
JAWA BARAT,BEKASI,3216,"49,042",Tangki/SPAL
JAWA BARAT,BEKASI,3216,"23,500",Lubang Tanah
JAWA BARAT,BEKASI,3216,"86,310",Lainnya
JAWA BARAT,BANDUNG BARAT,3217,"47,475",Tangki/SPAL
JAWA BARAT,BANDUNG BARAT,3217,"71,809",Lubang Tanah
JAWA BARAT,BANDUNG BARAT,3217,"22,737",Lainnya
JAWA BARAT,PANGANDARAN,3218,"21,430",Tangki/SPAL
JAWA BARAT,PANGANDARAN,3218,"5,844",Lubang Tanah
JAWA BARAT,PANGANDARAN,3218,"16,151",Lainnya
JAWA BARAT,KOTA BOGOR,3271,"35,800",Tangki/SPAL
JAWA BARAT,KOTA BOGOR,3271,"7,697",Lubang Tanah
JAWA BARAT,KOTA BOGOR,3271,"27,808",Lainnya
JAWA BARAT,KOTA SUKABUMI,3272,"2,973",Tangki/SPAL
JAWA BARAT,KOTA SUKABUMI,3272,"2,447",Lubang Tanah
JAWA BARAT,KOTA SUKABUMI,3272,"17,168",Lainnya
JAWA BARAT,KOTA BANDUNG,3273,"39,619",Tangki/SPAL
JAWA BARAT,KOTA BANDUNG,3273,"2,434",Lubang Tanah
JAWA BARAT,KOTA BANDUNG,3273,"75,155",Lainnya
JAWA BARAT,KOTA CIREBON,3274,"22,059",Tangki/SPAL
JAWA BARAT,KOTA CIREBON,3274,"1,505",Lubang Tanah
JAWA BARAT,KOTA CIREBON,3274,"2,606",Lainnya
JAWA BARAT,KOTA BEKASI,3275,"84,905",Tangki/SPAL
JAWA BARAT,KOTA BEKASI,3275,"6,926",Lubang Tanah
JAWA BARAT,KOTA BEKASI,3275,"3,682",Lainnya
JAWA BARAT,KOTA DEPOK,3276,"64,323",Tangki/SPAL
JAWA BARAT,KOTA DEPOK,3276,"5,010",Lubang Tanah
JAWA BARAT,KOTA DEPOK,3276,"4,944",Lainnya
JAWA BARAT,KOTA CIMAHI,3277,"14,889",Tangki/SPAL
JAWA BARAT,KOTA CIMAHI,3277,"1,577",Lubang Tanah
JAWA BARAT,KOTA CIMAHI,3277,"9,099",Lainnya
JAWA BARAT,KOTA TASIKMALAYA,3278,"20,039",Tangki/SPAL
JAWA BARAT,KOTA TASIKMALAYA,3278,"4,986",Lubang Tanah
JAWA BARAT,KOTA TASIKMALAYA,3278,"41,710",Lainnya
JAWA BARAT,KOTA BANJAR,3279,"8,076",Tangki/SPAL
JAWA BARAT,KOTA BANJAR,3279,331,Lubang Tanah
JAWA BARAT,KOTA BANJAR,3279,"3,427",Lainnya
JAWA TENGAH,CILACAP,3301,"89,645",Tangki/SPAL
JAWA TENGAH,CILACAP,3301,"51,729",Lubang Tanah
JAWA TENGAH,CILACAP,3301,"67,961",Lainnya
JAWA TENGAH,BANYUMAS,3302,"90,146",Tangki/SPAL
JAWA TENGAH,BANYUMAS,3302,"26,849",Lubang Tanah
JAWA TENGAH,BANYUMAS,3302,"104,456",Lainnya
JAWA TENGAH,PURBALINGGA,3303,"34,175",Tangki/SPAL
JAWA TENGAH,PURBALINGGA,3303,"36,233",Lubang Tanah
JAWA TENGAH,PURBALINGGA,3303,"47,241",Lainnya
JAWA TENGAH,BANJARNEGARA,3304,"8,928",Tangki/SPAL
JAWA TENGAH,BANJARNEGARA,3304,"21,404",Lubang Tanah
JAWA TENGAH,BANJARNEGARA,3304,"75,846",Lainnya
JAWA TENGAH,KEBUMEN,3305,"93,377",Tangki/SPAL
JAWA TENGAH,KEBUMEN,3305,"26,967",Lubang Tanah
JAWA TENGAH,KEBUMEN,3305,"36,306",Lainnya
JAWA TENGAH,PURWOREJO,3306,"39,866",Tangki/SPAL
JAWA TENGAH,PURWOREJO,3306,"9,669",Lubang Tanah
JAWA TENGAH,PURWOREJO,3306,"31,961",Lainnya
JAWA TENGAH,WONOSOBO,3307,"4,551",Tangki/SPAL
JAWA TENGAH,WONOSOBO,3307,"25,008",Lubang Tanah
JAWA TENGAH,WONOSOBO,3307,"58,478",Lainnya
JAWA TENGAH,MAGELANG,3308,"44,841",Tangki/SPAL
JAWA TENGAH,MAGELANG,3308,"57,684",Lubang Tanah
JAWA TENGAH,MAGELANG,3308,"51,051",Lainnya
JAWA TENGAH,BOYOLALI,3309,"47,358",Tangki/SPAL
JAWA TENGAH,BOYOLALI,3309,"35,919",Lubang Tanah
JAWA TENGAH,BOYOLALI,3309,"13,535",Lainnya
JAWA TENGAH,KLATEN,3310,"121,200",Tangki/SPAL
JAWA TENGAH,KLATEN,3310,"18,638",Lubang Tanah
JAWA TENGAH,KLATEN,3310,"28,655",Lainnya
JAWA TENGAH,SUKOHARJO,3311,"72,633",Tangki/SPAL
JAWA TENGAH,SUKOHARJO,3311,"4,116",Lubang Tanah
JAWA TENGAH,SUKOHARJO,3311,"7,891",Lainnya
JAWA TENGAH,WONOGIRI,3312,"46,904",Tangki/SPAL
JAWA TENGAH,WONOGIRI,3312,"40,285",Lubang Tanah
JAWA TENGAH,WONOGIRI,3312,"6,147",Lainnya
JAWA TENGAH,KARANGANYAR,3313,"56,488",Tangki/SPAL
JAWA TENGAH,KARANGANYAR,3313,"12,243",Lubang Tanah
JAWA TENGAH,KARANGANYAR,3313,"8,421",Lainnya
JAWA TENGAH,SRAGEN,3314,"41,218",Tangki/SPAL
JAWA TENGAH,SRAGEN,3314,"30,619",Lubang Tanah
JAWA TENGAH,SRAGEN,3314,"9,758",Lainnya
JAWA TENGAH,GROBOGAN,3315,"104,919",Tangki/SPAL
JAWA TENGAH,GROBOGAN,3315,"57,954",Lubang Tanah
JAWA TENGAH,GROBOGAN,3315,"26,797",Lainnya
JAWA TENGAH,BLORA,3316,"45,643",Tangki/SPAL
JAWA TENGAH,BLORA,3316,"47,605",Lubang Tanah
JAWA TENGAH,BLORA,3316,"18,410",Lainnya
JAWA TENGAH,REMBANG,3317,"57,367",Tangki/SPAL
JAWA TENGAH,REMBANG,3317,"11,666",Lubang Tanah
JAWA TENGAH,REMBANG,3317,"22,136",Lainnya
JAWA TENGAH,PATI,3318,"93,190",Tangki/SPAL
JAWA TENGAH,PATI,3318,"61,210",Lubang Tanah
JAWA TENGAH,PATI,3318,"23,422",Lainnya
JAWA TENGAH,KUDUS,3319,"41,925",Tangki/SPAL
JAWA TENGAH,KUDUS,3319,"8,729",Lubang Tanah
JAWA TENGAH,KUDUS,3319,"6,997",Lainnya
JAWA TENGAH,JEPARA,3320,"35,578",Tangki/SPAL
JAWA TENGAH,JEPARA,3320,"97,441",Lubang Tanah
JAWA TENGAH,JEPARA,3320,"18,732",Lainnya
JAWA TENGAH,DEMAK,3321,"93,149",Tangki/SPAL
JAWA TENGAH,DEMAK,3321,"19,910",Lubang Tanah
JAWA TENGAH,DEMAK,3321,"37,229",Lainnya
JAWA TENGAH,SEMARANG,3322,"31,315",Tangki/SPAL
JAWA TENGAH,SEMARANG,3322,"28,011",Lubang Tanah
JAWA TENGAH,SEMARANG,3322,"14,269",Lainnya
JAWA TENGAH,TEMANGGUNG,3323,"12,628",Tangki/SPAL
JAWA TENGAH,TEMANGGUNG,3323,"36,567",Lubang Tanah
JAWA TENGAH,TEMANGGUNG,3323,"32,041",Lainnya
JAWA TENGAH,KENDAL,3324,"38,138",Tangki/SPAL
JAWA TENGAH,KENDAL,3324,"20,120",Lubang Tanah
JAWA TENGAH,KENDAL,3324,"39,291",Lainnya
JAWA TENGAH,BATANG,3325,"11,333",Tangki/SPAL
JAWA TENGAH,BATANG,3325,"25,849",Lubang Tanah
JAWA TENGAH,BATANG,3325,"37,814",Lainnya
JAWA TENGAH,PEKALONGAN,3326,"51,811",Tangki/SPAL
JAWA TENGAH,PEKALONGAN,3326,"10,663",Lubang Tanah
JAWA TENGAH,PEKALONGAN,3326,"40,630",Lainnya
JAWA TENGAH,PEMALANG,3327,"75,089",Tangki/SPAL
JAWA TENGAH,PEMALANG,3327,"27,656",Lubang Tanah
JAWA TENGAH,PEMALANG,3327,"65,753",Lainnya
JAWA TENGAH,TEGAL,3328,"64,919",Tangki/SPAL
JAWA TENGAH,TEGAL,3328,"31,108",Lubang Tanah
JAWA TENGAH,TEGAL,3328,"71,038",Lainnya
JAWA TENGAH,BREBES,3329,"130,277",Tangki/SPAL
JAWA TENGAH,BREBES,3329,"14,396",Lubang Tanah
JAWA TENGAH,BREBES,3329,"119,302",Lainnya
JAWA TENGAH,KOTA MAGELANG,3371,"6,341",Tangki/SPAL
JAWA TENGAH,KOTA MAGELANG,3371,369,Lubang Tanah
JAWA TENGAH,KOTA MAGELANG,3371,"2,427",Lainnya
JAWA TENGAH,KOTA SURAKARTA,3372,"35,484",Tangki/SPAL
JAWA TENGAH,KOTA SURAKARTA,3372,"1,229",Lubang Tanah
JAWA TENGAH,KOTA SURAKARTA,3372,"4,354",Lainnya
JAWA TENGAH,KOTA SALATIGA,3373,"7,475",Tangki/SPAL
JAWA TENGAH,KOTA SALATIGA,3373,"1,064",Lubang Tanah
JAWA TENGAH,KOTA SALATIGA,3373,631,Lainnya
JAWA TENGAH,KOTA SEMARANG,3374,"69,192",Tangki/SPAL
JAWA TENGAH,KOTA SEMARANG,3374,"2,789",Lubang Tanah
JAWA TENGAH,KOTA SEMARANG,3374,"6,002",Lainnya
JAWA TENGAH,KOTA PEKALONGAN,3375,"25,392",Tangki/SPAL
JAWA TENGAH,KOTA PEKALONGAN,3375,787,Lubang Tanah
JAWA TENGAH,KOTA PEKALONGAN,3375,"3,447",Lainnya
JAWA TENGAH,KOTA TEGAL,3376,"18,363",Tangki/SPAL
JAWA TENGAH,KOTA TEGAL,3376,120,Lubang Tanah
JAWA TENGAH,KOTA TEGAL,3376,"3,507",Lainnya
DI YOGYAKARTA,KULON PROGO,3401,"28,155",Tangki/SPAL
DI YOGYAKARTA,KULON PROGO,3401,"13,325",Lubang Tanah
DI YOGYAKARTA,KULON PROGO,3401,"2,676",Lainnya
DI YOGYAKARTA,BANTUL,3402,"85,246",Tangki/SPAL
DI YOGYAKARTA,BANTUL,3402,"5,651",Lubang Tanah
DI YOGYAKARTA,BANTUL,3402,"7,700",Lainnya
DI YOGYAKARTA,GUNUNG KIDUL,3403,"28,694",Tangki/SPAL
DI YOGYAKARTA,GUNUNG KIDUL,3403,"64,548",Lubang Tanah
DI YOGYAKARTA,GUNUNG KIDUL,3403,"3,964",Lainnya
DI YOGYAKARTA,SLEMAN,3404,"85,400",Tangki/SPAL
DI YOGYAKARTA,SLEMAN,3404,"2,270",Lubang Tanah
DI YOGYAKARTA,SLEMAN,3404,"13,775",Lainnya
DI YOGYAKARTA,KOTA YOGYAKARTA,3471,"23,896",Tangki/SPAL
DI YOGYAKARTA,KOTA YOGYAKARTA,3471,111,Lubang Tanah
DI YOGYAKARTA,KOTA YOGYAKARTA,3471,"2,120",Lainnya
JAWA TIMUR,PACITAN,3501,"11,523",Tangki/SPAL
JAWA TIMUR,PACITAN,3501,"41,240",Lubang Tanah
JAWA TIMUR,PACITAN,3501,"1,522",Lainnya
JAWA TIMUR,PONOROGO,3502,"49,052",Tangki/SPAL
JAWA TIMUR,PONOROGO,3502,"46,434",Lubang Tanah
JAWA TIMUR,PONOROGO,3502,"14,549",Lainnya
JAWA TIMUR,TRENGGALEK,3503,"24,767",Tangki/SPAL
JAWA TIMUR,TRENGGALEK,3503,"40,471",Lubang Tanah
JAWA TIMUR,TRENGGALEK,3503,"17,840",Lainnya
JAWA TIMUR,TULUNGAGUNG,3504,"43,398",Tangki/SPAL
JAWA TIMUR,TULUNGAGUNG,3504,"40,571",Lubang Tanah
JAWA TIMUR,TULUNGAGUNG,3504,"13,052",Lainnya
JAWA TIMUR,BLITAR,3505,"43,461",Tangki/SPAL
JAWA TIMUR,BLITAR,3505,"47,508",Lubang Tanah
JAWA TIMUR,BLITAR,3505,"21,332",Lainnya
JAWA TIMUR,KEDIRI,3506,"69,494",Tangki/SPAL
JAWA TIMUR,KEDIRI,3506,"51,840",Lubang Tanah
JAWA TIMUR,KEDIRI,3506,"33,746",Lainnya
JAWA TIMUR,MALANG,3507,"41,622",Tangki/SPAL
JAWA TIMUR,MALANG,3507,"138,423",Lubang Tanah
JAWA TIMUR,MALANG,3507,"32,369",Lainnya
JAWA TIMUR,LUMAJANG,3508,"40,116",Tangki/SPAL
JAWA TIMUR,LUMAJANG,3508,"51,300",Lubang Tanah
JAWA TIMUR,LUMAJANG,3508,"41,280",Lainnya
JAWA TIMUR,JEMBER,3509,"58,939",Tangki/SPAL
JAWA TIMUR,JEMBER,3509,"43,104",Lubang Tanah
JAWA TIMUR,JEMBER,3509,"193,243",Lainnya
JAWA TIMUR,BANYUWANGI,3510,"71,633",Tangki/SPAL
JAWA TIMUR,BANYUWANGI,3510,"24,116",Lubang Tanah
JAWA TIMUR,BANYUWANGI,3510,"86,939",Lainnya
JAWA TIMUR,BONDOWOSO,3511,"12,041",Tangki/SPAL
JAWA TIMUR,BONDOWOSO,3511,"29,042",Lubang Tanah
JAWA TIMUR,BONDOWOSO,3511,"111,265",Lainnya
JAWA TIMUR,SITUBONDO,3512,"13,704",Tangki/SPAL
JAWA TIMUR,SITUBONDO,3512,"16,158",Lubang Tanah
JAWA TIMUR,SITUBONDO,3512,"79,330",Lainnya
JAWA TIMUR,PROBOLINGGO,3513,"23,537",Tangki/SPAL
JAWA TIMUR,PROBOLINGGO,3513,"52,566",Lubang Tanah
JAWA TIMUR,PROBOLINGGO,3513,"108,250",Lainnya
JAWA TIMUR,PASURUAN,3514,"35,475",Tangki/SPAL
JAWA TIMUR,PASURUAN,3514,"67,637",Lubang Tanah
JAWA TIMUR,PASURUAN,3514,"95,457",Lainnya
JAWA TIMUR,SIDOARJO,3515,"84,505",Tangki/SPAL
JAWA TIMUR,SIDOARJO,3515,"3,417",Lubang Tanah
JAWA TIMUR,SIDOARJO,3515,"29,312",Lainnya
JAWA TIMUR,MOJOKERTO,3516,"44,355",Tangki/SPAL
JAWA TIMUR,MOJOKERTO,3516,"10,098",Lubang Tanah
JAWA TIMUR,MOJOKERTO,3516,"25,376",Lainnya
JAWA TIMUR,JOMBANG,3517,"100,877",Tangki/SPAL
JAWA TIMUR,JOMBANG,3517,"15,509",Lubang Tanah
JAWA TIMUR,JOMBANG,3517,"35,690",Lainnya
JAWA TIMUR,NGANJUK,3518,"57,551",Tangki/SPAL
JAWA TIMUR,NGANJUK,3518,"64,220",Lubang Tanah
JAWA TIMUR,NGANJUK,3518,"24,420",Lainnya
JAWA TIMUR,MADIUN,3519,"38,175",Tangki/SPAL
JAWA TIMUR,MADIUN,3519,"22,159",Lubang Tanah
JAWA TIMUR,MADIUN,3519,"12,883",Lainnya
JAWA TIMUR,MAGETAN,3520,"39,456",Tangki/SPAL
JAWA TIMUR,MAGETAN,3520,"14,328",Lubang Tanah
JAWA TIMUR,MAGETAN,3520,"7,944",Lainnya
JAWA TIMUR,NGAWI,3521,"47,176",Tangki/SPAL
JAWA TIMUR,NGAWI,3521,"44,717",Lubang Tanah
JAWA TIMUR,NGAWI,3521,"26,892",Lainnya
JAWA TIMUR,BOJONEGORO,3522,"70,016",Tangki/SPAL
JAWA TIMUR,BOJONEGORO,3522,"46,655",Lubang Tanah
JAWA TIMUR,BOJONEGORO,3522,"47,950",Lainnya
JAWA TIMUR,TUBAN,3523,"44,176",Tangki/SPAL
JAWA TIMUR,TUBAN,3523,"31,405",Lubang Tanah
JAWA TIMUR,TUBAN,3523,"49,264",Lainnya
JAWA TIMUR,LAMONGAN,3524,"51,802",Tangki/SPAL
JAWA TIMUR,LAMONGAN,3524,"36,984",Lubang Tanah
JAWA TIMUR,LAMONGAN,3524,"26,394",Lainnya
JAWA TIMUR,GRESIK,3525,"71,742",Tangki/SPAL
JAWA TIMUR,GRESIK,3525,"17,221",Lubang Tanah
JAWA TIMUR,GRESIK,3525,"6,858",Lainnya
JAWA TIMUR,BANGKALAN,3526,"10,209",Tangki/SPAL
JAWA TIMUR,BANGKALAN,3526,"100,758",Lubang Tanah
JAWA TIMUR,BANGKALAN,3526,"17,122",Lainnya
JAWA TIMUR,SAMPANG,3527,"26,996",Tangki/SPAL
JAWA TIMUR,SAMPANG,3527,"78,571",Lubang Tanah
JAWA TIMUR,SAMPANG,3527,"30,701",Lainnya
JAWA TIMUR,PAMEKASAN,3528,"15,834",Tangki/SPAL
JAWA TIMUR,PAMEKASAN,3528,"87,253",Lubang Tanah
JAWA TIMUR,PAMEKASAN,3528,"21,439",Lainnya
JAWA TIMUR,SUMENEP,3529,"11,269",Tangki/SPAL
JAWA TIMUR,SUMENEP,3529,"100,379",Lubang Tanah
JAWA TIMUR,SUMENEP,3529,"68,912",Lainnya
JAWA TIMUR,KOTA KEDIRI,3571,"19,485",Tangki/SPAL
JAWA TIMUR,KOTA KEDIRI,3571,692,Lubang Tanah
JAWA TIMUR,KOTA KEDIRI,3571,"1,051",Lainnya
JAWA TIMUR,KOTA BLITAR,3572,"6,565",Tangki/SPAL
JAWA TIMUR,KOTA BLITAR,3572,60,Lubang Tanah
JAWA TIMUR,KOTA BLITAR,3572,528,Lainnya
JAWA TIMUR,KOTA MALANG,3573,"20,584",Tangki/SPAL
JAWA TIMUR,KOTA MALANG,3573,"1,804",Lubang Tanah
JAWA TIMUR,KOTA MALANG,3573,"8,789",Lainnya
JAWA TIMUR,KOTA PROBOLINGGO,3574,"12,400",Tangki/SPAL
JAWA TIMUR,KOTA PROBOLINGGO,3574,723,Lubang Tanah
JAWA TIMUR,KOTA PROBOLINGGO,3574,"4,423",Lainnya
JAWA TIMUR,KOTA PASURUAN,3575,"10,251",Tangki/SPAL
JAWA TIMUR,KOTA PASURUAN,3575,135,Lubang Tanah
JAWA TIMUR,KOTA PASURUAN,3575,"3,949",Lainnya
JAWA TIMUR,KOTA MOJOKERTO,3576,"6,146",Tangki/SPAL
JAWA TIMUR,KOTA MOJOKERTO,3576,22,Lubang Tanah
JAWA TIMUR,KOTA MOJOKERTO,3576,805,Lainnya
JAWA TIMUR,KOTA MADIUN,3577,"7,128",Tangki/SPAL
JAWA TIMUR,KOTA MADIUN,3577,88,Lubang Tanah
JAWA TIMUR,KOTA MADIUN,3577,312,Lainnya
JAWA TIMUR,KOTA SURABAYA,3578,"131,829",Tangki/SPAL
JAWA TIMUR,KOTA SURABAYA,3578,"6,241",Lubang Tanah
JAWA TIMUR,KOTA SURABAYA,3578,"11,064",Lainnya
JAWA TIMUR,KOTA BATU,3579,"9,616",Tangki/SPAL
JAWA TIMUR,KOTA BATU,3579,244,Lubang Tanah
JAWA TIMUR,KOTA BATU,3579,"1,660",Lainnya
BANTEN,PANDEGLANG,3601,"5,801",Tangki/SPAL
BANTEN,PANDEGLANG,3601,"34,423",Lubang Tanah
BANTEN,PANDEGLANG,3601,"73,118",Lainnya
BANTEN,LEBAK,3602,"13,011",Tangki/SPAL
BANTEN,LEBAK,3602,"15,429",Lubang Tanah
BANTEN,LEBAK,3602,"76,762",Lainnya
BANTEN,TANGERANG,3603,"82,956",Tangki/SPAL
BANTEN,TANGERANG,3603,"34,389",Lubang Tanah
BANTEN,TANGERANG,3603,"111,998",Lainnya
BANTEN,SERANG,3604,"15,281",Tangki/SPAL
BANTEN,SERANG,3604,"4,787",Lubang Tanah
BANTEN,SERANG,3604,"49,245",Lainnya
BANTEN,KOTA TANGERANG,3671,"58,479",Tangki/SPAL
BANTEN,KOTA TANGERANG,3671,"5,658",Lubang Tanah
BANTEN,KOTA TANGERANG,3671,"4,428",Lainnya
BANTEN,KOTA CILEGON,3672,"10,499",Tangki/SPAL
BANTEN,KOTA CILEGON,3672,219,Lubang Tanah
BANTEN,KOTA CILEGON,3672,"3,163",Lainnya
BANTEN,KOTA SERANG,3673,"7,636",Tangki/SPAL
BANTEN,KOTA SERANG,3673,776,Lubang Tanah
BANTEN,KOTA SERANG,3673,"12,077",Lainnya
BANTEN,KOTA TANGERANG SELATAN,3674,"30,240",Tangki/SPAL
BANTEN,KOTA TANGERANG SELATAN,3674,"2,957",Lubang Tanah
BANTEN,KOTA TANGERANG SELATAN,3674,"1,256",Lainnya
BALI,JEMBRANA,5101,"12,398",Tangki/SPAL
BALI,JEMBRANA,5101,198,Lubang Tanah
BALI,JEMBRANA,5101,"5,114",Lainnya
BALI,TABANAN,5102,"23,384",Tangki/SPAL
BALI,TABANAN,5102,648,Lubang Tanah
BALI,TABANAN,5102,"5,127",Lainnya
BALI,BADUNG,5103,"10,787",Tangki/SPAL
BALI,BADUNG,5103,47,Lubang Tanah
BALI,BADUNG,5103,"1,466",Lainnya
BALI,GIANYAR,5104,"6,117",Tangki/SPAL
BALI,GIANYAR,5104,"9,654",Lubang Tanah
BALI,GIANYAR,5104,"3,328",Lainnya
BALI,KLUNGKUNG,5105,"6,229",Tangki/SPAL
BALI,KLUNGKUNG,5105,575,Lubang Tanah
BALI,KLUNGKUNG,5105,"4,385",Lainnya
BALI,BANGLI,5106,"7,666",Tangki/SPAL
BALI,BANGLI,5106,"1,629",Lubang Tanah
BALI,BANGLI,5106,"8,021",Lainnya
BALI,KARANG ASEM,5107,"13,905",Tangki/SPAL
BALI,KARANG ASEM,5107,"3,228",Lubang Tanah
BALI,KARANG ASEM,5107,"21,303",Lainnya
BALI,BULELENG,5108,"32,497",Tangki/SPAL
BALI,BULELENG,5108,"10,003",Lubang Tanah
BALI,BULELENG,5108,"19,482",Lainnya
BALI,KOTA DENPASAR,5171,"4,353",Tangki/SPAL
BALI,KOTA DENPASAR,5171,20,Lubang Tanah
BALI,KOTA DENPASAR,5171,343,Lainnya
NUSA TENGGARA BARAT,LOMBOK BARAT,5201,"38,152",Tangki/SPAL
NUSA TENGGARA BARAT,LOMBOK BARAT,5201,"8,012",Lubang Tanah
NUSA TENGGARA BARAT,LOMBOK BARAT,5201,"57,101",Lainnya
NUSA TENGGARA BARAT,LOMBOK TENGAH,5202,"78,702",Tangki/SPAL
NUSA TENGGARA BARAT,LOMBOK TENGAH,5202,"5,236",Lubang Tanah
NUSA TENGGARA BARAT,LOMBOK TENGAH,5202,"79,388",Lainnya
NUSA TENGGARA BARAT,LOMBOK TIMUR,5203,"113,758",Tangki/SPAL
NUSA TENGGARA BARAT,LOMBOK TIMUR,5203,"12,664",Lubang Tanah
NUSA TENGGARA BARAT,LOMBOK TIMUR,5203,"93,827",Lainnya
NUSA TENGGARA BARAT,SUMBAWA,5204,"18,308",Tangki/SPAL
NUSA TENGGARA BARAT,SUMBAWA,5204,836,Lubang Tanah
NUSA TENGGARA BARAT,SUMBAWA,5204,"23,665",Lainnya
NUSA TENGGARA BARAT,DOMPU,5205,"11,917",Tangki/SPAL
NUSA TENGGARA BARAT,DOMPU,5205,982,Lubang Tanah
NUSA TENGGARA BARAT,DOMPU,5205,"17,808",Lainnya
NUSA TENGGARA BARAT,BIMA,5206,"25,737",Tangki/SPAL
NUSA TENGGARA BARAT,BIMA,5206,"4,745",Lubang Tanah
NUSA TENGGARA BARAT,BIMA,5206,"31,433",Lainnya
NUSA TENGGARA BARAT,SUMBAWA BARAT,5207,"9,941",Tangki/SPAL
NUSA TENGGARA BARAT,SUMBAWA BARAT,5207,191,Lubang Tanah
NUSA TENGGARA BARAT,SUMBAWA BARAT,5207,"4,449",Lainnya
NUSA TENGGARA BARAT,LOMBOK UTARA,5208,"16,130",Tangki/SPAL
NUSA TENGGARA BARAT,LOMBOK UTARA,5208,"1,988",Lubang Tanah
NUSA TENGGARA BARAT,LOMBOK UTARA,5208,"18,403",Lainnya
NUSA TENGGARA BARAT,KOTA MATARAM,5271,"26,600",Tangki/SPAL
NUSA TENGGARA BARAT,KOTA MATARAM,5271,337,Lubang Tanah
NUSA TENGGARA BARAT,KOTA MATARAM,5271,"8,783",Lainnya
NUSA TENGGARA BARAT,KOTA BIMA,5272,"10,981",Tangki/SPAL
NUSA TENGGARA BARAT,KOTA BIMA,5272,99,Lubang Tanah
NUSA TENGGARA BARAT,KOTA BIMA,5272,"4,560",Lainnya
NUSA TENGGARA TIMUR,SUMBA BARAT,5301,449,Tangki/SPAL
NUSA TENGGARA TIMUR,SUMBA BARAT,5301,"5,442",Lubang Tanah
NUSA TENGGARA TIMUR,SUMBA BARAT,5301,"10,122",Lainnya
NUSA TENGGARA TIMUR,SUMBA TIMUR,5302,766,Tangki/SPAL
NUSA TENGGARA TIMUR,SUMBA TIMUR,5302,"9,557",Lubang Tanah
NUSA TENGGARA TIMUR,SUMBA TIMUR,5302,"15,536",Lainnya
NUSA TENGGARA TIMUR,KUPANG,5303,734,Tangki/SPAL
NUSA TENGGARA TIMUR,KUPANG,5303,"30,965",Lubang Tanah
NUSA TENGGARA TIMUR,KUPANG,5303,"4,180",Lainnya
NUSA TENGGARA TIMUR,TIMOR TENGAH SELATAN,5304,654,Tangki/SPAL
NUSA TENGGARA TIMUR,TIMOR TENGAH SELATAN,5304,"72,974",Lubang Tanah
NUSA TENGGARA TIMUR,TIMOR TENGAH SELATAN,5304,"1,707",Lainnya
NUSA TENGGARA TIMUR,TIMOR TENGAH UTARA,5305,"6,146",Tangki/SPAL
NUSA TENGGARA TIMUR,TIMOR TENGAH UTARA,5305,"21,141",Lubang Tanah
NUSA TENGGARA TIMUR,TIMOR TENGAH UTARA,5305,"4,096",Lainnya
NUSA TENGGARA TIMUR,BELU,5306,"5,243",Tangki/SPAL
NUSA TENGGARA TIMUR,BELU,5306,"8,956",Lubang Tanah
NUSA TENGGARA TIMUR,BELU,5306,"6,769",Lainnya
NUSA TENGGARA TIMUR,ALOR,5307,"9,802",Tangki/SPAL
NUSA TENGGARA TIMUR,ALOR,5307,"8,184",Lubang Tanah
NUSA TENGGARA TIMUR,ALOR,5307,"8,191",Lainnya
NUSA TENGGARA TIMUR,LEMBATA,5308,"12,865",Tangki/SPAL
NUSA TENGGARA TIMUR,LEMBATA,5308,"2,546",Lubang Tanah
NUSA TENGGARA TIMUR,LEMBATA,5308,"1,794",Lainnya
NUSA TENGGARA TIMUR,FLORES TIMUR,5309,"10,352",Tangki/SPAL
NUSA TENGGARA TIMUR,FLORES TIMUR,5309,"6,762",Lubang Tanah
NUSA TENGGARA TIMUR,FLORES TIMUR,5309,"5,008",Lainnya
NUSA TENGGARA TIMUR,SIKKA,5310,"14,732",Tangki/SPAL
NUSA TENGGARA TIMUR,SIKKA,5310,"8,165",Lubang Tanah
NUSA TENGGARA TIMUR,SIKKA,5310,"11,344",Lainnya
NUSA TENGGARA TIMUR,ENDE,5311,"12,857",Tangki/SPAL
NUSA TENGGARA TIMUR,ENDE,5311,"7,256",Lubang Tanah
NUSA TENGGARA TIMUR,ENDE,5311,"7,644",Lainnya
NUSA TENGGARA TIMUR,NGADA,5312,"4,937",Tangki/SPAL
NUSA TENGGARA TIMUR,NGADA,5312,"4,924",Lubang Tanah
NUSA TENGGARA TIMUR,NGADA,5312,"2,013",Lainnya
NUSA TENGGARA TIMUR,MANGGARAI,5313,397,Tangki/SPAL
NUSA TENGGARA TIMUR,MANGGARAI,5313,"23,557",Lubang Tanah
NUSA TENGGARA TIMUR,MANGGARAI,5313,"12,734",Lainnya
NUSA TENGGARA TIMUR,ROTE NDAO,5314,"1,763",Tangki/SPAL
NUSA TENGGARA TIMUR,ROTE NDAO,5314,"6,722",Lubang Tanah
NUSA TENGGARA TIMUR,ROTE NDAO,5314,"10,126",Lainnya
NUSA TENGGARA TIMUR,MANGGARAI BARAT,5315,"2,316",Tangki/SPAL
NUSA TENGGARA TIMUR,MANGGARAI BARAT,5315,"17,599",Lubang Tanah
NUSA TENGGARA TIMUR,MANGGARAI BARAT,5315,"14,301",Lainnya
NUSA TENGGARA TIMUR,SUMBA TENGAH,5316,59,Tangki/SPAL
NUSA TENGGARA TIMUR,SUMBA TENGAH,5316,"6,858",Lubang Tanah
NUSA TENGGARA TIMUR,SUMBA TENGAH,5316,"2,534",Lainnya
NUSA TENGGARA TIMUR,SUMBA BARAT DAYA,5317,564,Tangki/SPAL
NUSA TENGGARA TIMUR,SUMBA BARAT DAYA,5317,"25,415",Lubang Tanah
NUSA TENGGARA TIMUR,SUMBA BARAT DAYA,5317,"20,153",Lainnya
NUSA TENGGARA TIMUR,NAGEKEO,5318,"7,068",Tangki/SPAL
NUSA TENGGARA TIMUR,NAGEKEO,5318,"1,552",Lubang Tanah
NUSA TENGGARA TIMUR,NAGEKEO,5318,"2,629",Lainnya
NUSA TENGGARA TIMUR,MANGGARAI TIMUR,5319,386,Tangki/SPAL
NUSA TENGGARA TIMUR,MANGGARAI TIMUR,5319,"29,960",Lubang Tanah
NUSA TENGGARA TIMUR,MANGGARAI TIMUR,5319,"9,316",Lainnya
NUSA TENGGARA TIMUR,SABU RAIJUA,5320,"1,770",Tangki/SPAL
NUSA TENGGARA TIMUR,SABU RAIJUA,5320,"9,787",Lubang Tanah
NUSA TENGGARA TIMUR,SABU RAIJUA,5320,"3,130",Lainnya
NUSA TENGGARA TIMUR,MALAKA,5321,"3,664",Tangki/SPAL
NUSA TENGGARA TIMUR,MALAKA,5321,"7,247",Lubang Tanah
NUSA TENGGARA TIMUR,MALAKA,5321,"11,444",Lainnya
NUSA TENGGARA TIMUR,KOTA KUPANG,5371,"9,921",Tangki/SPAL
NUSA TENGGARA TIMUR,KOTA KUPANG,5371,"9,392",Lubang Tanah
NUSA TENGGARA TIMUR,KOTA KUPANG,5371,246,Lainnya
KALIMANTAN BARAT,SAMBAS,6101,"16,677",Tangki/SPAL
KALIMANTAN BARAT,SAMBAS,6101,"9,488",Lubang Tanah
KALIMANTAN BARAT,SAMBAS,6101,"14,933",Lainnya
KALIMANTAN BARAT,BENGKAYANG,6102,"2,234",Tangki/SPAL
KALIMANTAN BARAT,BENGKAYANG,6102,"5,253",Lubang Tanah
KALIMANTAN BARAT,BENGKAYANG,6102,"9,956",Lainnya
KALIMANTAN BARAT,LANDAK,6103,"1,117",Tangki/SPAL
KALIMANTAN BARAT,LANDAK,6103,"13,318",Lubang Tanah
KALIMANTAN BARAT,LANDAK,6103,"31,817",Lainnya
KALIMANTAN BARAT,MEMPAWAH,6104,"8,470",Tangki/SPAL
KALIMANTAN BARAT,MEMPAWAH,6104,"8,787",Lubang Tanah
KALIMANTAN BARAT,MEMPAWAH,6104,"8,779",Lainnya
KALIMANTAN BARAT,SANGGAU,6105,"1,161",Tangki/SPAL
KALIMANTAN BARAT,SANGGAU,6105,"10,165",Lubang Tanah
KALIMANTAN BARAT,SANGGAU,6105,"19,664",Lainnya
KALIMANTAN BARAT,KETAPANG,6106,"7,479",Tangki/SPAL
KALIMANTAN BARAT,KETAPANG,6106,"9,355",Lubang Tanah
KALIMANTAN BARAT,KETAPANG,6106,"23,066",Lainnya
KALIMANTAN BARAT,SINTANG,6107,518,Tangki/SPAL
KALIMANTAN BARAT,SINTANG,6107,"16,223",Lubang Tanah
KALIMANTAN BARAT,SINTANG,6107,"26,184",Lainnya
KALIMANTAN BARAT,KAPUAS HULU,6108,683,Tangki/SPAL
KALIMANTAN BARAT,KAPUAS HULU,6108,"9,496",Lubang Tanah
KALIMANTAN BARAT,KAPUAS HULU,6108,"16,381",Lainnya
KALIMANTAN BARAT,SEKADAU,6109,143,Tangki/SPAL
KALIMANTAN BARAT,SEKADAU,6109,"2,338",Lubang Tanah
KALIMANTAN BARAT,SEKADAU,6109,"6,543",Lainnya
KALIMANTAN BARAT,MELAWI,6110,502,Tangki/SPAL
KALIMANTAN BARAT,MELAWI,6110,"3,904",Lubang Tanah
KALIMANTAN BARAT,MELAWI,6110,"12,856",Lainnya
KALIMANTAN BARAT,KAYONG UTARA,6111,"1,324",Tangki/SPAL
KALIMANTAN BARAT,KAYONG UTARA,6111,"2,485",Lubang Tanah
KALIMANTAN BARAT,KAYONG UTARA,6111,"4,796",Lainnya
KALIMANTAN BARAT,KUBU RAYA,6112,"7,198",Tangki/SPAL
KALIMANTAN BARAT,KUBU RAYA,6112,"23,625",Lubang Tanah
KALIMANTAN BARAT,KUBU RAYA,6112,"19,950",Lainnya
KALIMANTAN BARAT,KOTA PONTIANAK,6171,"17,653",Tangki/SPAL
KALIMANTAN BARAT,KOTA PONTIANAK,6171,"3,077",Lubang Tanah
KALIMANTAN BARAT,KOTA PONTIANAK,6171,"2,719",Lainnya
KALIMANTAN BARAT,KOTA SINGKAWANG,6172,876,Tangki/SPAL
KALIMANTAN BARAT,KOTA SINGKAWANG,6172,"9,339",Lubang Tanah
KALIMANTAN BARAT,KOTA SINGKAWANG,6172,"3,579",Lainnya
KALIMANTAN TENGAH,KOTAWARINGIN BARAT,6201,"3,229",Tangki/SPAL
KALIMANTAN TENGAH,KOTAWARINGIN BARAT,6201,"4,064",Lubang Tanah
KALIMANTAN TENGAH,KOTAWARINGIN BARAT,6201,"2,549",Lainnya
KALIMANTAN TENGAH,KOTAWARINGIN TIMUR,6202,"2,188",Tangki/SPAL
KALIMANTAN TENGAH,KOTAWARINGIN TIMUR,6202,"8,632",Lubang Tanah
KALIMANTAN TENGAH,KOTAWARINGIN TIMUR,6202,"17,240",Lainnya
KALIMANTAN TENGAH,KAPUAS,6203,9,Tangki/SPAL
KALIMANTAN TENGAH,KAPUAS,6203,"5,177",Lubang Tanah
KALIMANTAN TENGAH,KAPUAS,6203,"25,412",Lainnya
KALIMANTAN TENGAH,BARITO SELATAN,6204,912,Tangki/SPAL
KALIMANTAN TENGAH,BARITO SELATAN,6204,869,Lubang Tanah
KALIMANTAN TENGAH,BARITO SELATAN,6204,"5,331",Lainnya
KALIMANTAN TENGAH,BARITO UTARA,6205,492,Tangki/SPAL
KALIMANTAN TENGAH,BARITO UTARA,6205,"2,530",Lubang Tanah
KALIMANTAN TENGAH,BARITO UTARA,6205,"4,218",Lainnya
KALIMANTAN TENGAH,SUKAMARA,6206,757,Tangki/SPAL
KALIMANTAN TENGAH,SUKAMARA,6206,619,Lubang Tanah
KALIMANTAN TENGAH,SUKAMARA,6206,"1,259",Lainnya
KALIMANTAN TENGAH,LAMANDAU,6207,222,Tangki/SPAL
KALIMANTAN TENGAH,LAMANDAU,6207,"1,135",Lubang Tanah
KALIMANTAN TENGAH,LAMANDAU,6207,"1,768",Lainnya
KALIMANTAN TENGAH,SERUYAN,6208,773,Tangki/SPAL
KALIMANTAN TENGAH,SERUYAN,6208,"2,173",Lubang Tanah
KALIMANTAN TENGAH,SERUYAN,6208,"3,809",Lainnya
KALIMANTAN TENGAH,KATINGAN,6209,455,Tangki/SPAL
KALIMANTAN TENGAH,KATINGAN,6209,"3,065",Lubang Tanah
KALIMANTAN TENGAH,KATINGAN,6209,"5,708",Lainnya
KALIMANTAN TENGAH,PULANG PISAU,6210,"1,100",Tangki/SPAL
KALIMANTAN TENGAH,PULANG PISAU,6210,"3,674",Lubang Tanah
KALIMANTAN TENGAH,PULANG PISAU,6210,"6,234",Lainnya
KALIMANTAN TENGAH,GUNUNG MAS,6211,54,Tangki/SPAL
KALIMANTAN TENGAH,GUNUNG MAS,6211,208,Lubang Tanah
KALIMANTAN TENGAH,GUNUNG MAS,6211,"1,181",Lainnya
KALIMANTAN TENGAH,BARITO TIMUR,6212,502,Tangki/SPAL
KALIMANTAN TENGAH,BARITO TIMUR,6212,"2,263",Lubang Tanah
KALIMANTAN TENGAH,BARITO TIMUR,6212,"2,353",Lainnya
KALIMANTAN TENGAH,MURUNG RAYA,6213,125,Tangki/SPAL
KALIMANTAN TENGAH,MURUNG RAYA,6213,604,Lubang Tanah
KALIMANTAN TENGAH,MURUNG RAYA,6213,"4,962",Lainnya
KALIMANTAN TENGAH,KOTA PALANGKA RAYA,6271,"6,302",Tangki/SPAL
KALIMANTAN TENGAH,KOTA PALANGKA RAYA,6271,"1,121",Lubang Tanah
KALIMANTAN TENGAH,KOTA PALANGKA RAYA,6271,"1,719",Lainnya
KALIMANTAN SELATAN,TANAH LAUT,6301,"1,300",Tangki/SPAL
KALIMANTAN SELATAN,TANAH LAUT,6301,"10,979",Lubang Tanah
KALIMANTAN SELATAN,TANAH LAUT,6301,"5,319",Lainnya
KALIMANTAN SELATAN,KOTA BARU,6302,"1,530",Tangki/SPAL
KALIMANTAN SELATAN,KOTA BARU,6302,"3,299",Lubang Tanah
KALIMANTAN SELATAN,KOTA BARU,6302,"9,904",Lainnya
KALIMANTAN SELATAN,BANJAR,6303,"4,194",Tangki/SPAL
KALIMANTAN SELATAN,BANJAR,6303,"4,379",Lubang Tanah
KALIMANTAN SELATAN,BANJAR,6303,"15,490",Lainnya
KALIMANTAN SELATAN,BARITO KUALA,6304,985,Tangki/SPAL
KALIMANTAN SELATAN,BARITO KUALA,6304,"1,908",Lubang Tanah
KALIMANTAN SELATAN,BARITO KUALA,6304,"15,278",Lainnya
KALIMANTAN SELATAN,TAPIN,6305,801,Tangki/SPAL
KALIMANTAN SELATAN,TAPIN,6305,"1,424",Lubang Tanah
KALIMANTAN SELATAN,TAPIN,6305,"4,208",Lainnya
KALIMANTAN SELATAN,HULU SUNGAI SELATAN,6306,"5,856",Tangki/SPAL
KALIMANTAN SELATAN,HULU SUNGAI SELATAN,6306,"4,004",Lubang Tanah
KALIMANTAN SELATAN,HULU SUNGAI SELATAN,6306,"11,651",Lainnya
KALIMANTAN SELATAN,HULU SUNGAI TENGAH,6307,"7,745",Tangki/SPAL
KALIMANTAN SELATAN,HULU SUNGAI TENGAH,6307,"7,823",Lubang Tanah
KALIMANTAN SELATAN,HULU SUNGAI TENGAH,6307,"10,961",Lainnya
KALIMANTAN SELATAN,HULU SUNGAI UTARA,6308,"12,629",Tangki/SPAL
KALIMANTAN SELATAN,HULU SUNGAI UTARA,6308,817,Lubang Tanah
KALIMANTAN SELATAN,HULU SUNGAI UTARA,6308,"12,554",Lainnya
KALIMANTAN SELATAN,TABALONG,6309,"7,125",Tangki/SPAL
KALIMANTAN SELATAN,TABALONG,6309,"5,965",Lubang Tanah
KALIMANTAN SELATAN,TABALONG,6309,"6,159",Lainnya
KALIMANTAN SELATAN,TANAH BUMBU,6310,"3,232",Tangki/SPAL
KALIMANTAN SELATAN,TANAH BUMBU,6310,"9,104",Lubang Tanah
KALIMANTAN SELATAN,TANAH BUMBU,6310,"4,421",Lainnya
KALIMANTAN SELATAN,BALANGAN,6311,729,Tangki/SPAL
KALIMANTAN SELATAN,BALANGAN,6311,"2,911",Lubang Tanah
KALIMANTAN SELATAN,BALANGAN,6311,"3,792",Lainnya
KALIMANTAN SELATAN,KOTA BANJARMASIN,6371,"23,329",Tangki/SPAL
KALIMANTAN SELATAN,KOTA BANJARMASIN,6371,871,Lubang Tanah
KALIMANTAN SELATAN,KOTA BANJARMASIN,6371,"12,433",Lainnya
KALIMANTAN SELATAN,KOTA BANJAR BARU,6372,"6,210",Tangki/SPAL
KALIMANTAN SELATAN,KOTA BANJAR BARU,6372,"4,008",Lubang Tanah
KALIMANTAN SELATAN,KOTA BANJAR BARU,6372,563,Lainnya
KALIMANTAN TIMUR,PASER,6401,"2,797",Tangki/SPAL
KALIMANTAN TIMUR,PASER,6401,"12,383",Lubang Tanah
KALIMANTAN TIMUR,PASER,6401,"6,246",Lainnya
KALIMANTAN TIMUR,KUTAI BARAT,6402,830,Tangki/SPAL
KALIMANTAN TIMUR,KUTAI BARAT,6402,"4,205",Lubang Tanah
KALIMANTAN TIMUR,KUTAI BARAT,6402,"5,115",Lainnya
KALIMANTAN TIMUR,KUTAI KARTANEGARA,6403,"12,441",Tangki/SPAL
KALIMANTAN TIMUR,KUTAI KARTANEGARA,6403,"12,539",Lubang Tanah
KALIMANTAN TIMUR,KUTAI KARTANEGARA,6403,"10,837",Lainnya
KALIMANTAN TIMUR,KUTAI TIMUR,6404,"4,837",Tangki/SPAL
KALIMANTAN TIMUR,KUTAI TIMUR,6404,"10,488",Lubang Tanah
KALIMANTAN TIMUR,KUTAI TIMUR,6404,"7,009",Lainnya
KALIMANTAN TIMUR,BERAU,6405,"1,887",Tangki/SPAL
KALIMANTAN TIMUR,BERAU,6405,"2,943",Lubang Tanah
KALIMANTAN TIMUR,BERAU,6405,"3,138",Lainnya
KALIMANTAN TIMUR,PENAJAM PASER UTARA,6409,"2,947",Tangki/SPAL
KALIMANTAN TIMUR,PENAJAM PASER UTARA,6409,"5,127",Lubang Tanah
KALIMANTAN TIMUR,PENAJAM PASER UTARA,6409,"2,429",Lainnya
KALIMANTAN TIMUR,MAHAKAM HULU,6411,57,Tangki/SPAL
KALIMANTAN TIMUR,MAHAKAM HULU,6411,661,Lubang Tanah
KALIMANTAN TIMUR,MAHAKAM HULU,6411,"1,395",Lainnya
KALIMANTAN TIMUR,KOTA BALIKPAPAN,6471,"18,409",Tangki/SPAL
KALIMANTAN TIMUR,KOTA BALIKPAPAN,6471,"2,675",Lubang Tanah
KALIMANTAN TIMUR,KOTA BALIKPAPAN,6471,"3,609",Lainnya
KALIMANTAN TIMUR,KOTA SAMARINDA,6472,"20,884",Tangki/SPAL
KALIMANTAN TIMUR,KOTA SAMARINDA,6472,"3,103",Lubang Tanah
KALIMANTAN TIMUR,KOTA SAMARINDA,6472,"3,327",Lainnya
KALIMANTAN TIMUR,KOTA BONTANG,6474,"5,426",Tangki/SPAL
KALIMANTAN TIMUR,KOTA BONTANG,6474,387,Lubang Tanah
KALIMANTAN TIMUR,KOTA BONTANG,6474,"1,627",Lainnya
KALIMANTAN UTARA,MALINAU,6501,621,Tangki/SPAL
KALIMANTAN UTARA,MALINAU,6501,"2,327",Lubang Tanah
KALIMANTAN UTARA,MALINAU,6501,"1,706",Lainnya
KALIMANTAN UTARA,BULUNGAN,6502,"1,204",Tangki/SPAL
KALIMANTAN UTARA,BULUNGAN,6502,"2,444",Lubang Tanah
KALIMANTAN UTARA,BULUNGAN,6502,"1,747",Lainnya
KALIMANTAN UTARA,TANA TIDUNG,6503,280,Tangki/SPAL
KALIMANTAN UTARA,TANA TIDUNG,6503,128,Lubang Tanah
KALIMANTAN UTARA,TANA TIDUNG,6503,285,Lainnya
KALIMANTAN UTARA,NUNUKAN,6504,"3,627",Tangki/SPAL
KALIMANTAN UTARA,NUNUKAN,6504,"3,528",Lubang Tanah
KALIMANTAN UTARA,NUNUKAN,6504,"5,745",Lainnya
KALIMANTAN UTARA,KOTA TARAKAN,6571,"6,679",Tangki/SPAL
KALIMANTAN UTARA,KOTA TARAKAN,6571,203,Lubang Tanah
KALIMANTAN UTARA,KOTA TARAKAN,6571,"3,298",Lainnya
SULAWESI UTARA,BOLAANG MONGONDOW,7101,"9,182",Tangki/SPAL
SULAWESI UTARA,BOLAANG MONGONDOW,7101,"2,851",Lubang Tanah
SULAWESI UTARA,BOLAANG MONGONDOW,7101,"13,759",Lainnya
SULAWESI UTARA,MINAHASA,7102,"5,392",Tangki/SPAL
SULAWESI UTARA,MINAHASA,7102,"13,464",Lubang Tanah
SULAWESI UTARA,MINAHASA,7102,"1,679",Lainnya
SULAWESI UTARA,KEPULAUAN SANGIHE,7103,"4,540",Tangki/SPAL
SULAWESI UTARA,KEPULAUAN SANGIHE,7103,"1,021",Lubang Tanah
SULAWESI UTARA,KEPULAUAN SANGIHE,7103,"4,098",Lainnya
SULAWESI UTARA,KEPULAUAN TALAUD,7104,"2,345",Tangki/SPAL
SULAWESI UTARA,KEPULAUAN TALAUD,7104,"3,561",Lubang Tanah
SULAWESI UTARA,KEPULAUAN TALAUD,7104,"1,302",Lainnya
SULAWESI UTARA,MINAHASA SELATAN,7105,"10,193",Tangki/SPAL
SULAWESI UTARA,MINAHASA SELATAN,7105,"11,737",Lubang Tanah
SULAWESI UTARA,MINAHASA SELATAN,7105,"3,111",Lainnya
SULAWESI UTARA,MINAHASA UTARA,7106,"5,302",Tangki/SPAL
SULAWESI UTARA,MINAHASA UTARA,7106,"6,625",Lubang Tanah
SULAWESI UTARA,MINAHASA UTARA,7106,"4,479",Lainnya
SULAWESI UTARA,BOLAANG MONGONDOW UTARA,7107,"3,184",Tangki/SPAL
SULAWESI UTARA,BOLAANG MONGONDOW UTARA,7107,603,Lubang Tanah
SULAWESI UTARA,BOLAANG MONGONDOW UTARA,7107,"3,307",Lainnya
SULAWESI UTARA,SIAU TAGULANDANG BIARO,7108,19,Tangki/SPAL
SULAWESI UTARA,SIAU TAGULANDANG BIARO,7108,"2,235",Lubang Tanah
SULAWESI UTARA,SIAU TAGULANDANG BIARO,7108,592,Lainnya
SULAWESI UTARA,MINAHASA TENGGARA,7109,"4,220",Tangki/SPAL
SULAWESI UTARA,MINAHASA TENGGARA,7109,"3,185",Lubang Tanah
SULAWESI UTARA,MINAHASA TENGGARA,7109,"2,097",Lainnya
SULAWESI UTARA,BOLAANG MONGONDOW SELATAN,7110,"1,097",Tangki/SPAL
SULAWESI UTARA,BOLAANG MONGONDOW SELATAN,7110,469,Lubang Tanah
SULAWESI UTARA,BOLAANG MONGONDOW SELATAN,7110,"3,568",Lainnya
SULAWESI UTARA,BOLAANG MONGONDOW TIMUR,7111,"1,117",Tangki/SPAL
SULAWESI UTARA,BOLAANG MONGONDOW TIMUR,7111,879,Lubang Tanah
SULAWESI UTARA,BOLAANG MONGONDOW TIMUR,7111,"3,036",Lainnya
SULAWESI UTARA,KOTA MANADO,7171,"11,695",Tangki/SPAL
SULAWESI UTARA,KOTA MANADO,7171,"5,458",Lubang Tanah
SULAWESI UTARA,KOTA MANADO,7171,"2,154",Lainnya
SULAWESI UTARA,KOTA BITUNG,7172,"9,454",Tangki/SPAL
SULAWESI UTARA,KOTA BITUNG,7172,"1,750",Lubang Tanah
SULAWESI UTARA,KOTA BITUNG,7172,"1,881",Lainnya
SULAWESI UTARA,KOTA TOMOHON,7173,"6,562",Tangki/SPAL
SULAWESI UTARA,KOTA TOMOHON,7173,"1,046",Lubang Tanah
SULAWESI UTARA,KOTA TOMOHON,7173,66,Lainnya
SULAWESI UTARA,KOTAMOBAGU,7174,"3,217",Tangki/SPAL
SULAWESI UTARA,KOTAMOBAGU,7174,170,Lubang Tanah
SULAWESI UTARA,KOTAMOBAGU,7174,"4,320",Lainnya
SULAWESI TENGAH,BANGGAI KEPULAUAN,7201,"3,835",Tangki/SPAL
SULAWESI TENGAH,BANGGAI KEPULAUAN,7201,754,Lubang Tanah
SULAWESI TENGAH,BANGGAI KEPULAUAN,7201,"7,602",Lainnya
SULAWESI TENGAH,BANGGAI,7202,"9,900",Tangki/SPAL
SULAWESI TENGAH,BANGGAI,7202,"7,901",Lubang Tanah
SULAWESI TENGAH,BANGGAI,7202,"17,331",Lainnya
SULAWESI TENGAH,MOROWALI,7203,"2,839",Tangki/SPAL
SULAWESI TENGAH,MOROWALI,7203,"1,588",Lubang Tanah
SULAWESI TENGAH,MOROWALI,7203,"5,585",Lainnya
SULAWESI TENGAH,POSO,7204,"14,220",Tangki/SPAL
SULAWESI TENGAH,POSO,7204,"4,710",Lubang Tanah
SULAWESI TENGAH,POSO,7204,"5,307",Lainnya
SULAWESI TENGAH,DONGGALA,7205,"7,893",Tangki/SPAL
SULAWESI TENGAH,DONGGALA,7205,"1,682",Lubang Tanah
SULAWESI TENGAH,DONGGALA,7205,"22,720",Lainnya
SULAWESI TENGAH,TOLI-TOLI,7206,"4,607",Tangki/SPAL
SULAWESI TENGAH,TOLI-TOLI,7206,"1,103",Lubang Tanah
SULAWESI TENGAH,TOLI-TOLI,7206,"13,539",Lainnya
SULAWESI TENGAH,BUOL,7207,"2,955",Tangki/SPAL
SULAWESI TENGAH,BUOL,7207,"2,168",Lubang Tanah
SULAWESI TENGAH,BUOL,7207,"8,278",Lainnya
SULAWESI TENGAH,PARIGI MOUTONG,7208,"8,793",Tangki/SPAL
SULAWESI TENGAH,PARIGI MOUTONG,7208,"4,165",Lubang Tanah
SULAWESI TENGAH,PARIGI MOUTONG,7208,"31,028",Lainnya
SULAWESI TENGAH,TOJO UNA-UNA,7209,"2,545",Tangki/SPAL
SULAWESI TENGAH,TOJO UNA-UNA,7209,"1,576",Lubang Tanah
SULAWESI TENGAH,TOJO UNA-UNA,7209,"10,232",Lainnya
SULAWESI TENGAH,SIGI,7210,"6,887",Tangki/SPAL
SULAWESI TENGAH,SIGI,7210,954,Lubang Tanah
SULAWESI TENGAH,SIGI,7210,"14,242",Lainnya
SULAWESI TENGAH,BANGGAI LAUT,7211,"1,242",Tangki/SPAL
SULAWESI TENGAH,BANGGAI LAUT,7211,215,Lubang Tanah
SULAWESI TENGAH,BANGGAI LAUT,7211,"2,812",Lainnya
SULAWESI TENGAH,MOROWALI UTARA,7212,"2,435",Tangki/SPAL
SULAWESI TENGAH,MOROWALI UTARA,7212,"3,258",Lubang Tanah
SULAWESI TENGAH,MOROWALI UTARA,7212,"4,198",Lainnya
SULAWESI TENGAH,KOTA PALU,7271,"10,628",Tangki/SPAL
SULAWESI TENGAH,KOTA PALU,7271,338,Lubang Tanah
SULAWESI TENGAH,KOTA PALU,7271,"2,237",Lainnya
SULAWESI SELATAN,KEPULAUAN SELAYAR,7301,"4,988",Tangki/SPAL
SULAWESI SELATAN,KEPULAUAN SELAYAR,7301,137,Lubang Tanah
SULAWESI SELATAN,KEPULAUAN SELAYAR,7301,"8,450",Lainnya
SULAWESI SELATAN,BULUKUMBA,7302,"15,065",Tangki/SPAL
SULAWESI SELATAN,BULUKUMBA,7302,"10,357",Lubang Tanah
SULAWESI SELATAN,BULUKUMBA,7302,"10,111",Lainnya
SULAWESI SELATAN,BANTAENG,7303,"6,239",Tangki/SPAL
SULAWESI SELATAN,BANTAENG,7303,"2,700",Lubang Tanah
SULAWESI SELATAN,BANTAENG,7303,"7,899",Lainnya
SULAWESI SELATAN,JENEPONTO,7304,"15,702",Tangki/SPAL
SULAWESI SELATAN,JENEPONTO,7304,"8,113",Lubang Tanah
SULAWESI SELATAN,JENEPONTO,7304,"27,794",Lainnya
SULAWESI SELATAN,TAKALAR,7305,"20,500",Tangki/SPAL
SULAWESI SELATAN,TAKALAR,7305,"2,287",Lubang Tanah
SULAWESI SELATAN,TAKALAR,7305,"11,351",Lainnya
SULAWESI SELATAN,GOWA,7306,"42,468",Tangki/SPAL
SULAWESI SELATAN,GOWA,7306,"15,979",Lubang Tanah
SULAWESI SELATAN,GOWA,7306,"11,576",Lainnya
SULAWESI SELATAN,SINJAI,7307,"5,025",Tangki/SPAL
SULAWESI SELATAN,SINJAI,7307,"8,666",Lubang Tanah
SULAWESI SELATAN,SINJAI,7307,"7,180",Lainnya
SULAWESI SELATAN,MAROS,7308,"12,784",Tangki/SPAL
SULAWESI SELATAN,MAROS,7308,"3,987",Lubang Tanah
SULAWESI SELATAN,MAROS,7308,"13,717",Lainnya
SULAWESI SELATAN,PANGKAJENE DAN KEPULAUAN,7309,"10,966",Tangki/SPAL
SULAWESI SELATAN,PANGKAJENE DAN KEPULAUAN,7309,"2,657",Lubang Tanah
SULAWESI SELATAN,PANGKAJENE DAN KEPULAUAN,7309,"18,464",Lainnya
SULAWESI SELATAN,BARRU,7310,"9,660",Tangki/SPAL
SULAWESI SELATAN,BARRU,7310,"2,054",Lubang Tanah
SULAWESI SELATAN,BARRU,7310,"4,811",Lainnya
SULAWESI SELATAN,BONE,7311,"34,739",Tangki/SPAL
SULAWESI SELATAN,BONE,7311,"12,443",Lubang Tanah
SULAWESI SELATAN,BONE,7311,"32,973",Lainnya
SULAWESI SELATAN,SOPPENG,7312,"13,058",Tangki/SPAL
SULAWESI SELATAN,SOPPENG,7312,"4,912",Lubang Tanah
SULAWESI SELATAN,SOPPENG,7312,"3,682",Lainnya
SULAWESI SELATAN,WAJO,7313,"17,894",Tangki/SPAL
SULAWESI SELATAN,WAJO,7313,"4,720",Lubang Tanah
SULAWESI SELATAN,WAJO,7313,"7,270",Lainnya
SULAWESI SELATAN,SIDENRENG RAPPANG,7314,"14,455",Tangki/SPAL
SULAWESI SELATAN,SIDENRENG RAPPANG,7314,"1,087",Lubang Tanah
SULAWESI SELATAN,SIDENRENG RAPPANG,7314,"5,888",Lainnya
SULAWESI SELATAN,PINRANG,7315,"14,107",Tangki/SPAL
SULAWESI SELATAN,PINRANG,7315,"1,484",Lubang Tanah
SULAWESI SELATAN,PINRANG,7315,"7,416",Lainnya
SULAWESI SELATAN,ENREKANG,7316,"10,530",Tangki/SPAL
SULAWESI SELATAN,ENREKANG,7316,"3,682",Lubang Tanah
SULAWESI SELATAN,ENREKANG,7316,"5,607",Lainnya
SULAWESI SELATAN,LUWU,7317,"10,016",Tangki/SPAL
SULAWESI SELATAN,LUWU,7317,"3,427",Lubang Tanah
SULAWESI SELATAN,LUWU,7317,"20,254",Lainnya
SULAWESI SELATAN,TANA TORAJA,7318,"3,904",Tangki/SPAL
SULAWESI SELATAN,TANA TORAJA,7318,"16,087",Lubang Tanah
SULAWESI SELATAN,TANA TORAJA,7318,"4,266",Lainnya
SULAWESI SELATAN,LUWU UTARA,7322,"12,972",Tangki/SPAL
SULAWESI SELATAN,LUWU UTARA,7322,"6,978",Lubang Tanah
SULAWESI SELATAN,LUWU UTARA,7322,"12,013",Lainnya
SULAWESI SELATAN,LUWU TIMUR,7325,"6,973",Tangki/SPAL
SULAWESI SELATAN,LUWU TIMUR,7325,"5,809",Lubang Tanah
SULAWESI SELATAN,LUWU TIMUR,7325,"5,731",Lainnya
SULAWESI SELATAN,TORAJA UTARA,7326,"6,060",Tangki/SPAL
SULAWESI SELATAN,TORAJA UTARA,7326,"13,583",Lubang Tanah
SULAWESI SELATAN,TORAJA UTARA,7326,"4,022",Lainnya
SULAWESI SELATAN,KOTA MAKASSAR,7371,"44,091",Tangki/SPAL
SULAWESI SELATAN,KOTA MAKASSAR,7371,"2,165",Lubang Tanah
SULAWESI SELATAN,KOTA MAKASSAR,7371,"4,260",Lainnya
SULAWESI SELATAN,KOTA PAREPARE,7372,"5,892",Tangki/SPAL
SULAWESI SELATAN,KOTA PAREPARE,7372,204,Lubang Tanah
SULAWESI SELATAN,KOTA PAREPARE,7372,"1,039",Lainnya
SULAWESI SELATAN,KOTA PALOPO,7373,"4,273",Tangki/SPAL
SULAWESI SELATAN,KOTA PALOPO,7373,390,Lubang Tanah
SULAWESI SELATAN,KOTA PALOPO,7373,"2,612",Lainnya
SULAWESI TENGGARA,BUTON,7401,"4,887",Tangki/SPAL
SULAWESI TENGGARA,BUTON,7401,520,Lubang Tanah
SULAWESI TENGGARA,BUTON,7401,"5,059",Lainnya
SULAWESI TENGGARA,MUNA,7402,"8,427",Tangki/SPAL
SULAWESI TENGGARA,MUNA,7402,"5,227",Lubang Tanah
SULAWESI TENGGARA,MUNA,7402,"11,793",Lainnya
SULAWESI TENGGARA,KONAWE,7403,"9,572",Tangki/SPAL
SULAWESI TENGGARA,KONAWE,7403,"4,508",Lubang Tanah
SULAWESI TENGGARA,KONAWE,7403,"6,787",Lainnya
SULAWESI TENGGARA,KOLAKA,7404,"4,690",Tangki/SPAL
SULAWESI TENGGARA,KOLAKA,7404,"2,260",Lubang Tanah
SULAWESI TENGGARA,KOLAKA,7404,"6,147",Lainnya
SULAWESI TENGGARA,KONAWE SELATAN,7405,"5,135",Tangki/SPAL
SULAWESI TENGGARA,KONAWE SELATAN,7405,"9,177",Lubang Tanah
SULAWESI TENGGARA,KONAWE SELATAN,7405,"8,966",Lainnya
SULAWESI TENGGARA,BOMBANA,7406,"5,595",Tangki/SPAL
SULAWESI TENGGARA,BOMBANA,7406,"1,050",Lubang Tanah
SULAWESI TENGGARA,BOMBANA,7406,"9,918",Lainnya
SULAWESI TENGGARA,WAKATOBI,7407,"3,158",Tangki/SPAL
SULAWESI TENGGARA,WAKATOBI,7407,467,Lubang Tanah
SULAWESI TENGGARA,WAKATOBI,7407,"3,388",Lainnya
SULAWESI TENGGARA,KOLAKA UTARA,7408,"8,176",Tangki/SPAL
SULAWESI TENGGARA,KOLAKA UTARA,7408,"2,162",Lubang Tanah
SULAWESI TENGGARA,KOLAKA UTARA,7408,"6,308",Lainnya
SULAWESI TENGGARA,BUTON UTARA,7409,"1,546",Tangki/SPAL
SULAWESI TENGGARA,BUTON UTARA,7409,"1,835",Lubang Tanah
SULAWESI TENGGARA,BUTON UTARA,7409,"3,485",Lainnya
SULAWESI TENGGARA,KONAWE UTARA,7410,"1,860",Tangki/SPAL
SULAWESI TENGGARA,KONAWE UTARA,7410,603,Lubang Tanah
SULAWESI TENGGARA,KONAWE UTARA,7410,"2,891",Lainnya
SULAWESI TENGGARA,KOLAKA TIMUR,7411,"2,610",Tangki/SPAL
SULAWESI TENGGARA,KOLAKA TIMUR,7411,"3,367",Lubang Tanah
SULAWESI TENGGARA,KOLAKA TIMUR,7411,"3,856",Lainnya
SULAWESI TENGGARA,KONAWE KEPULAUAN,7412,"1,882",Tangki/SPAL
SULAWESI TENGGARA,KONAWE KEPULAUAN,7412,367,Lubang Tanah
SULAWESI TENGGARA,KONAWE KEPULAUAN,7412,"3,151",Lainnya
SULAWESI TENGGARA,MUNA BARAT,7413,"1,670",Tangki/SPAL
SULAWESI TENGGARA,MUNA BARAT,7413,"3,615",Lubang Tanah
SULAWESI TENGGARA,MUNA BARAT,7413,"6,320",Lainnya
SULAWESI TENGGARA,BUTON TENGAH,7414,"5,794",Tangki/SPAL
SULAWESI TENGGARA,BUTON TENGAH,7414,"2,522",Lubang Tanah
SULAWESI TENGGARA,BUTON TENGAH,7414,"4,648",Lainnya
SULAWESI TENGGARA,BUTON SELATAN,7415,"2,941",Tangki/SPAL
SULAWESI TENGGARA,BUTON SELATAN,7415,"3,083",Lubang Tanah
SULAWESI TENGGARA,BUTON SELATAN,7415,"3,553",Lainnya
SULAWESI TENGGARA,KOTA KENDARI,7471,"13,292",Tangki/SPAL
SULAWESI TENGGARA,KOTA KENDARI,7471,"1,268",Lubang Tanah
SULAWESI TENGGARA,KOTA KENDARI,7471,"2,929",Lainnya
SULAWESI TENGGARA,KOTA BAUBAU,7472,"10,648",Tangki/SPAL
SULAWESI TENGGARA,KOTA BAUBAU,7472,"1,024",Lubang Tanah
SULAWESI TENGGARA,KOTA BAUBAU,7472,922,Lainnya
GORONTALO,BOALEMO,7501,"4,519",Tangki/SPAL
GORONTALO,BOALEMO,7501,"1,099",Lubang Tanah
GORONTALO,BOALEMO,7501,"9,118",Lainnya
GORONTALO,GORONTALO,7502,"19,373",Tangki/SPAL
GORONTALO,GORONTALO,7502,"1,470",Lubang Tanah
GORONTALO,GORONTALO,7502,"23,885",Lainnya
GORONTALO,POHUWATO,7503,"3,177",Tangki/SPAL
GORONTALO,POHUWATO,7503,"1,003",Lubang Tanah
GORONTALO,POHUWATO,7503,"7,178",Lainnya
GORONTALO,BONE BOLANGO,7504,"5,306",Tangki/SPAL
GORONTALO,BONE BOLANGO,7504,212,Lubang Tanah
GORONTALO,BONE BOLANGO,7504,"8,592",Lainnya
GORONTALO,GORONTALO UTARA,7505,"2,642",Tangki/SPAL
GORONTALO,GORONTALO UTARA,7505,330,Lubang Tanah
GORONTALO,GORONTALO UTARA,7505,"9,001",Lainnya
GORONTALO,KOTA GORONTALO,7571,"10,316",Tangki/SPAL
GORONTALO,KOTA GORONTALO,7571,321,Lubang Tanah
GORONTALO,KOTA GORONTALO,7571,"2,369",Lainnya
SULAWESI BARAT,MAJENE,7601,"8,302",Tangki/SPAL
SULAWESI BARAT,MAJENE,7601,684,Lubang Tanah
SULAWESI BARAT,MAJENE,7601,"9,118",Lainnya
SULAWESI BARAT,POLEWALI MANDAR,7602,"17,825",Tangki/SPAL
SULAWESI BARAT,POLEWALI MANDAR,7602,"2,806",Lubang Tanah
SULAWESI BARAT,POLEWALI MANDAR,7602,"22,304",Lainnya
SULAWESI BARAT,MAMASA,7603,"3,834",Tangki/SPAL
SULAWESI BARAT,MAMASA,7603,"7,168",Lubang Tanah
SULAWESI BARAT,MAMASA,7603,"9,716",Lainnya
SULAWESI BARAT,MAMUJU,7604,"3,974",Tangki/SPAL
SULAWESI BARAT,MAMUJU,7604,"1,685",Lubang Tanah
SULAWESI BARAT,MAMUJU,7604,"12,919",Lainnya
SULAWESI BARAT,MAMUJU UTARA,7605,"3,048",Tangki/SPAL
SULAWESI BARAT,MAMUJU UTARA,7605,"1,012",Lubang Tanah
SULAWESI BARAT,MAMUJU UTARA,7605,"5,908",Lainnya
SULAWESI BARAT,MAMUJU TENGAH,7606,"1,511",Tangki/SPAL
SULAWESI BARAT,MAMUJU TENGAH,7606,"1,620",Lubang Tanah
SULAWESI BARAT,MAMUJU TENGAH,7606,"3,764",Lainnya
MALUKU,MALUKU TENGGARA BARAT,8101,"5,385",Tangki/SPAL
MALUKU,MALUKU TENGGARA BARAT,8101,931,Lubang Tanah
MALUKU,MALUKU TENGGARA BARAT,8101,"5,434",Lainnya
MALUKU,MALUKU TENGGARA,8102,"2,484",Tangki/SPAL
MALUKU,MALUKU TENGGARA,8102,748,Lubang Tanah
MALUKU,MALUKU TENGGARA,8102,"3,726",Lainnya
MALUKU,MALUKU TENGAH,8103,"14,872",Tangki/SPAL
MALUKU,MALUKU TENGAH,8103,"5,098",Lubang Tanah
MALUKU,MALUKU TENGAH,8103,"17,562",Lainnya
MALUKU,BURU,8104,"2,172",Tangki/SPAL
MALUKU,BURU,8104,931,Lubang Tanah
MALUKU,BURU,8104,"5,424",Lainnya
MALUKU,KEPULAUAN ARU,8105,"1,093",Tangki/SPAL
MALUKU,KEPULAUAN ARU,8105,30,Lubang Tanah
MALUKU,KEPULAUAN ARU,8105,"5,577",Lainnya
MALUKU,SERAM BAGIAN BARAT,8106,"6,094",Tangki/SPAL
MALUKU,SERAM BAGIAN BARAT,8106,"1,021",Lubang Tanah
MALUKU,SERAM BAGIAN BARAT,8106,"12,714",Lainnya
MALUKU,SERAM BAGIAN TIMUR,8107,567,Tangki/SPAL
MALUKU,SERAM BAGIAN TIMUR,8107,423,Lubang Tanah
MALUKU,SERAM BAGIAN TIMUR,8107,"7,995",Lainnya
MALUKU,MALUKU BARAT DAYA,8108,"3,890",Tangki/SPAL
MALUKU,MALUKU BARAT DAYA,8108,"1,163",Lubang Tanah
MALUKU,MALUKU BARAT DAYA,8108,"4,991",Lainnya
MALUKU,BURU SELATAN,8109,"1,493",Tangki/SPAL
MALUKU,BURU SELATAN,8109,243,Lubang Tanah
MALUKU,BURU SELATAN,8109,"3,996",Lainnya
MALUKU,KOTA AMBON,8171,"14,913",Tangki/SPAL
MALUKU,KOTA AMBON,8171,272,Lubang Tanah
MALUKU,KOTA AMBON,8171,"3,880",Lainnya
MALUKU,KOTA TUAL,8172,"2,586",Tangki/SPAL
MALUKU,KOTA TUAL,8172,120,Lubang Tanah
MALUKU,KOTA TUAL,8172,"1,641",Lainnya
MALUKU UTARA,HALMAHERA BARAT,8201,"2,957",Tangki/SPAL
MALUKU UTARA,HALMAHERA BARAT,8201,"1,238",Lubang Tanah
MALUKU UTARA,HALMAHERA BARAT,8201,"2,968",Lainnya
MALUKU UTARA,HALMAHERA TENGAH,8202,"1,445",Tangki/SPAL
MALUKU UTARA,HALMAHERA TENGAH,8202,"1,055",Lubang Tanah
MALUKU UTARA,HALMAHERA TENGAH,8202,"1,548",Lainnya
MALUKU UTARA,KEPULAUAN SULA,8203,"1,207",Tangki/SPAL
MALUKU UTARA,KEPULAUAN SULA,8203,727,Lubang Tanah
MALUKU UTARA,KEPULAUAN SULA,8203,"2,413",Lainnya
MALUKU UTARA,HALMAHERA SELATAN,8204,"3,319",Tangki/SPAL
MALUKU UTARA,HALMAHERA SELATAN,8204,132,Lubang Tanah
MALUKU UTARA,HALMAHERA SELATAN,8204,"6,075",Lainnya
MALUKU UTARA,HALMAHERA UTARA,8205,"3,393",Tangki/SPAL
MALUKU UTARA,HALMAHERA UTARA,8205,"1,070",Lubang Tanah
MALUKU UTARA,HALMAHERA UTARA,8205,"2,040",Lainnya
MALUKU UTARA,HALMAHERA TIMUR,8206,"2,272",Tangki/SPAL
MALUKU UTARA,HALMAHERA TIMUR,8206,"1,022",Lubang Tanah
MALUKU UTARA,HALMAHERA TIMUR,8206,"2,983",Lainnya
MALUKU UTARA,PULAU MOROTAI,8207,878,Tangki/SPAL
MALUKU UTARA,PULAU MOROTAI,8207,109,Lubang Tanah
MALUKU UTARA,PULAU MOROTAI,8207,"2,521",Lainnya
MALUKU UTARA,PULAU TALIABU,8208,580,Tangki/SPAL
MALUKU UTARA,PULAU TALIABU,8208,48,Lubang Tanah
MALUKU UTARA,PULAU TALIABU,8208,"1,866",Lainnya
MALUKU UTARA,KOTA TERNATE,8271,"2,788",Tangki/SPAL
MALUKU UTARA,KOTA TERNATE,8271,142,Lubang Tanah
MALUKU UTARA,KOTA TERNATE,8271,589,Lainnya
MALUKU UTARA,KOTA TIDORE KEPULAUAN,8272,"5,190",Tangki/SPAL
MALUKU UTARA,KOTA TIDORE KEPULAUAN,8272,42,Lubang Tanah
MALUKU UTARA,KOTA TIDORE KEPULAUAN,8272,845,Lainnya
PAPUA BARAT,FAKFAK,9101,"4,339",Tangki/SPAL
PAPUA BARAT,FAKFAK,9101,"1,526",Lubang Tanah
PAPUA BARAT,FAKFAK,9101,"2,215",Lainnya
PAPUA BARAT,KAIMANA,9102,"2,447",Tangki/SPAL
PAPUA BARAT,KAIMANA,9102,363,Lubang Tanah
PAPUA BARAT,KAIMANA,9102,"1,714",Lainnya
PAPUA BARAT,TELUK WONDAMA,9103,"2,007",Tangki/SPAL
PAPUA BARAT,TELUK WONDAMA,9103,30,Lubang Tanah
PAPUA BARAT,TELUK WONDAMA,9103,529,Lainnya
PAPUA BARAT,TELUK BINTUNI,9104,"2,098",Tangki/SPAL
PAPUA BARAT,TELUK BINTUNI,9104,994,Lubang Tanah
PAPUA BARAT,TELUK BINTUNI,9104,"1,876",Lainnya
PAPUA BARAT,MANOKWARI,9105,"5,725",Tangki/SPAL
PAPUA BARAT,MANOKWARI,9105,"2,940",Lubang Tanah
PAPUA BARAT,MANOKWARI,9105,"2,081",Lainnya
PAPUA BARAT,SORONG SELATAN,9106,"1,257",Tangki/SPAL
PAPUA BARAT,SORONG SELATAN,9106,217,Lubang Tanah
PAPUA BARAT,SORONG SELATAN,9106,"1,864",Lainnya
PAPUA BARAT,SORONG,9107,"3,753",Tangki/SPAL
PAPUA BARAT,SORONG,9107,"3,053",Lubang Tanah
PAPUA BARAT,SORONG,9107,"1,231",Lainnya
PAPUA BARAT,RAJA AMPAT,9108,"2,485",Tangki/SPAL
PAPUA BARAT,RAJA AMPAT,9108,349,Lubang Tanah
PAPUA BARAT,RAJA AMPAT,9108,"1,472",Lainnya
PAPUA BARAT,TAMBRAUW,9109,"1,479",Tangki/SPAL
PAPUA BARAT,TAMBRAUW,9109,178,Lubang Tanah
PAPUA BARAT,TAMBRAUW,9109,678,Lainnya
PAPUA BARAT,MAYBRAT,9110,"3,422",Tangki/SPAL
PAPUA BARAT,MAYBRAT,9110,361,Lubang Tanah
PAPUA BARAT,MAYBRAT,9110,447,Lainnya
PAPUA BARAT,MANOKWARI SELATAN,9111,"1,926",Tangki/SPAL
PAPUA BARAT,MANOKWARI SELATAN,9111,671,Lubang Tanah
PAPUA BARAT,MANOKWARI SELATAN,9111,"1,096",Lainnya
PAPUA BARAT,PEGUNUNGAN ARFAK,9112,"1,369",Tangki/SPAL
PAPUA BARAT,PEGUNUNGAN ARFAK,9112,"4,330",Lubang Tanah
PAPUA BARAT,PEGUNUNGAN ARFAK,9112,"1,157",Lainnya
PAPUA BARAT,KOTA SORONG,9171,"6,760",Tangki/SPAL
PAPUA BARAT,KOTA SORONG,9171,"2,369",Lubang Tanah
PAPUA BARAT,KOTA SORONG,9171,"2,845",Lainnya
PAPUA,MERAUKE,9401,"2,505",Tangki/SPAL
PAPUA,MERAUKE,9401,"9,308",Lubang Tanah
PAPUA,MERAUKE,9401,"1,250",Lainnya
PAPUA,JAYAWIJAYA,9402,122,Tangki/SPAL
PAPUA,JAYAWIJAYA,9402,"1,722",Lubang Tanah
PAPUA,JAYAWIJAYA,9402,"11,302",Lainnya
PAPUA,JAYAPURA,9403,"2,483",Tangki/SPAL
PAPUA,JAYAPURA,9403,"2,504",Lubang Tanah
PAPUA,JAYAPURA,9403,"4,346",Lainnya
PAPUA,NABIRE,9404,"3,526",Tangki/SPAL
PAPUA,NABIRE,9404,"3,965",Lubang Tanah
PAPUA,NABIRE,9404,"1,793",Lainnya
PAPUA,KEPULAUAN YAPEN,9408,"2,276",Tangki/SPAL
PAPUA,KEPULAUAN YAPEN,9408,"3,112",Lubang Tanah
PAPUA,KEPULAUAN YAPEN,9408,"2,678",Lainnya
PAPUA,BIAK NUMFOR,9409,"5,529",Tangki/SPAL
PAPUA,BIAK NUMFOR,9409,"7,372",Lubang Tanah
PAPUA,BIAK NUMFOR,9409,950,Lainnya
PAPUA,PANIAI,9410,11,Tangki/SPAL
PAPUA,PANIAI,9410,"6,618",Lubang Tanah
PAPUA,PANIAI,9410,254,Lainnya
PAPUA,PUNCAK JAYA,9411,64,Tangki/SPAL
PAPUA,PUNCAK JAYA,9411,"1,343",Lubang Tanah
PAPUA,PUNCAK JAYA,9411,"5,575",Lainnya
PAPUA,MIMIKA,9412,"5,562",Tangki/SPAL
PAPUA,MIMIKA,9412,"4,800",Lubang Tanah
PAPUA,MIMIKA,9412,"2,890",Lainnya
PAPUA,BOVEN DIGOEL,9413,435,Tangki/SPAL
PAPUA,BOVEN DIGOEL,9413,543,Lubang Tanah
PAPUA,BOVEN DIGOEL,9413,"4,368",Lainnya
PAPUA,MAPPI,9414,498,Tangki/SPAL
PAPUA,MAPPI,9414,"2,477",Lubang Tanah
PAPUA,MAPPI,9414,"7,455",Lainnya
PAPUA,ASMAT,9415,33,Tangki/SPAL
PAPUA,ASMAT,9415,"2,010",Lubang Tanah
PAPUA,ASMAT,9415,"9,841",Lainnya
PAPUA,YAHUKIMO,9416,12,Tangki/SPAL
PAPUA,YAHUKIMO,9416,"1,262",Lubang Tanah
PAPUA,YAHUKIMO,9416,"8,702",Lainnya
PAPUA,PEGUNUNGAN BINTANG,9417,925,Tangki/SPAL
PAPUA,PEGUNUNGAN BINTANG,9417,"7,782",Lubang Tanah
PAPUA,PEGUNUNGAN BINTANG,9417,"4,142",Lainnya
PAPUA,TOLIKARA,9418,182,Tangki/SPAL
PAPUA,TOLIKARA,9418,398,Lubang Tanah
PAPUA,TOLIKARA,9418,"3,706",Lainnya
PAPUA,SARMI,9419,306,Tangki/SPAL
PAPUA,SARMI,9419,865,Lubang Tanah
PAPUA,SARMI,9419,892,Lainnya
PAPUA,KEEROM,9420,590,Tangki/SPAL
PAPUA,KEEROM,9420,"4,378",Lubang Tanah
PAPUA,KEEROM,9420,"1,256",Lainnya
PAPUA,WAROPEN,9426,131,Tangki/SPAL
PAPUA,WAROPEN,9426,"1,415",Lubang Tanah
PAPUA,WAROPEN,9426,57,Lainnya
PAPUA,SUPIORI,9427,"1,365",Tangki/SPAL
PAPUA,SUPIORI,9427,63,Lubang Tanah
PAPUA,SUPIORI,9427,604,Lainnya
PAPUA,MAMBERAMO RAYA,9428,89,Tangki/SPAL
PAPUA,MAMBERAMO RAYA,9428,227,Lubang Tanah
PAPUA,MAMBERAMO RAYA,9428,372,Lainnya
PAPUA,NDUGA,9429,0,Tangki/SPAL
PAPUA,NDUGA,9429,0,Lubang Tanah
PAPUA,NDUGA,9429,0,Lainnya
PAPUA,LANNY JAYA,9430,3,Tangki/SPAL
PAPUA,LANNY JAYA,9430,"3,097",Lubang Tanah
PAPUA,LANNY JAYA,9430,"2,529",Lainnya
PAPUA,MAMBERAMO TENGAH,9431,0,Tangki/SPAL
PAPUA,MAMBERAMO TENGAH,9431,301,Lubang Tanah
PAPUA,MAMBERAMO TENGAH,9431,386,Lainnya
PAPUA,YALIMO,9432,2,Tangki/SPAL
PAPUA,YALIMO,9432,"2,107",Lubang Tanah
PAPUA,YALIMO,9432,"2,782",Lainnya
PAPUA,PUNCAK,9433,3,Tangki/SPAL
PAPUA,PUNCAK,9433,"4,156",Lubang Tanah
PAPUA,PUNCAK,9433,"7,167",Lainnya
PAPUA,DOGIYAI,9434,47,Tangki/SPAL
PAPUA,DOGIYAI,9434,"1,930",Lubang Tanah
PAPUA,DOGIYAI,9434,"2,606",Lainnya
PAPUA,INTAN JAYA,9435,0,Tangki/SPAL
PAPUA,INTAN JAYA,9435,201,Lubang Tanah
PAPUA,INTAN JAYA,9435,5,Lainnya
PAPUA,DEIYAI,9436,10,Tangki/SPAL
PAPUA,DEIYAI,9436,"2,901",Lubang Tanah
PAPUA,DEIYAI,9436,80,Lainnya
PAPUA,KOTA JAYAPURA,9471,"8,384",Tangki/SPAL
PAPUA,KOTA JAYAPURA,9471,"4,093",Lubang Tanah
PAPUA,KOTA JAYAPURA,9471,"3,699",Lainnya
