Provinsi,NamaKab/Kota,KodeKab/Kota,Usia,Jumlah Anak yang Bersekolah,Jumlah Anak yang Tidak Bersekolah
ACEH,SIMEULUE,1101,Usia 7-12tahun,"7,926",557
ACEH,SIMEULUE,1101,Usia 13-15tahun,"3,010",211
ACEH,SIMEULUE,1101,Usia 16-18tahun,"1,867",766
ACEH,ACEH SINGKIL,1102,Usia 7-12tahun,"9,505","1,232"
ACEH,ACEH SINGKIL,1102,Usia 13-15tahun,"4,113",474
ACEH,ACEH SINGKIL,1102,Usia 16-18tahun,"2,626","1,474"
ACEH,ACEH SELATAN,1103,Usia 7-12tahun,"15,193","1,238"
ACEH,ACEH SELATAN,1103,Usia 13-15tahun,"7,844",713
ACEH,ACEH SELATAN,1103,Usia 16-18tahun,"4,279","2,969"
ACEH,ACEH TENGGARA,1104,Usia 7-12tahun,"13,466","1,092"
ACEH,ACEH TENGGARA,1104,Usia 13-15tahun,"6,525",448
ACEH,ACEH TENGGARA,1104,Usia 16-18tahun,"4,118","2,013"
ACEH,ACEH TIMUR,1105,Usia 7-12tahun,"32,882","2,340"
ACEH,ACEH TIMUR,1105,Usia 13-15tahun,"13,236","2,603"
ACEH,ACEH TIMUR,1105,Usia 16-18tahun,"6,250","7,677"
ACEH,ACEH TENGAH,1106,Usia 7-12tahun,"10,192",912
ACEH,ACEH TENGAH,1106,Usia 13-15tahun,"4,514",390
ACEH,ACEH TENGAH,1106,Usia 16-18tahun,"2,599","1,710"
ACEH,ACEH BARAT,1107,Usia 7-12tahun,"9,446",942
ACEH,ACEH BARAT,1107,Usia 13-15tahun,"4,282",408
ACEH,ACEH BARAT,1107,Usia 16-18tahun,"2,822","1,517"
ACEH,ACEH BESAR,1108,Usia 7-12tahun,"23,573","1,878"
ACEH,ACEH BESAR,1108,Usia 13-15tahun,"9,085",750
ACEH,ACEH BESAR,1108,Usia 16-18tahun,"5,170","2,952"
ACEH,PIDIE,1109,Usia 7-12tahun,"33,822","1,886"
ACEH,PIDIE,1109,Usia 13-15tahun,"14,349","1,302"
ACEH,PIDIE,1109,Usia 16-18tahun,"7,214","5,994"
ACEH,BIREUEN,1110,Usia 7-12tahun,"30,425","2,358"
ACEH,BIREUEN,1110,Usia 13-15tahun,"14,289","1,554"
ACEH,BIREUEN,1110,Usia 16-18tahun,"7,834","6,023"
ACEH,ACEH UTARA,1111,Usia 7-12tahun,"48,328","4,280"
ACEH,ACEH UTARA,1111,Usia 13-15tahun,"22,416","2,754"
ACEH,ACEH UTARA,1111,Usia 16-18tahun,"11,272","9,327"
ACEH,ACEH BARAT DAYA,1112,Usia 7-12tahun,"10,195",660
ACEH,ACEH BARAT DAYA,1112,Usia 13-15tahun,"5,147",519
ACEH,ACEH BARAT DAYA,1112,Usia 16-18tahun,"2,809","2,266"
ACEH,GAYO LUES,1113,Usia 7-12tahun,"5,204",591
ACEH,GAYO LUES,1113,Usia 13-15tahun,"2,540",327
ACEH,GAYO LUES,1113,Usia 16-18tahun,"1,725",971
ACEH,ACEH TAMIANG,1114,Usia 7-12tahun,"17,126",754
ACEH,ACEH TAMIANG,1114,Usia 13-15tahun,"7,057",930
ACEH,ACEH TAMIANG,1114,Usia 16-18tahun,"3,353","3,379"
ACEH,NAGAN RAYA,1115,Usia 7-12tahun,"8,371","1,041"
ACEH,NAGAN RAYA,1115,Usia 13-15tahun,"4,289",464
ACEH,NAGAN RAYA,1115,Usia 16-18tahun,"2,633","1,530"
ACEH,ACEH JAYA,1116,Usia 7-12tahun,"4,663",300
ACEH,ACEH JAYA,1116,Usia 13-15tahun,"1,837",155
ACEH,ACEH JAYA,1116,Usia 16-18tahun,"1,188",715
ACEH,BENER MERIAH,1117,Usia 7-12tahun,"6,791",709
ACEH,BENER MERIAH,1117,Usia 13-15tahun,"2,870",214
ACEH,BENER MERIAH,1117,Usia 16-18tahun,"1,457",898
ACEH,PIDIE JAYA,1118,Usia 7-12tahun,"11,855",608
ACEH,PIDIE JAYA,1118,Usia 13-15tahun,"5,470",354
ACEH,PIDIE JAYA,1118,Usia 16-18tahun,"2,805","2,063"
ACEH,KOTA BANDA ACEH,1171,Usia 7-12tahun,"5,798",298
ACEH,KOTA BANDA ACEH,1171,Usia 13-15tahun,"1,945",88
ACEH,KOTA BANDA ACEH,1171,Usia 16-18tahun,"1,160",557
ACEH,KOTA SABANG,1172,Usia 7-12tahun,"1,437",107
ACEH,KOTA SABANG,1172,Usia 13-15tahun,560,38
ACEH,KOTA SABANG,1172,Usia 16-18tahun,308,160
ACEH,KOTA LANGSA,1173,Usia 7-12tahun,"7,909",286
ACEH,KOTA LANGSA,1173,Usia 13-15tahun,"3,507",340
ACEH,KOTA LANGSA,1173,Usia 16-18tahun,"1,770","1,529"
ACEH,KOTA LHOKSEUMAWE,1174,Usia 7-12tahun,"9,057",562
ACEH,KOTA LHOKSEUMAWE,1174,Usia 13-15tahun,"4,536",289
ACEH,KOTA LHOKSEUMAWE,1174,Usia 16-18tahun,"2,817","1,278"
ACEH,KOTA SUBULUSSALAM,1175,Usia 7-12tahun,"6,835",568
ACEH,KOTA SUBULUSSALAM,1175,Usia 13-15tahun,"3,087",236
ACEH,KOTA SUBULUSSALAM,1175,Usia 16-18tahun,"1,839",862
SUMATERA UTARA,NIAS,1201,Usia 7-12tahun,"19,389","3,566"
SUMATERA UTARA,NIAS,1201,Usia 13-15tahun,"7,081","1,883"
SUMATERA UTARA,NIAS,1201,Usia 16-18tahun,"4,310","3,586"
SUMATERA UTARA,MANDAILING NATAL,1202,Usia 7-12tahun,"29,118","2,654"
SUMATERA UTARA,MANDAILING NATAL,1202,Usia 13-15tahun,"9,570","2,110"
SUMATERA UTARA,MANDAILING NATAL,1202,Usia 16-18tahun,"3,918","4,362"
SUMATERA UTARA,TAPANULI SELATAN,1203,Usia 7-12tahun,"15,542","1,344"
SUMATERA UTARA,TAPANULI SELATAN,1203,Usia 13-15tahun,"5,195",950
SUMATERA UTARA,TAPANULI SELATAN,1203,Usia 16-18tahun,"2,132","2,113"
SUMATERA UTARA,TAPANULI TENGAH,1204,Usia 7-12tahun,"26,935","2,766"
SUMATERA UTARA,TAPANULI TENGAH,1204,Usia 13-15tahun,"10,398","1,425"
SUMATERA UTARA,TAPANULI TENGAH,1204,Usia 16-18tahun,"5,603","3,409"
SUMATERA UTARA,TAPANULI UTARA,1205,Usia 7-12tahun,"23,877",847
SUMATERA UTARA,TAPANULI UTARA,1205,Usia 13-15tahun,"9,356",398
SUMATERA UTARA,TAPANULI UTARA,1205,Usia 16-18tahun,"4,910","1,990"
SUMATERA UTARA,TOBA SAMOSIR,1206,Usia 7-12tahun,"10,341",577
SUMATERA UTARA,TOBA SAMOSIR,1206,Usia 13-15tahun,"3,642",175
SUMATERA UTARA,TOBA SAMOSIR,1206,Usia 16-18tahun,"1,655",619
SUMATERA UTARA,LABUHAN BATU,1207,Usia 7-12tahun,"16,673","2,058"
SUMATERA UTARA,LABUHAN BATU,1207,Usia 13-15tahun,"6,970","1,106"
SUMATERA UTARA,LABUHAN BATU,1207,Usia 16-18tahun,"3,325","3,237"
SUMATERA UTARA,ASAHAN,1208,Usia 7-12tahun,"26,939","2,134"
SUMATERA UTARA,ASAHAN,1208,Usia 13-15tahun,"9,445","2,132"
SUMATERA UTARA,ASAHAN,1208,Usia 16-18tahun,"3,394","5,130"
SUMATERA UTARA,SIMALUNGUN,1209,Usia 7-12tahun,"30,517","2,163"
SUMATERA UTARA,SIMALUNGUN,1209,Usia 13-15tahun,"11,874","1,281"
SUMATERA UTARA,SIMALUNGUN,1209,Usia 16-18tahun,"5,259","4,135"
SUMATERA UTARA,DAIRI,1210,Usia 7-12tahun,"19,118","1,026"
SUMATERA UTARA,DAIRI,1210,Usia 13-15tahun,"6,740",534
SUMATERA UTARA,DAIRI,1210,Usia 16-18tahun,"2,925","1,448"
SUMATERA UTARA,KARO,1211,Usia 7-12tahun,"19,399","1,768"
SUMATERA UTARA,KARO,1211,Usia 13-15tahun,"7,698",692
SUMATERA UTARA,KARO,1211,Usia 16-18tahun,"3,985","2,297"
SUMATERA UTARA,DELI SERDANG,1212,Usia 7-12tahun,"55,220","3,958"
SUMATERA UTARA,DELI SERDANG,1212,Usia 13-15tahun,"24,913","3,176"
SUMATERA UTARA,DELI SERDANG,1212,Usia 16-18tahun,"11,767","11,608"
SUMATERA UTARA,LANGKAT,1213,Usia 7-12tahun,"59,831","4,309"
SUMATERA UTARA,LANGKAT,1213,Usia 13-15tahun,"22,401","4,554"
SUMATERA UTARA,LANGKAT,1213,Usia 16-18tahun,"8,150","11,885"
SUMATERA UTARA,NIAS SELATAN,1214,Usia 7-12tahun,"34,271","8,257"
SUMATERA UTARA,NIAS SELATAN,1214,Usia 13-15tahun,"14,069","3,711"
SUMATERA UTARA,NIAS SELATAN,1214,Usia 16-18tahun,"9,217","6,731"
SUMATERA UTARA,HUMBANG HASUNDUTAN,1215,Usia 7-12tahun,"14,047",653
SUMATERA UTARA,HUMBANG HASUNDUTAN,1215,Usia 13-15tahun,"4,963",194
SUMATERA UTARA,HUMBANG HASUNDUTAN,1215,Usia 16-18tahun,"2,346",673
SUMATERA UTARA,PAKPAK BHARAT,1216,Usia 7-12tahun,"3,115",274
SUMATERA UTARA,PAKPAK BHARAT,1216,Usia 13-15tahun,"1,161",100
SUMATERA UTARA,PAKPAK BHARAT,1216,Usia 16-18tahun,467,215
SUMATERA UTARA,SAMOSIR,1217,Usia 7-12tahun,"9,596",458
SUMATERA UTARA,SAMOSIR,1217,Usia 13-15tahun,"3,503",136
SUMATERA UTARA,SAMOSIR,1217,Usia 16-18tahun,"1,451",564
SUMATERA UTARA,SERDANG BEDAGAI,1218,Usia 7-12tahun,"26,405","1,891"
SUMATERA UTARA,SERDANG BEDAGAI,1218,Usia 13-15tahun,"9,933","1,737"
SUMATERA UTARA,SERDANG BEDAGAI,1218,Usia 16-18tahun,"3,961","4,750"
SUMATERA UTARA,BATU BARA,1219,Usia 7-12tahun,"28,833","1,968"
SUMATERA UTARA,BATU BARA,1219,Usia 13-15tahun,"11,035","2,203"
SUMATERA UTARA,BATU BARA,1219,Usia 16-18tahun,"5,076","5,890"
SUMATERA UTARA,PADANG LAWAS UTARA,1220,Usia 7-12tahun,"12,744","1,243"
SUMATERA UTARA,PADANG LAWAS UTARA,1220,Usia 13-15tahun,"3,969",837
SUMATERA UTARA,PADANG LAWAS UTARA,1220,Usia 16-18tahun,"1,736","1,778"
SUMATERA UTARA,PADANG LAWAS,1221,Usia 7-12tahun,"17,047","1,661"
SUMATERA UTARA,PADANG LAWAS,1221,Usia 13-15tahun,"6,202","1,127"
SUMATERA UTARA,PADANG LAWAS,1221,Usia 16-18tahun,"3,341","2,585"
SUMATERA UTARA,LABUHAN BATU SELATAN,1222,Usia 7-12tahun,"7,638",971
SUMATERA UTARA,LABUHAN BATU SELATAN,1222,Usia 13-15tahun,"3,025",630
SUMATERA UTARA,LABUHAN BATU SELATAN,1222,Usia 16-18tahun,"1,411","1,435"
SUMATERA UTARA,LABUHAN BATU UTARA,1223,Usia 7-12tahun,"15,521","1,745"
SUMATERA UTARA,LABUHAN BATU UTARA,1223,Usia 13-15tahun,"5,940","1,062"
SUMATERA UTARA,LABUHAN BATU UTARA,1223,Usia 16-18tahun,"2,484","2,663"
SUMATERA UTARA,NIAS UTARA,1224,Usia 7-12tahun,"20,241","2,334"
SUMATERA UTARA,NIAS UTARA,1224,Usia 13-15tahun,"8,106","1,208"
SUMATERA UTARA,NIAS UTARA,1224,Usia 16-18tahun,"4,951","2,750"
SUMATERA UTARA,NIAS BARAT,1225,Usia 7-12tahun,"12,362","1,136"
SUMATERA UTARA,NIAS BARAT,1225,Usia 13-15tahun,"4,963",611
SUMATERA UTARA,NIAS BARAT,1225,Usia 16-18tahun,"3,161","1,775"
SUMATERA UTARA,KOTA SIBOLGA,1271,Usia 7-12tahun,"5,062",247
SUMATERA UTARA,KOTA SIBOLGA,1271,Usia 13-15tahun,"1,994",163
SUMATERA UTARA,KOTA SIBOLGA,1271,Usia 16-18tahun,"1,033",602
SUMATERA UTARA,KOTA TANJUNG BALAI,1272,Usia 7-12tahun,"11,042","1,110"
SUMATERA UTARA,KOTA TANJUNG BALAI,1272,Usia 13-15tahun,"4,670",712
SUMATERA UTARA,KOTA TANJUNG BALAI,1272,Usia 16-18tahun,"2,608","2,433"
SUMATERA UTARA,KOTA PEMATANG SIANTAR,1273,Usia 7-12tahun,"11,105",417
SUMATERA UTARA,KOTA PEMATANG SIANTAR,1273,Usia 13-15tahun,"4,991",257
SUMATERA UTARA,KOTA PEMATANG SIANTAR,1273,Usia 16-18tahun,"2,845","1,831"
SUMATERA UTARA,KOTA TEBING TINGGI,1274,Usia 7-12tahun,"6,539",839
SUMATERA UTARA,KOTA TEBING TINGGI,1274,Usia 13-15tahun,"2,769",448
SUMATERA UTARA,KOTA TEBING TINGGI,1274,Usia 16-18tahun,"1,257","1,258"
SUMATERA UTARA,KOTA MEDAN,1275,Usia 7-12tahun,"72,651","3,481"
SUMATERA UTARA,KOTA MEDAN,1275,Usia 13-15tahun,"32,128","2,856"
SUMATERA UTARA,KOTA MEDAN,1275,Usia 16-18tahun,"15,058","13,440"
SUMATERA UTARA,KOTA BINJAI,1276,Usia 7-12tahun,"8,938",451
SUMATERA UTARA,KOTA BINJAI,1276,Usia 13-15tahun,"3,819",348
SUMATERA UTARA,KOTA BINJAI,1276,Usia 16-18tahun,"1,854","1,924"
SUMATERA UTARA,KOTA PADANGSIDIMPUAN,1277,Usia 7-12tahun,"8,248",468
SUMATERA UTARA,KOTA PADANGSIDIMPUAN,1277,Usia 13-15tahun,"3,406",353
SUMATERA UTARA,KOTA PADANGSIDIMPUAN,1277,Usia 16-18tahun,"2,223","1,219"
SUMATERA UTARA,KOTA GUNUNGSITOLI,1278,Usia 7-12tahun,"12,873","1,127"
SUMATERA UTARA,KOTA GUNUNGSITOLI,1278,Usia 13-15tahun,"4,634",462
SUMATERA UTARA,KOTA GUNUNGSITOLI,1278,Usia 16-18tahun,"2,591","1,547"
SUMATERA BARAT,KEPULAUAN MENTAWAI,1301,Usia 7-12tahun,"7,211","2,180"
SUMATERA BARAT,KEPULAUAN MENTAWAI,1301,Usia 13-15tahun,"2,674",773
SUMATERA BARAT,KEPULAUAN MENTAWAI,1301,Usia 16-18tahun,"1,319","1,256"
SUMATERA BARAT,PESISIR SELATAN,1302,Usia 7-12tahun,"28,221","2,494"
SUMATERA BARAT,PESISIR SELATAN,1302,Usia 13-15tahun,"13,252","1,164"
SUMATERA BARAT,PESISIR SELATAN,1302,Usia 16-18tahun,"7,982","4,493"
SUMATERA BARAT,SOLOK,1303,Usia 7-12tahun,"22,152","2,104"
SUMATERA BARAT,SOLOK,1303,Usia 13-15tahun,"9,623","1,534"
SUMATERA BARAT,SOLOK,1303,Usia 16-18tahun,"5,325","4,129"
SUMATERA BARAT,SIJUNJUNG,1304,Usia 7-12tahun,"8,562","1,188"
SUMATERA BARAT,SIJUNJUNG,1304,Usia 13-15tahun,"3,205",782
SUMATERA BARAT,SIJUNJUNG,1304,Usia 16-18tahun,"1,136","1,385"
SUMATERA BARAT,TANAH DATAR,1305,Usia 7-12tahun,"14,092","1,429"
SUMATERA BARAT,TANAH DATAR,1305,Usia 13-15tahun,"6,481",774
SUMATERA BARAT,TANAH DATAR,1305,Usia 16-18tahun,"3,450","1,940"
SUMATERA BARAT,PADANG PARIAMAN,1306,Usia 7-12tahun,"21,566","2,039"
SUMATERA BARAT,PADANG PARIAMAN,1306,Usia 13-15tahun,"10,049","1,137"
SUMATERA BARAT,PADANG PARIAMAN,1306,Usia 16-18tahun,"5,286","3,123"
SUMATERA BARAT,AGAM,1307,Usia 7-12tahun,"16,332","1,404"
SUMATERA BARAT,AGAM,1307,Usia 13-15tahun,"6,915",990
SUMATERA BARAT,AGAM,1307,Usia 16-18tahun,"3,296","2,378"
SUMATERA BARAT,LIMA PULUH KOTA,1308,Usia 7-12tahun,"18,594","1,863"
SUMATERA BARAT,LIMA PULUH KOTA,1308,Usia 13-15tahun,"7,888","1,183"
SUMATERA BARAT,LIMA PULUH KOTA,1308,Usia 16-18tahun,"4,058","2,921"
SUMATERA BARAT,PASAMAN,1309,Usia 7-12tahun,"19,036","2,636"
SUMATERA BARAT,PASAMAN,1309,Usia 13-15tahun,"7,850","1,437"
SUMATERA BARAT,PASAMAN,1309,Usia 16-18tahun,"4,082","3,121"
SUMATERA BARAT,SOLOK SELATAN,1310,Usia 7-12tahun,"7,239",711
SUMATERA BARAT,SOLOK SELATAN,1310,Usia 13-15tahun,"3,503",459
SUMATERA BARAT,SOLOK SELATAN,1310,Usia 16-18tahun,"2,114","1,223"
SUMATERA BARAT,DHARMASRAYA,1311,Usia 7-12tahun,"4,507",783
SUMATERA BARAT,DHARMASRAYA,1311,Usia 13-15tahun,"1,956",524
SUMATERA BARAT,DHARMASRAYA,1311,Usia 16-18tahun,649,903
SUMATERA BARAT,PASAMAN BARAT,1312,Usia 7-12tahun,"25,800","3,202"
SUMATERA BARAT,PASAMAN BARAT,1312,Usia 13-15tahun,"10,630","1,677"
SUMATERA BARAT,PASAMAN BARAT,1312,Usia 16-18tahun,"6,172","4,519"
SUMATERA BARAT,KOTA PADANG,1371,Usia 7-12tahun,"30,318","2,592"
SUMATERA BARAT,KOTA PADANG,1371,Usia 13-15tahun,"14,343","1,280"
SUMATERA BARAT,KOTA PADANG,1371,Usia 16-18tahun,"8,516","4,839"
SUMATERA BARAT,KOTA SOLOK,1372,Usia 7-12tahun,"1,950",123
SUMATERA BARAT,KOTA SOLOK,1372,Usia 13-15tahun,885,97
SUMATERA BARAT,KOTA SOLOK,1372,Usia 16-18tahun,498,301
SUMATERA BARAT,KOTA SAWAH LUNTO,1373,Usia 7-12tahun,"1,014",123
SUMATERA BARAT,KOTA SAWAH LUNTO,1373,Usia 13-15tahun,422,84
SUMATERA BARAT,KOTA SAWAH LUNTO,1373,Usia 16-18tahun,174,137
SUMATERA BARAT,KOTA PADANG PANJANG,1374,Usia 7-12tahun,"1,427",216
SUMATERA BARAT,KOTA PADANG PANJANG,1374,Usia 13-15tahun,611,74
SUMATERA BARAT,KOTA PADANG PANJANG,1374,Usia 16-18tahun,298,148
SUMATERA BARAT,KOTA BUKITTINGGI,1375,Usia 7-12tahun,"2,825",258
SUMATERA BARAT,KOTA BUKITTINGGI,1375,Usia 13-15tahun,"1,202",133
SUMATERA BARAT,KOTA BUKITTINGGI,1375,Usia 16-18tahun,737,340
SUMATERA BARAT,KOTA PAYAKUMBUH,1376,Usia 7-12tahun,"4,893",257
SUMATERA BARAT,KOTA PAYAKUMBUH,1376,Usia 13-15tahun,"2,048",221
SUMATERA BARAT,KOTA PAYAKUMBUH,1376,Usia 16-18tahun,"1,072",646
SUMATERA BARAT,KOTA PARIAMAN,1377,Usia 7-12tahun,"3,763",172
SUMATERA BARAT,KOTA PARIAMAN,1377,Usia 13-15tahun,"1,703",131
SUMATERA BARAT,KOTA PARIAMAN,1377,Usia 16-18tahun,963,493
RIAU,KUANTAN SINGINGI,1401,Usia 7-12tahun,"10,234",934
RIAU,KUANTAN SINGINGI,1401,Usia 13-15tahun,"4,110",755
RIAU,KUANTAN SINGINGI,1401,Usia 16-18tahun,"2,141","1,839"
RIAU,INDRAGIRI HULU,1402,Usia 7-12tahun,"18,975","3,038"
RIAU,INDRAGIRI HULU,1402,Usia 13-15tahun,"7,691","1,667"
RIAU,INDRAGIRI HULU,1402,Usia 16-18tahun,"4,101","3,967"
RIAU,INDRAGIRI HILIR,1403,Usia 7-12tahun,"22,943","3,899"
RIAU,INDRAGIRI HILIR,1403,Usia 13-15tahun,"8,748","3,366"
RIAU,INDRAGIRI HILIR,1403,Usia 16-18tahun,"3,839","6,166"
RIAU,PELALAWAN,1404,Usia 7-12tahun,"12,081","1,762"
RIAU,PELALAWAN,1404,Usia 13-15tahun,"4,665",884
RIAU,PELALAWAN,1404,Usia 16-18tahun,"2,271","2,153"
RIAU,S I A K,1405,Usia 7-12tahun,"13,355","1,533"
RIAU,S I A K,1405,Usia 13-15tahun,"5,734",717
RIAU,S I A K,1405,Usia 16-18tahun,"3,051","2,238"
RIAU,KAMPAR,1406,Usia 7-12tahun,"35,685","3,594"
RIAU,KAMPAR,1406,Usia 13-15tahun,"15,022","1,534"
RIAU,KAMPAR,1406,Usia 16-18tahun,"8,809","5,258"
RIAU,ROKAN HULU,1407,Usia 7-12tahun,"15,871","2,531"
RIAU,ROKAN HULU,1407,Usia 13-15tahun,"6,099","1,509"
RIAU,ROKAN HULU,1407,Usia 16-18tahun,"3,292","3,216"
RIAU,BENGKALIS,1408,Usia 7-12tahun,"16,382","2,224"
RIAU,BENGKALIS,1408,Usia 13-15tahun,"6,883","1,415"
RIAU,BENGKALIS,1408,Usia 16-18tahun,"3,468","3,605"
RIAU,ROKAN HILIR,1409,Usia 7-12tahun,"33,942","3,108"
RIAU,ROKAN HILIR,1409,Usia 13-15tahun,"13,718","2,379"
RIAU,ROKAN HILIR,1409,Usia 16-18tahun,"7,152","6,573"
RIAU,KEPULAUAN MERANTI,1410,Usia 7-12tahun,"12,735","1,879"
RIAU,KEPULAUAN MERANTI,1410,Usia 13-15tahun,"5,949",990
RIAU,KEPULAUAN MERANTI,1410,Usia 16-18tahun,"3,412","2,895"
RIAU,KOTA PEKANBARU,1471,Usia 7-12tahun,"21,320","1,878"
RIAU,KOTA PEKANBARU,1471,Usia 13-15tahun,"8,697",742
RIAU,KOTA PEKANBARU,1471,Usia 16-18tahun,"4,011","2,540"
RIAU,KOTA DUMAI,1473,Usia 7-12tahun,"11,027","1,029"
RIAU,KOTA DUMAI,1473,Usia 13-15tahun,"4,838",478
RIAU,KOTA DUMAI,1473,Usia 16-18tahun,"2,404","1,998"
JAMBI,KERINCI,1501,Usia 7-12tahun,"10,111",876
JAMBI,KERINCI,1501,Usia 13-15tahun,"4,701",616
JAMBI,KERINCI,1501,Usia 16-18tahun,"2,595","1,834"
JAMBI,MERANGIN,1502,Usia 7-12tahun,"11,004","1,718"
JAMBI,MERANGIN,1502,Usia 13-15tahun,"4,244","1,614"
JAMBI,MERANGIN,1502,Usia 16-18tahun,"2,038","3,233"
JAMBI,SAROLANGUN,1503,Usia 7-12tahun,"12,183","1,458"
JAMBI,SAROLANGUN,1503,Usia 13-15tahun,"4,692","1,238"
JAMBI,SAROLANGUN,1503,Usia 16-18tahun,"2,262","2,690"
JAMBI,BATANG HARI,1504,Usia 7-12tahun,"11,097","1,547"
JAMBI,BATANG HARI,1504,Usia 13-15tahun,"4,261","1,041"
JAMBI,BATANG HARI,1504,Usia 16-18tahun,"2,193","2,397"
JAMBI,MUARO JAMBI,1505,Usia 7-12tahun,"10,388","1,453"
JAMBI,MUARO JAMBI,1505,Usia 13-15tahun,"4,468",853
JAMBI,MUARO JAMBI,1505,Usia 16-18tahun,"2,234","2,090"
JAMBI,TANJUNG JABUNG TIMUR,1506,Usia 7-12tahun,"8,027","1,121"
JAMBI,TANJUNG JABUNG TIMUR,1506,Usia 13-15tahun,"3,223",852
JAMBI,TANJUNG JABUNG TIMUR,1506,Usia 16-18tahun,"1,548","1,920"
JAMBI,TANJUNG JABUNG BARAT,1507,Usia 7-12tahun,"13,144","1,506"
JAMBI,TANJUNG JABUNG BARAT,1507,Usia 13-15tahun,"5,443","1,066"
JAMBI,TANJUNG JABUNG BARAT,1507,Usia 16-18tahun,"2,658","2,939"
JAMBI,TEBO,1508,Usia 7-12tahun,"9,568","1,214"
JAMBI,TEBO,1508,Usia 13-15tahun,"3,806","1,048"
JAMBI,TEBO,1508,Usia 16-18tahun,"1,781","2,471"
JAMBI,BUNGO,1509,Usia 7-12tahun,"10,033","1,352"
JAMBI,BUNGO,1509,Usia 13-15tahun,"4,059","1,018"
JAMBI,BUNGO,1509,Usia 16-18tahun,"1,723","2,300"
JAMBI,KOTA JAMBI,1571,Usia 7-12tahun,"17,559","1,190"
JAMBI,KOTA JAMBI,1571,Usia 13-15tahun,"8,512",725
JAMBI,KOTA JAMBI,1571,Usia 16-18tahun,"4,626","3,465"
JAMBI,KOTA SUNGAI PENUH,1572,Usia 7-12tahun,"2,586",219
JAMBI,KOTA SUNGAI PENUH,1572,Usia 13-15tahun,"1,352",100
JAMBI,KOTA SUNGAI PENUH,1572,Usia 16-18tahun,743,467
SUMATERA SELATAN,OGAN KOMERING ULU,1601,Usia 7-12tahun,"11,945","1,280"
SUMATERA SELATAN,OGAN KOMERING ULU,1601,Usia 13-15tahun,"5,332","1,158"
SUMATERA SELATAN,OGAN KOMERING ULU,1601,Usia 16-18tahun,"2,499","3,115"
SUMATERA SELATAN,OGAN KOMERING ILIR,1602,Usia 7-12tahun,"35,933","5,113"
SUMATERA SELATAN,OGAN KOMERING ILIR,1602,Usia 13-15tahun,"13,464","4,854"
SUMATERA SELATAN,OGAN KOMERING ILIR,1602,Usia 16-18tahun,"5,743","9,479"
SUMATERA SELATAN,MUARA ENIM,1603,Usia 7-12tahun,"31,405","3,511"
SUMATERA SELATAN,MUARA ENIM,1603,Usia 13-15tahun,"12,179","2,677"
SUMATERA SELATAN,MUARA ENIM,1603,Usia 16-18tahun,"5,859","6,511"
SUMATERA SELATAN,LAHAT,1604,Usia 7-12tahun,"20,807","1,434"
SUMATERA SELATAN,LAHAT,1604,Usia 13-15tahun,"8,867","1,058"
SUMATERA SELATAN,LAHAT,1604,Usia 16-18tahun,"4,596","3,781"
SUMATERA SELATAN,MUSI RAWAS,1605,Usia 7-12tahun,"19,506","2,320"
SUMATERA SELATAN,MUSI RAWAS,1605,Usia 13-15tahun,"7,693","1,825"
SUMATERA SELATAN,MUSI RAWAS,1605,Usia 16-18tahun,"3,164","4,679"
SUMATERA SELATAN,MUSI BANYUASIN,1606,Usia 7-12tahun,"26,132","3,285"
SUMATERA SELATAN,MUSI BANYUASIN,1606,Usia 13-15tahun,"10,832","2,169"
SUMATERA SELATAN,MUSI BANYUASIN,1606,Usia 16-18tahun,"5,498","5,557"
SUMATERA SELATAN,BANYU ASIN,1607,Usia 7-12tahun,"41,943","6,692"
SUMATERA SELATAN,BANYU ASIN,1607,Usia 13-15tahun,"16,657","5,680"
SUMATERA SELATAN,BANYU ASIN,1607,Usia 16-18tahun,"7,742","11,577"
SUMATERA SELATAN,OGAN KOMERING ULU SELATAN,1608,Usia 7-12tahun,"21,685","2,223"
SUMATERA SELATAN,OGAN KOMERING ULU SELATAN,1608,Usia 13-15tahun,"8,903","1,493"
SUMATERA SELATAN,OGAN KOMERING ULU SELATAN,1608,Usia 16-18tahun,"4,573","4,407"
SUMATERA SELATAN,OGAN KOMERING ULU TIMUR,1609,Usia 7-12tahun,"18,892","2,265"
SUMATERA SELATAN,OGAN KOMERING ULU TIMUR,1609,Usia 13-15tahun,"7,799","1,576"
SUMATERA SELATAN,OGAN KOMERING ULU TIMUR,1609,Usia 16-18tahun,"3,144","3,947"
SUMATERA SELATAN,OGAN ILIR,1610,Usia 7-12tahun,"23,286","2,736"
SUMATERA SELATAN,OGAN ILIR,1610,Usia 13-15tahun,"9,324","2,646"
SUMATERA SELATAN,OGAN ILIR,1610,Usia 16-18tahun,"4,584","5,810"
SUMATERA SELATAN,EMPAT LAWANG,1611,Usia 7-12tahun,"11,584",982
SUMATERA SELATAN,EMPAT LAWANG,1611,Usia 13-15tahun,"4,821",845
SUMATERA SELATAN,EMPAT LAWANG,1611,Usia 16-18tahun,"2,589","2,693"
SUMATERA SELATAN,PENUKAL ABAB LEMATANG ILIR,1612,Usia 7-12tahun,"10,622","1,765"
SUMATERA SELATAN,PENUKAL ABAB LEMATANG ILIR,1612,Usia 13-15tahun,"4,243","1,165"
SUMATERA SELATAN,PENUKAL ABAB LEMATANG ILIR,1612,Usia 16-18tahun,"2,224","2,343"
SUMATERA SELATAN,MUSI RAWAS UTARA,1613,Usia 7-12tahun,"8,662","1,095"
SUMATERA SELATAN,MUSI RAWAS UTARA,1613,Usia 13-15tahun,"3,778",826
SUMATERA SELATAN,MUSI RAWAS UTARA,1613,Usia 16-18tahun,"1,746","2,112"
SUMATERA SELATAN,KOTA PALEMBANG,1671,Usia 7-12tahun,"53,001","4,547"
SUMATERA SELATAN,KOTA PALEMBANG,1671,Usia 13-15tahun,"24,262","3,043"
SUMATERA SELATAN,KOTA PALEMBANG,1671,Usia 16-18tahun,"11,872","10,778"
SUMATERA SELATAN,KOTA PRABUMULIH,1672,Usia 7-12tahun,"6,295",598
SUMATERA SELATAN,KOTA PRABUMULIH,1672,Usia 13-15tahun,"2,390",462
SUMATERA SELATAN,KOTA PRABUMULIH,1672,Usia 16-18tahun,"1,122","1,132"
SUMATERA SELATAN,KOTA PAGAR ALAM,1673,Usia 7-12tahun,"4,907",328
SUMATERA SELATAN,KOTA PAGAR ALAM,1673,Usia 13-15tahun,"2,159",287
SUMATERA SELATAN,KOTA PAGAR ALAM,1673,Usia 16-18tahun,954,"1,137"
SUMATERA SELATAN,KOTA LUBUKLINGGAU,1674,Usia 7-12tahun,"6,744",587
SUMATERA SELATAN,KOTA LUBUKLINGGAU,1674,Usia 13-15tahun,"3,055",586
SUMATERA SELATAN,KOTA LUBUKLINGGAU,1674,Usia 16-18tahun,"1,497","1,729"
BENGKULU,BENGKULU SELATAN,1701,Usia 7-12tahun,"6,579",537
BENGKULU,BENGKULU SELATAN,1701,Usia 13-15tahun,"2,682",260
BENGKULU,BENGKULU SELATAN,1701,Usia 16-18tahun,"1,377",952
BENGKULU,REJANG LEBONG,1702,Usia 7-12tahun,"11,713","1,306"
BENGKULU,REJANG LEBONG,1702,Usia 13-15tahun,"4,752","1,142"
BENGKULU,REJANG LEBONG,1702,Usia 16-18tahun,"2,380","2,974"
BENGKULU,BENGKULU UTARA,1703,Usia 7-12tahun,"12,198","1,638"
BENGKULU,BENGKULU UTARA,1703,Usia 13-15tahun,"4,596","1,048"
BENGKULU,BENGKULU UTARA,1703,Usia 16-18tahun,"2,195","2,582"
BENGKULU,KAUR,1704,Usia 7-12tahun,"7,375",366
BENGKULU,KAUR,1704,Usia 13-15tahun,"2,902",318
BENGKULU,KAUR,1704,Usia 16-18tahun,"1,568","1,112"
BENGKULU,SELUMA,1705,Usia 7-12tahun,"10,134",979
BENGKULU,SELUMA,1705,Usia 13-15tahun,"4,077",705
BENGKULU,SELUMA,1705,Usia 16-18tahun,"1,781","2,083"
BENGKULU,MUKOMUKO,1706,Usia 7-12tahun,"7,327",781
BENGKULU,MUKOMUKO,1706,Usia 13-15tahun,"3,067",469
BENGKULU,MUKOMUKO,1706,Usia 16-18tahun,"1,678","1,474"
BENGKULU,LEBONG,1707,Usia 7-12tahun,"5,118",421
BENGKULU,LEBONG,1707,Usia 13-15tahun,"2,227",418
BENGKULU,LEBONG,1707,Usia 16-18tahun,"1,129","1,149"
BENGKULU,KEPAHIANG,1708,Usia 7-12tahun,"5,220",547
BENGKULU,KEPAHIANG,1708,Usia 13-15tahun,"1,988",432
BENGKULU,KEPAHIANG,1708,Usia 16-18tahun,927,"1,259"
BENGKULU,BENGKULU TENGAH,1709,Usia 7-12tahun,"5,793",987
BENGKULU,BENGKULU TENGAH,1709,Usia 13-15tahun,"2,260",529
BENGKULU,BENGKULU TENGAH,1709,Usia 16-18tahun,"1,225","1,437"
BENGKULU,KOTA BENGKULU,1771,Usia 7-12tahun,"11,227","1,260"
BENGKULU,KOTA BENGKULU,1771,Usia 13-15tahun,"5,262",440
BENGKULU,KOTA BENGKULU,1771,Usia 16-18tahun,"3,435","1,735"
LAMPUNG,LAMPUNG BARAT,1801,Usia 7-12tahun,"15,092","2,032"
LAMPUNG,LAMPUNG BARAT,1801,Usia 13-15tahun,"6,141","1,053"
LAMPUNG,LAMPUNG BARAT,1801,Usia 16-18tahun,"3,166","3,343"
LAMPUNG,TANGGAMUS,1802,Usia 7-12tahun,"33,251","4,023"
LAMPUNG,TANGGAMUS,1802,Usia 13-15tahun,"14,349","3,099"
LAMPUNG,TANGGAMUS,1802,Usia 16-18tahun,"6,568","8,690"
LAMPUNG,LAMPUNG SELATAN,1803,Usia 7-12tahun,"59,921","6,750"
LAMPUNG,LAMPUNG SELATAN,1803,Usia 13-15tahun,"25,975","4,794"
LAMPUNG,LAMPUNG SELATAN,1803,Usia 16-18tahun,"11,589","14,674"
LAMPUNG,LAMPUNG TIMUR,1804,Usia 7-12tahun,"44,508","5,490"
LAMPUNG,LAMPUNG TIMUR,1804,Usia 13-15tahun,"20,142","4,012"
LAMPUNG,LAMPUNG TIMUR,1804,Usia 16-18tahun,"7,948","10,950"
LAMPUNG,LAMPUNG TENGAH,1805,Usia 7-12tahun,"49,529","5,999"
LAMPUNG,LAMPUNG TENGAH,1805,Usia 13-15tahun,"20,470","5,206"
LAMPUNG,LAMPUNG TENGAH,1805,Usia 16-18tahun,"8,104","13,320"
LAMPUNG,LAMPUNG UTARA,1806,Usia 7-12tahun,"36,843","4,123"
LAMPUNG,LAMPUNG UTARA,1806,Usia 13-15tahun,"15,633","2,999"
LAMPUNG,LAMPUNG UTARA,1806,Usia 16-18tahun,"7,111","8,630"
LAMPUNG,WAY KANAN,1807,Usia 7-12tahun,"21,659","2,550"
LAMPUNG,WAY KANAN,1807,Usia 13-15tahun,"9,120","1,822"
LAMPUNG,WAY KANAN,1807,Usia 16-18tahun,"4,246","5,175"
LAMPUNG,TULANGBAWANG,1808,Usia 7-12tahun,"19,261","2,473"
LAMPUNG,TULANGBAWANG,1808,Usia 13-15tahun,"7,926","2,180"
LAMPUNG,TULANGBAWANG,1808,Usia 16-18tahun,"3,204","5,191"
LAMPUNG,PESAWARAN,1809,Usia 7-12tahun,"28,254","2,951"
LAMPUNG,PESAWARAN,1809,Usia 13-15tahun,"12,302","2,445"
LAMPUNG,PESAWARAN,1809,Usia 16-18tahun,"5,144","7,456"
LAMPUNG,PRINGSEWU,1810,Usia 7-12tahun,"16,304","1,980"
LAMPUNG,PRINGSEWU,1810,Usia 13-15tahun,"7,546","1,349"
LAMPUNG,PRINGSEWU,1810,Usia 16-18tahun,"3,452","4,377"
LAMPUNG,MESUJI,1811,Usia 7-12tahun,"8,873","1,367"
LAMPUNG,MESUJI,1811,Usia 13-15tahun,"3,597","1,104"
LAMPUNG,MESUJI,1811,Usia 16-18tahun,"1,416","2,553"
LAMPUNG,TULANG BAWANG BARAT,1812,Usia 7-12tahun,"9,882","1,358"
LAMPUNG,TULANG BAWANG BARAT,1812,Usia 13-15tahun,"3,770","1,147"
LAMPUNG,TULANG BAWANG BARAT,1812,Usia 16-18tahun,"1,331","2,714"
LAMPUNG,PESISIR BARAT,1813,Usia 7-12tahun,"11,358","1,210"
LAMPUNG,PESISIR BARAT,1813,Usia 13-15tahun,"4,853",551
LAMPUNG,PESISIR BARAT,1813,Usia 16-18tahun,"2,801","2,133"
LAMPUNG,KOTA BANDAR LAMPUNG,1871,Usia 7-12tahun,"41,636","4,067"
LAMPUNG,KOTA BANDAR LAMPUNG,1871,Usia 13-15tahun,"19,936","2,214"
LAMPUNG,KOTA BANDAR LAMPUNG,1871,Usia 16-18tahun,"10,855","8,230"
LAMPUNG,KOTA METRO,1872,Usia 7-12tahun,"3,747",410
LAMPUNG,KOTA METRO,1872,Usia 13-15tahun,"1,954",149
LAMPUNG,KOTA METRO,1872,Usia 16-18tahun,"1,053",788
KEPULAUAN BANGKA BELITUNG,BANGKA,1901,Usia 7-12tahun,"6,304",688
KEPULAUAN BANGKA BELITUNG,BANGKA,1901,Usia 13-15tahun,"2,626",652
KEPULAUAN BANGKA BELITUNG,BANGKA,1901,Usia 16-18tahun,"1,332","1,630"
KEPULAUAN BANGKA BELITUNG,BELITUNG,1902,Usia 7-12tahun,"2,935",267
KEPULAUAN BANGKA BELITUNG,BELITUNG,1902,Usia 13-15tahun,"1,341",392
KEPULAUAN BANGKA BELITUNG,BELITUNG,1902,Usia 16-18tahun,630,"1,035"
KEPULAUAN BANGKA BELITUNG,BANGKA BARAT,1903,Usia 7-12tahun,"3,599",708
KEPULAUAN BANGKA BELITUNG,BANGKA BARAT,1903,Usia 13-15tahun,"1,209",586
KEPULAUAN BANGKA BELITUNG,BANGKA BARAT,1903,Usia 16-18tahun,429,"1,003"
KEPULAUAN BANGKA BELITUNG,BANGKA TENGAH,1904,Usia 7-12tahun,"4,508",592
KEPULAUAN BANGKA BELITUNG,BANGKA TENGAH,1904,Usia 13-15tahun,"1,722",596
KEPULAUAN BANGKA BELITUNG,BANGKA TENGAH,1904,Usia 16-18tahun,812,"1,222"
KEPULAUAN BANGKA BELITUNG,BANGKA SELATAN,1905,Usia 7-12tahun,"2,959",681
KEPULAUAN BANGKA BELITUNG,BANGKA SELATAN,1905,Usia 13-15tahun,"1,212",501
KEPULAUAN BANGKA BELITUNG,BANGKA SELATAN,1905,Usia 16-18tahun,590,"1,008"
KEPULAUAN BANGKA BELITUNG,BELITUNG TIMUR,1906,Usia 7-12tahun,"2,356",227
KEPULAUAN BANGKA BELITUNG,BELITUNG TIMUR,1906,Usia 13-15tahun,"1,075",289
KEPULAUAN BANGKA BELITUNG,BELITUNG TIMUR,1906,Usia 16-18tahun,484,705
KEPULAUAN BANGKA BELITUNG,KOTA PANGKAL PINANG,1971,Usia 7-12tahun,"3,613",352
KEPULAUAN BANGKA BELITUNG,KOTA PANGKAL PINANG,1971,Usia 13-15tahun,"1,746",312
KEPULAUAN BANGKA BELITUNG,KOTA PANGKAL PINANG,1971,Usia 16-18tahun,836,"1,020"
KEPULAUAN RIAU,KARIMUN,2101,Usia 7-12tahun,"6,081",847
KEPULAUAN RIAU,KARIMUN,2101,Usia 13-15tahun,"2,909",597
KEPULAUAN RIAU,KARIMUN,2101,Usia 16-18tahun,"1,593","1,585"
KEPULAUAN RIAU,BINTAN,2102,Usia 7-12tahun,"4,300",527
KEPULAUAN RIAU,BINTAN,2102,Usia 13-15tahun,"1,742",248
KEPULAUAN RIAU,BINTAN,2102,Usia 16-18tahun,980,680
KEPULAUAN RIAU,NATUNA,2103,Usia 7-12tahun,"1,609",249
KEPULAUAN RIAU,NATUNA,2103,Usia 13-15tahun,736,76
KEPULAUAN RIAU,NATUNA,2103,Usia 16-18tahun,432,201
KEPULAUAN RIAU,LINGGA,2104,Usia 7-12tahun,"2,824",574
KEPULAUAN RIAU,LINGGA,2104,Usia 13-15tahun,"1,071",343
KEPULAUAN RIAU,LINGGA,2104,Usia 16-18tahun,620,609
KEPULAUAN RIAU,KEPULAUAN ANAMBAS,2105,Usia 7-12tahun,631,122
KEPULAUAN RIAU,KEPULAUAN ANAMBAS,2105,Usia 13-15tahun,282,62
KEPULAUAN RIAU,KEPULAUAN ANAMBAS,2105,Usia 16-18tahun,173,101
KEPULAUAN RIAU,KOTA BATAM,2171,Usia 7-12tahun,"28,605","3,716"
KEPULAUAN RIAU,KOTA BATAM,2171,Usia 13-15tahun,"9,790",793
KEPULAUAN RIAU,KOTA BATAM,2171,Usia 16-18tahun,"4,748","2,152"
KEPULAUAN RIAU,KOTA TANJUNG PINANG,2172,Usia 7-12tahun,"5,632",567
KEPULAUAN RIAU,KOTA TANJUNG PINANG,2172,Usia 13-15tahun,"2,452",140
KEPULAUAN RIAU,KOTA TANJUNG PINANG,2172,Usia 16-18tahun,"1,476",759
DKI JAKARTA,KEPULAUAN SERIBU,3101,Usia 7-12tahun,883,111
DKI JAKARTA,KEPULAUAN SERIBU,3101,Usia 13-15tahun,466,32
DKI JAKARTA,KEPULAUAN SERIBU,3101,Usia 16-18tahun,289,171
DKI JAKARTA,KOTA JAKARTA SELATAN,3171,Usia 7-12tahun,"19,473","2,360"
DKI JAKARTA,KOTA JAKARTA SELATAN,3171,Usia 13-15tahun,"10,266",887
DKI JAKARTA,KOTA JAKARTA SELATAN,3171,Usia 16-18tahun,"5,298","3,735"
DKI JAKARTA,KOTA JAKARTA TIMUR,3172,Usia 7-12tahun,"31,134","4,341"
DKI JAKARTA,KOTA JAKARTA TIMUR,3172,Usia 13-15tahun,"17,181","1,667"
DKI JAKARTA,KOTA JAKARTA TIMUR,3172,Usia 16-18tahun,"9,202","7,105"
DKI JAKARTA,KOTA JAKARTA PUSAT,3173,Usia 7-12tahun,"14,380","1,791"
DKI JAKARTA,KOTA JAKARTA PUSAT,3173,Usia 13-15tahun,"7,867",940
DKI JAKARTA,KOTA JAKARTA PUSAT,3173,Usia 16-18tahun,"3,963","4,068"
DKI JAKARTA,KOTA JAKARTA BARAT,3174,Usia 7-12tahun,"25,300","4,024"
DKI JAKARTA,KOTA JAKARTA BARAT,3174,Usia 13-15tahun,"13,273","1,707"
DKI JAKARTA,KOTA JAKARTA BARAT,3174,Usia 16-18tahun,"6,590","6,385"
DKI JAKARTA,KOTA JAKARTA UTARA,3175,Usia 7-12tahun,"33,640","5,295"
DKI JAKARTA,KOTA JAKARTA UTARA,3175,Usia 13-15tahun,"17,563","1,821"
DKI JAKARTA,KOTA JAKARTA UTARA,3175,Usia 16-18tahun,"9,100","7,975"
JAWA BARAT,BOGOR,3201,Usia 7-12tahun,"156,084","22,125"
JAWA BARAT,BOGOR,3201,Usia 13-15tahun,"67,531","29,527"
JAWA BARAT,BOGOR,3201,Usia 16-18tahun,"25,942","60,326"
JAWA BARAT,SUKABUMI,3202,Usia 7-12tahun,"121,118","15,675"
JAWA BARAT,SUKABUMI,3202,Usia 13-15tahun,"53,903","14,668"
JAWA BARAT,SUKABUMI,3202,Usia 16-18tahun,"16,271","36,282"
JAWA BARAT,CIANJUR,3203,Usia 7-12tahun,"124,217","19,591"
JAWA BARAT,CIANJUR,3203,Usia 13-15tahun,"50,034","18,936"
JAWA BARAT,CIANJUR,3203,Usia 16-18tahun,"16,216","41,851"
JAWA BARAT,BANDUNG,3204,Usia 7-12tahun,"162,058","20,444"
JAWA BARAT,BANDUNG,3204,Usia 13-15tahun,"65,989","19,242"
JAWA BARAT,BANDUNG,3204,Usia 16-18tahun,"23,137","46,676"
JAWA BARAT,GARUT,3205,Usia 7-12tahun,"173,552","20,176"
JAWA BARAT,GARUT,3205,Usia 13-15tahun,"71,577","19,885"
JAWA BARAT,GARUT,3205,Usia 16-18tahun,"25,489","50,221"
JAWA BARAT,TASIKMALAYA,3206,Usia 7-12tahun,"87,186","12,527"
JAWA BARAT,TASIKMALAYA,3206,Usia 13-15tahun,"36,502","10,334"
JAWA BARAT,TASIKMALAYA,3206,Usia 16-18tahun,"13,017","25,924"
JAWA BARAT,CIAMIS,3207,Usia 7-12tahun,"49,573","6,479"
JAWA BARAT,CIAMIS,3207,Usia 13-15tahun,"22,297","4,961"
JAWA BARAT,CIAMIS,3207,Usia 16-18tahun,"8,922","14,751"
JAWA BARAT,KUNINGAN,3208,Usia 7-12tahun,"45,511","5,313"
JAWA BARAT,KUNINGAN,3208,Usia 13-15tahun,"19,078","5,094"
JAWA BARAT,KUNINGAN,3208,Usia 16-18tahun,"7,464","13,494"
JAWA BARAT,CIREBON,3209,Usia 7-12tahun,"105,853","13,443"
JAWA BARAT,CIREBON,3209,Usia 13-15tahun,"49,991","12,650"
JAWA BARAT,CIREBON,3209,Usia 16-18tahun,"23,428","35,211"
JAWA BARAT,MAJALENGKA,3210,Usia 7-12tahun,"46,953","6,137"
JAWA BARAT,MAJALENGKA,3210,Usia 13-15tahun,"20,340","5,274"
JAWA BARAT,MAJALENGKA,3210,Usia 16-18tahun,"7,974","14,227"
JAWA BARAT,SUMEDANG,3211,Usia 7-12tahun,"32,206","4,536"
JAWA BARAT,SUMEDANG,3211,Usia 13-15tahun,"13,999","3,307"
JAWA BARAT,SUMEDANG,3211,Usia 16-18tahun,"4,063","8,167"
JAWA BARAT,INDRAMAYU,3212,Usia 7-12tahun,"76,518","10,693"
JAWA BARAT,INDRAMAYU,3212,Usia 13-15tahun,"36,104","10,144"
JAWA BARAT,INDRAMAYU,3212,Usia 16-18tahun,"15,732","26,119"
JAWA BARAT,SUBANG,3213,Usia 7-12tahun,"51,489","7,854"
JAWA BARAT,SUBANG,3213,Usia 13-15tahun,"25,937","6,171"
JAWA BARAT,SUBANG,3213,Usia 16-18tahun,"9,195","15,464"
JAWA BARAT,PURWAKARTA,3214,Usia 7-12tahun,"26,904","4,932"
JAWA BARAT,PURWAKARTA,3214,Usia 13-15tahun,"12,055","4,657"
JAWA BARAT,PURWAKARTA,3214,Usia 16-18tahun,"3,801","9,689"
JAWA BARAT,KARAWANG,3215,Usia 7-12tahun,"79,671","13,181"
JAWA BARAT,KARAWANG,3215,Usia 13-15tahun,"38,961","11,606"
JAWA BARAT,KARAWANG,3215,Usia 16-18tahun,"15,078","28,416"
JAWA BARAT,BEKASI,3216,Usia 7-12tahun,"61,754","9,373"
JAWA BARAT,BEKASI,3216,Usia 13-15tahun,"32,185","6,058"
JAWA BARAT,BEKASI,3216,Usia 16-18tahun,"14,424","19,010"
JAWA BARAT,BANDUNG BARAT,3217,Usia 7-12tahun,"62,983","7,990"
JAWA BARAT,BANDUNG BARAT,3217,Usia 13-15tahun,"27,444","8,667"
JAWA BARAT,BANDUNG BARAT,3217,Usia 16-18tahun,"9,678","19,521"
JAWA BARAT,PANGANDARAN,3218,Usia 7-12tahun,"13,140","1,866"
JAWA BARAT,PANGANDARAN,3218,Usia 13-15tahun,"5,286","1,493"
JAWA BARAT,PANGANDARAN,3218,Usia 16-18tahun,"1,991","3,930"
JAWA BARAT,KOTA BOGOR,3271,Usia 7-12tahun,"33,740","2,972"
JAWA BARAT,KOTA BOGOR,3271,Usia 13-15tahun,"16,156","2,846"
JAWA BARAT,KOTA BOGOR,3271,Usia 16-18tahun,"7,971","9,045"
JAWA BARAT,KOTA SUKABUMI,3272,Usia 7-12tahun,"10,869","1,126"
JAWA BARAT,KOTA SUKABUMI,3272,Usia 13-15tahun,"5,128",829
JAWA BARAT,KOTA SUKABUMI,3272,Usia 16-18tahun,"2,468","2,845"
JAWA BARAT,KOTA BANDUNG,3273,Usia 7-12tahun,"54,139","5,620"
JAWA BARAT,KOTA BANDUNG,3273,Usia 13-15tahun,"25,954","3,178"
JAWA BARAT,KOTA BANDUNG,3273,Usia 16-18tahun,"13,103","11,797"
JAWA BARAT,KOTA CIREBON,3274,Usia 7-12tahun,"11,735","1,507"
JAWA BARAT,KOTA CIREBON,3274,Usia 13-15tahun,"5,915","1,164"
JAWA BARAT,KOTA CIREBON,3274,Usia 16-18tahun,"3,131","3,426"
JAWA BARAT,KOTA BEKASI,3275,Usia 7-12tahun,"43,785","3,328"
JAWA BARAT,KOTA BEKASI,3275,Usia 13-15tahun,"22,705","1,857"
JAWA BARAT,KOTA BEKASI,3275,Usia 16-18tahun,"12,927","9,161"
JAWA BARAT,KOTA DEPOK,3276,Usia 7-12tahun,"32,831","2,958"
JAWA BARAT,KOTA DEPOK,3276,Usia 13-15tahun,"17,624","1,621"
JAWA BARAT,KOTA DEPOK,3276,Usia 16-18tahun,"9,832","7,938"
JAWA BARAT,KOTA CIMAHI,3277,Usia 7-12tahun,"12,952","1,676"
JAWA BARAT,KOTA CIMAHI,3277,Usia 13-15tahun,"6,190",822
JAWA BARAT,KOTA CIMAHI,3277,Usia 16-18tahun,"2,655","2,698"
JAWA BARAT,KOTA TASIKMALAYA,3278,Usia 7-12tahun,"31,390","4,020"
JAWA BARAT,KOTA TASIKMALAYA,3278,Usia 13-15tahun,"14,415","2,376"
JAWA BARAT,KOTA TASIKMALAYA,3278,Usia 16-18tahun,"6,824","7,512"
JAWA BARAT,KOTA BANJAR,3279,Usia 7-12tahun,"4,375",511
JAWA BARAT,KOTA BANJAR,3279,Usia 13-15tahun,"2,212",367
JAWA BARAT,KOTA BANJAR,3279,Usia 16-18tahun,880,"1,111"
JAWA TENGAH,CILACAP,3301,Usia 7-12tahun,"84,971","6,155"
JAWA TENGAH,CILACAP,3301,Usia 13-15tahun,"36,528","7,023"
JAWA TENGAH,CILACAP,3301,Usia 16-18tahun,"14,562","21,122"
JAWA TENGAH,BANYUMAS,3302,Usia 7-12tahun,"87,304","6,918"
JAWA TENGAH,BANYUMAS,3302,Usia 13-15tahun,"38,752","7,569"
JAWA TENGAH,BANYUMAS,3302,Usia 16-18tahun,"16,023","21,329"
JAWA TENGAH,PURBALINGGA,3303,Usia 7-12tahun,"53,112","4,154"
JAWA TENGAH,PURBALINGGA,3303,Usia 13-15tahun,"21,146","5,920"
JAWA TENGAH,PURBALINGGA,3303,Usia 16-18tahun,"7,697","15,302"
JAWA TENGAH,BANJARNEGARA,3304,Usia 7-12tahun,"38,675","4,770"
JAWA TENGAH,BANJARNEGARA,3304,Usia 13-15tahun,"15,275","6,694"
JAWA TENGAH,BANJARNEGARA,3304,Usia 16-18tahun,"5,020","12,541"
JAWA TENGAH,KEBUMEN,3305,Usia 7-12tahun,"68,897","4,448"
JAWA TENGAH,KEBUMEN,3305,Usia 13-15tahun,"32,233","4,022"
JAWA TENGAH,KEBUMEN,3305,Usia 16-18tahun,"16,997","14,608"
JAWA TENGAH,PURWOREJO,3306,Usia 7-12tahun,"29,336","1,897"
JAWA TENGAH,PURWOREJO,3306,Usia 13-15tahun,"13,359","1,767"
JAWA TENGAH,PURWOREJO,3306,Usia 16-18tahun,"6,866","6,501"
JAWA TENGAH,WONOSOBO,3307,Usia 7-12tahun,"31,854","3,709"
JAWA TENGAH,WONOSOBO,3307,Usia 13-15tahun,"11,631","6,082"
JAWA TENGAH,WONOSOBO,3307,Usia 16-18tahun,"2,624","9,583"
JAWA TENGAH,MAGELANG,3308,Usia 7-12tahun,"58,732","6,015"
JAWA TENGAH,MAGELANG,3308,Usia 13-15tahun,"25,705","5,693"
JAWA TENGAH,MAGELANG,3308,Usia 16-18tahun,"12,253","16,181"
JAWA TENGAH,BOYOLALI,3309,Usia 7-12tahun,"32,852","2,222"
JAWA TENGAH,BOYOLALI,3309,Usia 13-15tahun,"14,304","2,260"
JAWA TENGAH,BOYOLALI,3309,Usia 16-18tahun,"6,150","7,346"
JAWA TENGAH,KLATEN,3310,Usia 7-12tahun,"55,569","4,161"
JAWA TENGAH,KLATEN,3310,Usia 13-15tahun,"25,841","2,152"
JAWA TENGAH,KLATEN,3310,Usia 16-18tahun,"14,329","9,165"
JAWA TENGAH,SUKOHARJO,3311,Usia 7-12tahun,"27,649","2,484"
JAWA TENGAH,SUKOHARJO,3311,Usia 13-15tahun,"13,455","1,092"
JAWA TENGAH,SUKOHARJO,3311,Usia 16-18tahun,"6,755","5,434"
JAWA TENGAH,WONOGIRI,3312,Usia 7-12tahun,"26,451","2,684"
JAWA TENGAH,WONOGIRI,3312,Usia 13-15tahun,"12,794","2,227"
JAWA TENGAH,WONOGIRI,3312,Usia 16-18tahun,"5,306","7,457"
JAWA TENGAH,KARANGANYAR,3313,Usia 7-12tahun,"26,941","2,339"
JAWA TENGAH,KARANGANYAR,3313,Usia 13-15tahun,"13,097","1,409"
JAWA TENGAH,KARANGANYAR,3313,Usia 16-18tahun,"5,677","6,014"
JAWA TENGAH,SRAGEN,3314,Usia 7-12tahun,"26,663","2,329"
JAWA TENGAH,SRAGEN,3314,Usia 13-15tahun,"12,035","1,544"
JAWA TENGAH,SRAGEN,3314,Usia 16-18tahun,"5,375","5,471"
JAWA TENGAH,GROBOGAN,3315,Usia 7-12tahun,"62,024","3,566"
JAWA TENGAH,GROBOGAN,3315,Usia 13-15tahun,"26,517","7,118"
JAWA TENGAH,GROBOGAN,3315,Usia 16-18tahun,"8,723","18,614"
JAWA TENGAH,BLORA,3316,Usia 7-12tahun,"34,151","2,396"
JAWA TENGAH,BLORA,3316,Usia 13-15tahun,"15,269","3,106"
JAWA TENGAH,BLORA,3316,Usia 16-18tahun,"5,971","9,029"
JAWA TENGAH,REMBANG,3317,Usia 7-12tahun,"31,356","2,309"
JAWA TENGAH,REMBANG,3317,Usia 13-15tahun,"14,541","2,336"
JAWA TENGAH,REMBANG,3317,Usia 16-18tahun,"5,725","8,204"
JAWA TENGAH,PATI,3318,Usia 7-12tahun,"49,827","4,306"
JAWA TENGAH,PATI,3318,Usia 13-15tahun,"24,109","3,887"
JAWA TENGAH,PATI,3318,Usia 16-18tahun,"11,423","13,741"
JAWA TENGAH,KUDUS,3319,Usia 7-12tahun,"22,012","1,327"
JAWA TENGAH,KUDUS,3319,Usia 13-15tahun,"10,492","2,152"
JAWA TENGAH,KUDUS,3319,Usia 16-18tahun,"4,388","7,133"
JAWA TENGAH,JEPARA,3320,Usia 7-12tahun,"56,701","4,185"
JAWA TENGAH,JEPARA,3320,Usia 13-15tahun,"25,587","4,546"
JAWA TENGAH,JEPARA,3320,Usia 16-18tahun,"10,749","15,243"
JAWA TENGAH,DEMAK,3321,Usia 7-12tahun,"58,080","3,448"
JAWA TENGAH,DEMAK,3321,Usia 13-15tahun,"27,599","3,644"
JAWA TENGAH,DEMAK,3321,Usia 16-18tahun,"13,146","14,709"
JAWA TENGAH,SEMARANG,3322,Usia 7-12tahun,"25,711","1,946"
JAWA TENGAH,SEMARANG,3322,Usia 13-15tahun,"11,986","2,068"
JAWA TENGAH,SEMARANG,3322,Usia 16-18tahun,"4,681","6,904"
JAWA TENGAH,TEMANGGUNG,3323,Usia 7-12tahun,"29,529","3,438"
JAWA TENGAH,TEMANGGUNG,3323,Usia 13-15tahun,"12,678","3,264"
JAWA TENGAH,TEMANGGUNG,3323,Usia 16-18tahun,"4,386","8,399"
JAWA TENGAH,KENDAL,3324,Usia 7-12tahun,"31,858","2,200"
JAWA TENGAH,KENDAL,3324,Usia 13-15tahun,"14,294","3,000"
JAWA TENGAH,KENDAL,3324,Usia 16-18tahun,"6,091","9,649"
JAWA TENGAH,BATANG,3325,Usia 7-12tahun,"30,538","2,516"
JAWA TENGAH,BATANG,3325,Usia 13-15tahun,"12,361","4,530"
JAWA TENGAH,BATANG,3325,Usia 16-18tahun,"3,820","10,229"
JAWA TENGAH,PEKALONGAN,3326,Usia 7-12tahun,"50,241","5,336"
JAWA TENGAH,PEKALONGAN,3326,Usia 13-15tahun,"21,693","7,145"
JAWA TENGAH,PEKALONGAN,3326,Usia 16-18tahun,"8,709","17,421"
JAWA TENGAH,PEMALANG,3327,Usia 7-12tahun,"79,433","7,543"
JAWA TENGAH,PEMALANG,3327,Usia 13-15tahun,"33,867","11,451"
JAWA TENGAH,PEMALANG,3327,Usia 16-18tahun,"13,827","25,837"
JAWA TENGAH,TEGAL,3328,Usia 7-12tahun,"74,625","8,764"
JAWA TENGAH,TEGAL,3328,Usia 13-15tahun,"33,271","9,647"
JAWA TENGAH,TEGAL,3328,Usia 16-18tahun,"15,050","24,488"
JAWA TENGAH,BREBES,3329,Usia 7-12tahun,"111,511","12,244"
JAWA TENGAH,BREBES,3329,Usia 13-15tahun,"47,073","18,901"
JAWA TENGAH,BREBES,3329,Usia 16-18tahun,"19,511","39,427"
JAWA TENGAH,KOTA MAGELANG,3371,Usia 7-12tahun,"3,281",445
JAWA TENGAH,KOTA MAGELANG,3371,Usia 13-15tahun,"1,656",207
JAWA TENGAH,KOTA MAGELANG,3371,Usia 16-18tahun,"1,014",741
JAWA TENGAH,KOTA SURAKARTA,3372,Usia 7-12tahun,"15,845","1,036"
JAWA TENGAH,KOTA SURAKARTA,3372,Usia 13-15tahun,"7,820",523
JAWA TENGAH,KOTA SURAKARTA,3372,Usia 16-18tahun,"4,440","2,791"
JAWA TENGAH,KOTA SALATIGA,3373,Usia 7-12tahun,"3,612",253
JAWA TENGAH,KOTA SALATIGA,3373,Usia 13-15tahun,"1,608",143
JAWA TENGAH,KOTA SALATIGA,3373,Usia 16-18tahun,965,607
JAWA TENGAH,KOTA SEMARANG,3374,Usia 7-12tahun,"29,252","2,381"
JAWA TENGAH,KOTA SEMARANG,3374,Usia 13-15tahun,"14,840","1,624"
JAWA TENGAH,KOTA SEMARANG,3374,Usia 16-18tahun,"8,181","6,458"
JAWA TENGAH,KOTA PEKALONGAN,3375,Usia 7-12tahun,"13,653",974
JAWA TENGAH,KOTA PEKALONGAN,3375,Usia 13-15tahun,"5,856","1,402"
JAWA TENGAH,KOTA PEKALONGAN,3375,Usia 16-18tahun,"2,781","4,257"
JAWA TENGAH,KOTA TEGAL,3376,Usia 7-12tahun,"9,751",932
JAWA TENGAH,KOTA TEGAL,3376,Usia 13-15tahun,"4,388",962
JAWA TENGAH,KOTA TEGAL,3376,Usia 16-18tahun,"2,362","2,767"
DI YOGYAKARTA,KULON PROGO,3401,Usia 7-12tahun,"13,168","1,194"
DI YOGYAKARTA,KULON PROGO,3401,Usia 13-15tahun,"6,120",358
DI YOGYAKARTA,KULON PROGO,3401,Usia 16-18tahun,"2,993","1,920"
DI YOGYAKARTA,BANTUL,3402,Usia 7-12tahun,"30,342","3,558"
DI YOGYAKARTA,BANTUL,3402,Usia 13-15tahun,"14,355","1,051"
DI YOGYAKARTA,BANTUL,3402,Usia 16-18tahun,"7,465","4,436"
DI YOGYAKARTA,GUNUNG KIDUL,3403,Usia 7-12tahun,"26,562","3,378"
DI YOGYAKARTA,GUNUNG KIDUL,3403,Usia 13-15tahun,"13,690","1,804"
DI YOGYAKARTA,GUNUNG KIDUL,3403,Usia 16-18tahun,"6,103","5,997"
DI YOGYAKARTA,SLEMAN,3404,Usia 7-12tahun,"32,458","3,493"
DI YOGYAKARTA,SLEMAN,3404,Usia 13-15tahun,"15,200",971
DI YOGYAKARTA,SLEMAN,3404,Usia 16-18tahun,"8,626","4,786"
DI YOGYAKARTA,KOTA YOGYAKARTA,3471,Usia 7-12tahun,"9,080",895
DI YOGYAKARTA,KOTA YOGYAKARTA,3471,Usia 13-15tahun,"4,429",189
DI YOGYAKARTA,KOTA YOGYAKARTA,3471,Usia 16-18tahun,"2,585","1,187"
JAWA TIMUR,PACITAN,3501,Usia 7-12tahun,"12,986","1,998"
JAWA TIMUR,PACITAN,3501,Usia 13-15tahun,"6,669","1,277"
JAWA TIMUR,PACITAN,3501,Usia 16-18tahun,"2,594","4,201"
JAWA TIMUR,PONOROGO,3502,Usia 7-12tahun,"25,032","3,046"
JAWA TIMUR,PONOROGO,3502,Usia 13-15tahun,"13,799","1,610"
JAWA TIMUR,PONOROGO,3502,Usia 16-18tahun,"7,996","6,672"
JAWA TIMUR,TRENGGALEK,3503,Usia 7-12tahun,"21,170","2,539"
JAWA TIMUR,TRENGGALEK,3503,Usia 13-15tahun,"11,234","1,732"
JAWA TIMUR,TRENGGALEK,3503,Usia 16-18tahun,"4,630","6,781"
JAWA TIMUR,TULUNGAGUNG,3504,Usia 7-12tahun,"25,021","3,502"
JAWA TIMUR,TULUNGAGUNG,3504,Usia 13-15tahun,"13,138","1,595"
JAWA TIMUR,TULUNGAGUNG,3504,Usia 16-18tahun,"6,856","6,614"
JAWA TIMUR,BLITAR,3505,Usia 7-12tahun,"29,892","3,964"
JAWA TIMUR,BLITAR,3505,Usia 13-15tahun,"14,122","2,655"
JAWA TIMUR,BLITAR,3505,Usia 16-18tahun,"6,851","7,944"
JAWA TIMUR,KEDIRI,3506,Usia 7-12tahun,"48,251","6,349"
JAWA TIMUR,KEDIRI,3506,Usia 13-15tahun,"22,863","3,472"
JAWA TIMUR,KEDIRI,3506,Usia 16-18tahun,"10,830","11,276"
JAWA TIMUR,MALANG,3507,Usia 7-12tahun,"63,820","8,802"
JAWA TIMUR,MALANG,3507,Usia 13-15tahun,"28,169","7,945"
JAWA TIMUR,MALANG,3507,Usia 16-18tahun,"10,996","20,544"
JAWA TIMUR,LUMAJANG,3508,Usia 7-12tahun,"35,971","6,987"
JAWA TIMUR,LUMAJANG,3508,Usia 13-15tahun,"16,067","5,289"
JAWA TIMUR,LUMAJANG,3508,Usia 16-18tahun,"7,237","11,902"
JAWA TIMUR,JEMBER,3509,Usia 7-12tahun,"86,381","15,409"
JAWA TIMUR,JEMBER,3509,Usia 13-15tahun,"39,348","12,707"
JAWA TIMUR,JEMBER,3509,Usia 16-18tahun,"17,398","25,074"
JAWA TIMUR,BANYUWANGI,3510,Usia 7-12tahun,"45,849","6,862"
JAWA TIMUR,BANYUWANGI,3510,Usia 13-15tahun,"23,203","4,172"
JAWA TIMUR,BANYUWANGI,3510,Usia 16-18tahun,"11,714","11,574"
JAWA TIMUR,BONDOWOSO,3511,Usia 7-12tahun,"39,374","5,843"
JAWA TIMUR,BONDOWOSO,3511,Usia 13-15tahun,"17,931","3,475"
JAWA TIMUR,BONDOWOSO,3511,Usia 16-18tahun,"9,471","8,329"
JAWA TIMUR,SITUBONDO,3512,Usia 7-12tahun,"22,611","3,490"
JAWA TIMUR,SITUBONDO,3512,Usia 13-15tahun,"9,694","2,008"
JAWA TIMUR,SITUBONDO,3512,Usia 16-18tahun,"5,387","4,951"
JAWA TIMUR,PROBOLINGGO,3513,Usia 7-12tahun,"54,941","8,521"
JAWA TIMUR,PROBOLINGGO,3513,Usia 13-15tahun,"23,654","6,904"
JAWA TIMUR,PROBOLINGGO,3513,Usia 16-18tahun,"11,161","15,699"
JAWA TIMUR,PASURUAN,3514,Usia 7-12tahun,"57,578","9,532"
JAWA TIMUR,PASURUAN,3514,Usia 13-15tahun,"24,987","8,881"
JAWA TIMUR,PASURUAN,3514,Usia 16-18tahun,"12,578","18,897"
JAWA TIMUR,SIDOARJO,3515,Usia 7-12tahun,"39,008","3,949"
JAWA TIMUR,SIDOARJO,3515,Usia 13-15tahun,"21,328","1,393"
JAWA TIMUR,SIDOARJO,3515,Usia 16-18tahun,"13,102","7,070"
JAWA TIMUR,MOJOKERTO,3516,Usia 7-12tahun,"29,289","3,140"
JAWA TIMUR,MOJOKERTO,3516,Usia 13-15tahun,"14,954","1,480"
JAWA TIMUR,MOJOKERTO,3516,Usia 16-18tahun,"8,059","6,465"
JAWA TIMUR,JOMBANG,3517,Usia 7-12tahun,"51,562","5,148"
JAWA TIMUR,JOMBANG,3517,Usia 13-15tahun,"25,573","2,611"
JAWA TIMUR,JOMBANG,3517,Usia 16-18tahun,"12,656","11,040"
JAWA TIMUR,NGANJUK,3518,Usia 7-12tahun,"44,705","5,601"
JAWA TIMUR,NGANJUK,3518,Usia 13-15tahun,"22,497","2,458"
JAWA TIMUR,NGANJUK,3518,Usia 16-18tahun,"11,362","10,096"
JAWA TIMUR,MADIUN,3519,Usia 7-12tahun,"17,065","2,129"
JAWA TIMUR,MADIUN,3519,Usia 13-15tahun,"9,079",963
JAWA TIMUR,MADIUN,3519,Usia 16-18tahun,"4,578","3,601"
JAWA TIMUR,MAGETAN,3520,Usia 7-12tahun,"16,108","1,505"
JAWA TIMUR,MAGETAN,3520,Usia 13-15tahun,"8,211",640
JAWA TIMUR,MAGETAN,3520,Usia 16-18tahun,"4,633","3,218"
JAWA TIMUR,NGAWI,3521,Usia 7-12tahun,"32,937","3,666"
JAWA TIMUR,NGAWI,3521,Usia 13-15tahun,"16,904","1,920"
JAWA TIMUR,NGAWI,3521,Usia 16-18tahun,"9,090","7,346"
JAWA TIMUR,BOJONEGORO,3522,Usia 7-12tahun,"48,880","4,503"
JAWA TIMUR,BOJONEGORO,3522,Usia 13-15tahun,"24,243","3,144"
JAWA TIMUR,BOJONEGORO,3522,Usia 16-18tahun,"11,936","12,445"
JAWA TIMUR,TUBAN,3523,Usia 7-12tahun,"38,895","4,893"
JAWA TIMUR,TUBAN,3523,Usia 13-15tahun,"18,008","3,774"
JAWA TIMUR,TUBAN,3523,Usia 16-18tahun,"7,976","11,883"
JAWA TIMUR,LAMONGAN,3524,Usia 7-12tahun,"39,817","3,647"
JAWA TIMUR,LAMONGAN,3524,Usia 13-15tahun,"20,139","2,075"
JAWA TIMUR,LAMONGAN,3524,Usia 16-18tahun,"10,947","8,611"
JAWA TIMUR,GRESIK,3525,Usia 7-12tahun,"37,091","2,835"
JAWA TIMUR,GRESIK,3525,Usia 13-15tahun,"18,213","1,379"
JAWA TIMUR,GRESIK,3525,Usia 16-18tahun,"10,416","7,548"
JAWA TIMUR,BANGKALAN,3526,Usia 7-12tahun,"42,863","7,597"
JAWA TIMUR,BANGKALAN,3526,Usia 13-15tahun,"19,458","8,461"
JAWA TIMUR,BANGKALAN,3526,Usia 16-18tahun,"9,861","18,147"
JAWA TIMUR,SAMPANG,3527,Usia 7-12tahun,"59,023","6,862"
JAWA TIMUR,SAMPANG,3527,Usia 13-15tahun,"27,214","8,331"
JAWA TIMUR,SAMPANG,3527,Usia 16-18tahun,"13,057","20,823"
JAWA TIMUR,PAMEKASAN,3528,Usia 7-12tahun,"42,514","6,125"
JAWA TIMUR,PAMEKASAN,3528,Usia 13-15tahun,"22,383","3,598"
JAWA TIMUR,PAMEKASAN,3528,Usia 16-18tahun,"15,880","10,781"
JAWA TIMUR,SUMENEP,3529,Usia 7-12tahun,"44,316","6,022"
JAWA TIMUR,SUMENEP,3529,Usia 13-15tahun,"21,457","3,370"
JAWA TIMUR,SUMENEP,3529,Usia 16-18tahun,"13,838","9,753"
JAWA TIMUR,KOTA KEDIRI,3571,Usia 7-12tahun,"7,028",748
JAWA TIMUR,KOTA KEDIRI,3571,Usia 13-15tahun,"3,486",235
JAWA TIMUR,KOTA KEDIRI,3571,Usia 16-18tahun,"2,190","1,070"
JAWA TIMUR,KOTA BLITAR,3572,Usia 7-12tahun,"2,666",254
JAWA TIMUR,KOTA BLITAR,3572,Usia 13-15tahun,"1,426",78
JAWA TIMUR,KOTA BLITAR,3572,Usia 16-18tahun,773,506
JAWA TIMUR,KOTA MALANG,3573,Usia 7-12tahun,"11,419","1,708"
JAWA TIMUR,KOTA MALANG,3573,Usia 13-15tahun,"5,579",854
JAWA TIMUR,KOTA MALANG,3573,Usia 16-18tahun,"3,052","2,714"
JAWA TIMUR,KOTA PROBOLINGGO,3574,Usia 7-12tahun,"6,545",776
JAWA TIMUR,KOTA PROBOLINGGO,3574,Usia 13-15tahun,"3,317",427
JAWA TIMUR,KOTA PROBOLINGGO,3574,Usia 16-18tahun,"1,990","1,473"
JAWA TIMUR,KOTA PASURUAN,3575,Usia 7-12tahun,"5,421",780
JAWA TIMUR,KOTA PASURUAN,3575,Usia 13-15tahun,"2,894",358
JAWA TIMUR,KOTA PASURUAN,3575,Usia 16-18tahun,"1,684","1,262"
JAWA TIMUR,KOTA MOJOKERTO,3576,Usia 7-12tahun,"2,445",208
JAWA TIMUR,KOTA MOJOKERTO,3576,Usia 13-15tahun,"1,309",66
JAWA TIMUR,KOTA MOJOKERTO,3576,Usia 16-18tahun,844,457
JAWA TIMUR,KOTA MADIUN,3577,Usia 7-12tahun,"2,329",305
JAWA TIMUR,KOTA MADIUN,3577,Usia 13-15tahun,"1,249",86
JAWA TIMUR,KOTA MADIUN,3577,Usia 16-18tahun,824,379
JAWA TIMUR,KOTA SURABAYA,3578,Usia 7-12tahun,"52,941","6,777"
JAWA TIMUR,KOTA SURABAYA,3578,Usia 13-15tahun,"28,196","2,489"
JAWA TIMUR,KOTA SURABAYA,3578,Usia 16-18tahun,"17,929","10,498"
JAWA TIMUR,KOTA BATU,3579,Usia 7-12tahun,"4,196",365
JAWA TIMUR,KOTA BATU,3579,Usia 13-15tahun,"1,909",232
JAWA TIMUR,KOTA BATU,3579,Usia 16-18tahun,951,956
BANTEN,PANDEGLANG,3601,Usia 7-12tahun,"76,068","10,866"
BANTEN,PANDEGLANG,3601,Usia 13-15tahun,"29,321","12,082"
BANTEN,PANDEGLANG,3601,Usia 16-18tahun,"9,274","22,095"
BANTEN,LEBAK,3602,Usia 7-12tahun,"60,382","10,964"
BANTEN,LEBAK,3602,Usia 13-15tahun,"24,088","11,401"
BANTEN,LEBAK,3602,Usia 16-18tahun,"6,898","21,504"
BANTEN,TANGERANG,3603,Usia 7-12tahun,"94,742","13,063"
BANTEN,TANGERANG,3603,Usia 13-15tahun,"46,431","11,348"
BANTEN,TANGERANG,3603,Usia 16-18tahun,"21,868","35,483"
BANTEN,SERANG,3604,Usia 7-12tahun,"42,687","5,244"
BANTEN,SERANG,3604,Usia 13-15tahun,"20,228","5,321"
BANTEN,SERANG,3604,Usia 16-18tahun,"6,180","13,028"
BANTEN,KOTA TANGERANG,3671,Usia 7-12tahun,"31,504","3,268"
BANTEN,KOTA TANGERANG,3671,Usia 13-15tahun,"16,469","1,679"
BANTEN,KOTA TANGERANG,3671,Usia 16-18tahun,"8,875","7,792"
BANTEN,KOTA CILEGON,3672,Usia 7-12tahun,"7,451",822
BANTEN,KOTA CILEGON,3672,Usia 13-15tahun,"4,075",562
BANTEN,KOTA CILEGON,3672,Usia 16-18tahun,"2,217","1,802"
BANTEN,KOTA SERANG,3673,Usia 7-12tahun,"13,910","2,191"
BANTEN,KOTA SERANG,3673,Usia 13-15tahun,"6,061","3,043"
BANTEN,KOTA SERANG,3673,Usia 16-18tahun,"1,982","5,851"
BANTEN,KOTA TANGERANG SELATAN,3674,Usia 7-12tahun,"11,838","1,496"
BANTEN,KOTA TANGERANG SELATAN,3674,Usia 13-15tahun,"6,964",713
BANTEN,KOTA TANGERANG SELATAN,3674,Usia 16-18tahun,"4,121","3,170"
BALI,JEMBRANA,5101,Usia 7-12tahun,"6,957",768
BALI,JEMBRANA,5101,Usia 13-15tahun,"3,216",439
BALI,JEMBRANA,5101,Usia 16-18tahun,"1,590","1,329"
BALI,TABANAN,5102,Usia 7-12tahun,"11,026",868
BALI,TABANAN,5102,Usia 13-15tahun,"5,229",431
BALI,TABANAN,5102,Usia 16-18tahun,"2,909","1,845"
BALI,BADUNG,5103,Usia 7-12tahun,"6,607",462
BALI,BADUNG,5103,Usia 13-15tahun,"2,946",134
BALI,BADUNG,5103,Usia 16-18tahun,"1,646",670
BALI,GIANYAR,5104,Usia 7-12tahun,"11,182","1,046"
BALI,GIANYAR,5104,Usia 13-15tahun,"4,821",349
BALI,GIANYAR,5104,Usia 16-18tahun,"2,421","1,531"
BALI,KLUNGKUNG,5105,Usia 7-12tahun,"4,272",469
BALI,KLUNGKUNG,5105,Usia 13-15tahun,"2,069",231
BALI,KLUNGKUNG,5105,Usia 16-18tahun,"1,045",628
BALI,BANGLI,5106,Usia 7-12tahun,"7,138","1,397"
BALI,BANGLI,5106,Usia 13-15tahun,"3,106",755
BALI,BANGLI,5106,Usia 16-18tahun,"1,474","1,773"
BALI,KARANG ASEM,5107,Usia 7-12tahun,"17,368","3,217"
BALI,KARANG ASEM,5107,Usia 13-15tahun,"6,946","2,256"
BALI,KARANG ASEM,5107,Usia 16-18tahun,"2,864","3,969"
BALI,BULELENG,5108,Usia 7-12tahun,"28,260","4,880"
BALI,BULELENG,5108,Usia 13-15tahun,"11,754","2,926"
BALI,BULELENG,5108,Usia 16-18tahun,"5,358","5,704"
BALI,KOTA DENPASAR,5171,Usia 7-12tahun,"3,292",249
BALI,KOTA DENPASAR,5171,Usia 13-15tahun,"1,435",107
BALI,KOTA DENPASAR,5171,Usia 16-18tahun,587,413
NUSA TENGGARA BARAT,LOMBOK BARAT,5201,Usia 7-12tahun,"43,288","6,867"
NUSA TENGGARA BARAT,LOMBOK BARAT,5201,Usia 13-15tahun,"19,062","3,046"
NUSA TENGGARA BARAT,LOMBOK BARAT,5201,Usia 16-18tahun,"11,057","7,365"
NUSA TENGGARA BARAT,LOMBOK TENGAH,5202,Usia 7-12tahun,"62,464","8,636"
NUSA TENGGARA BARAT,LOMBOK TENGAH,5202,Usia 13-15tahun,"27,251","4,007"
NUSA TENGGARA BARAT,LOMBOK TENGAH,5202,Usia 16-18tahun,"15,003","11,256"
NUSA TENGGARA BARAT,LOMBOK TIMUR,5203,Usia 7-12tahun,"96,346","10,105"
NUSA TENGGARA BARAT,LOMBOK TIMUR,5203,Usia 13-15tahun,"41,444","6,068"
NUSA TENGGARA BARAT,LOMBOK TIMUR,5203,Usia 16-18tahun,"19,481","15,503"
NUSA TENGGARA BARAT,SUMBAWA,5204,Usia 7-12tahun,"21,906","2,666"
NUSA TENGGARA BARAT,SUMBAWA,5204,Usia 13-15tahun,"8,414","1,666"
NUSA TENGGARA BARAT,SUMBAWA,5204,Usia 16-18tahun,"3,611","4,100"
NUSA TENGGARA BARAT,DOMPU,5205,Usia 7-12tahun,"18,694","1,283"
NUSA TENGGARA BARAT,DOMPU,5205,Usia 13-15tahun,"7,630",632
NUSA TENGGARA BARAT,DOMPU,5205,Usia 16-18tahun,"4,240","2,620"
NUSA TENGGARA BARAT,BIMA,5206,Usia 7-12tahun,"37,174","2,148"
NUSA TENGGARA BARAT,BIMA,5206,Usia 13-15tahun,"14,898","1,343"
NUSA TENGGARA BARAT,BIMA,5206,Usia 16-18tahun,"7,944","5,485"
NUSA TENGGARA BARAT,SUMBAWA BARAT,5207,Usia 7-12tahun,"7,346","1,154"
NUSA TENGGARA BARAT,SUMBAWA BARAT,5207,Usia 13-15tahun,"3,182",354
NUSA TENGGARA BARAT,SUMBAWA BARAT,5207,Usia 16-18tahun,"1,642",977
NUSA TENGGARA BARAT,LOMBOK UTARA,5208,Usia 7-12tahun,"15,771","2,898"
NUSA TENGGARA BARAT,LOMBOK UTARA,5208,Usia 13-15tahun,"6,987","1,293"
NUSA TENGGARA BARAT,LOMBOK UTARA,5208,Usia 16-18tahun,"3,737","3,056"
NUSA TENGGARA BARAT,KOTA MATARAM,5271,Usia 7-12tahun,"16,826","2,804"
NUSA TENGGARA BARAT,KOTA MATARAM,5271,Usia 13-15tahun,"7,808",968
NUSA TENGGARA BARAT,KOTA MATARAM,5271,Usia 16-18tahun,"4,731","3,483"
NUSA TENGGARA BARAT,KOTA BIMA,5272,Usia 7-12tahun,"8,872",402
NUSA TENGGARA BARAT,KOTA BIMA,5272,Usia 13-15tahun,"3,686",252
NUSA TENGGARA BARAT,KOTA BIMA,5272,Usia 16-18tahun,"1,959","1,398"
NUSA TENGGARA TIMUR,SUMBA BARAT,5301,Usia 7-12tahun,"16,681","1,488"
NUSA TENGGARA TIMUR,SUMBA BARAT,5301,Usia 13-15tahun,"6,650",628
NUSA TENGGARA TIMUR,SUMBA BARAT,5301,Usia 16-18tahun,"4,040","1,562"
NUSA TENGGARA TIMUR,SUMBA TIMUR,5302,Usia 7-12tahun,"24,122","2,400"
NUSA TENGGARA TIMUR,SUMBA TIMUR,5302,Usia 13-15tahun,"7,868","1,239"
NUSA TENGGARA TIMUR,SUMBA TIMUR,5302,Usia 16-18tahun,"4,384","2,850"
NUSA TENGGARA TIMUR,KUPANG,5303,Usia 7-12tahun,"32,468","3,796"
NUSA TENGGARA TIMUR,KUPANG,5303,Usia 13-15tahun,"12,659","1,761"
NUSA TENGGARA TIMUR,KUPANG,5303,Usia 16-18tahun,"6,651","4,090"
NUSA TENGGARA TIMUR,TIMOR TENGAH SELATAN,5304,Usia 7-12tahun,"57,544","5,856"
NUSA TENGGARA TIMUR,TIMOR TENGAH SELATAN,5304,Usia 13-15tahun,"19,435","3,518"
NUSA TENGGARA TIMUR,TIMOR TENGAH SELATAN,5304,Usia 16-18tahun,"9,040","7,385"
NUSA TENGGARA TIMUR,TIMOR TENGAH UTARA,5305,Usia 7-12tahun,"22,847","2,655"
NUSA TENGGARA TIMUR,TIMOR TENGAH UTARA,5305,Usia 13-15tahun,"8,647","1,581"
NUSA TENGGARA TIMUR,TIMOR TENGAH UTARA,5305,Usia 16-18tahun,"4,176","2,785"
NUSA TENGGARA TIMUR,BELU,5306,Usia 7-12tahun,"16,729","2,246"
NUSA TENGGARA TIMUR,BELU,5306,Usia 13-15tahun,"6,219","1,463"
NUSA TENGGARA TIMUR,BELU,5306,Usia 16-18tahun,"3,270","2,355"
NUSA TENGGARA TIMUR,ALOR,5307,Usia 7-12tahun,"20,507","2,694"
NUSA TENGGARA TIMUR,ALOR,5307,Usia 13-15tahun,"7,380","1,263"
NUSA TENGGARA TIMUR,ALOR,5307,Usia 16-18tahun,"3,967","2,868"
NUSA TENGGARA TIMUR,LEMBATA,5308,Usia 7-12tahun,"11,151","1,107"
NUSA TENGGARA TIMUR,LEMBATA,5308,Usia 13-15tahun,"3,942",772
NUSA TENGGARA TIMUR,LEMBATA,5308,Usia 16-18tahun,"1,674","1,404"
NUSA TENGGARA TIMUR,FLORES TIMUR,5309,Usia 7-12tahun,"17,972","2,147"
NUSA TENGGARA TIMUR,FLORES TIMUR,5309,Usia 13-15tahun,"7,280","1,511"
NUSA TENGGARA TIMUR,FLORES TIMUR,5309,Usia 16-18tahun,"3,653","2,495"
NUSA TENGGARA TIMUR,SIKKA,5310,Usia 7-12tahun,"24,113","3,319"
NUSA TENGGARA TIMUR,SIKKA,5310,Usia 13-15tahun,"9,740","2,368"
NUSA TENGGARA TIMUR,SIKKA,5310,Usia 16-18tahun,"5,093","3,894"
NUSA TENGGARA TIMUR,ENDE,5311,Usia 7-12tahun,"21,191","1,954"
NUSA TENGGARA TIMUR,ENDE,5311,Usia 13-15tahun,"7,463","1,205"
NUSA TENGGARA TIMUR,ENDE,5311,Usia 16-18tahun,"3,458","2,828"
NUSA TENGGARA TIMUR,NGADA,5312,Usia 7-12tahun,"10,030","1,124"
NUSA TENGGARA TIMUR,NGADA,5312,Usia 13-15tahun,"4,066",644
NUSA TENGGARA TIMUR,NGADA,5312,Usia 16-18tahun,"2,152","1,306"
NUSA TENGGARA TIMUR,MANGGARAI,5313,Usia 7-12tahun,"35,084","3,313"
NUSA TENGGARA TIMUR,MANGGARAI,5313,Usia 13-15tahun,"14,071","2,106"
NUSA TENGGARA TIMUR,MANGGARAI,5313,Usia 16-18tahun,"6,655","4,533"
NUSA TENGGARA TIMUR,ROTE NDAO,5314,Usia 7-12tahun,"14,075","1,799"
NUSA TENGGARA TIMUR,ROTE NDAO,5314,Usia 13-15tahun,"4,842",701
NUSA TENGGARA TIMUR,ROTE NDAO,5314,Usia 16-18tahun,"2,552","1,591"
NUSA TENGGARA TIMUR,MANGGARAI BARAT,5315,Usia 7-12tahun,"32,486","2,127"
NUSA TENGGARA TIMUR,MANGGARAI BARAT,5315,Usia 13-15tahun,"10,802","1,642"
NUSA TENGGARA TIMUR,MANGGARAI BARAT,5315,Usia 16-18tahun,"4,717","3,765"
NUSA TENGGARA TIMUR,SUMBA TENGAH,5316,Usia 7-12tahun,"10,008",705
NUSA TENGGARA TIMUR,SUMBA TENGAH,5316,Usia 13-15tahun,"3,575",298
NUSA TENGGARA TIMUR,SUMBA TENGAH,5316,Usia 16-18tahun,"1,998",794
NUSA TENGGARA TIMUR,SUMBA BARAT DAYA,5317,Usia 7-12tahun,"52,857","5,354"
NUSA TENGGARA TIMUR,SUMBA BARAT DAYA,5317,Usia 13-15tahun,"19,432","2,813"
NUSA TENGGARA TIMUR,SUMBA BARAT DAYA,5317,Usia 16-18tahun,"11,722","6,588"
NUSA TENGGARA TIMUR,NAGEKEO,5318,Usia 7-12tahun,"10,127","1,215"
NUSA TENGGARA TIMUR,NAGEKEO,5318,Usia 13-15tahun,"3,880",593
NUSA TENGGARA TIMUR,NAGEKEO,5318,Usia 16-18tahun,"1,620","1,333"
NUSA TENGGARA TIMUR,MANGGARAI TIMUR,5319,Usia 7-12tahun,"32,579","4,259"
NUSA TENGGARA TIMUR,MANGGARAI TIMUR,5319,Usia 13-15tahun,"14,390","2,433"
NUSA TENGGARA TIMUR,MANGGARAI TIMUR,5319,Usia 16-18tahun,"7,319","4,962"
NUSA TENGGARA TIMUR,SABU RAIJUA,5320,Usia 7-12tahun,"11,428","1,323"
NUSA TENGGARA TIMUR,SABU RAIJUA,5320,Usia 13-15tahun,"3,998",454
NUSA TENGGARA TIMUR,SABU RAIJUA,5320,Usia 16-18tahun,"2,868","1,227"
NUSA TENGGARA TIMUR,MALAKA,5321,Usia 7-12tahun,"19,211","2,134"
NUSA TENGGARA TIMUR,MALAKA,5321,Usia 13-15tahun,"7,343","1,541"
NUSA TENGGARA TIMUR,MALAKA,5321,Usia 16-18tahun,"3,969","2,805"
NUSA TENGGARA TIMUR,KOTA KUPANG,5371,Usia 7-12tahun,"16,526","1,115"
NUSA TENGGARA TIMUR,KOTA KUPANG,5371,Usia 13-15tahun,"6,555",356
NUSA TENGGARA TIMUR,KOTA KUPANG,5371,Usia 16-18tahun,"3,540","1,614"
KALIMANTAN BARAT,SAMBAS,6101,Usia 7-12tahun,"21,163","2,957"
KALIMANTAN BARAT,SAMBAS,6101,Usia 13-15tahun,"8,366","2,505"
KALIMANTAN BARAT,SAMBAS,6101,Usia 16-18tahun,"3,371","5,066"
KALIMANTAN BARAT,BENGKAYANG,6102,Usia 7-12tahun,"12,982","1,664"
KALIMANTAN BARAT,BENGKAYANG,6102,Usia 13-15tahun,"5,540","1,137"
KALIMANTAN BARAT,BENGKAYANG,6102,Usia 16-18tahun,"2,546","2,817"
KALIMANTAN BARAT,LANDAK,6103,Usia 7-12tahun,"28,206","3,021"
KALIMANTAN BARAT,LANDAK,6103,Usia 13-15tahun,"13,056","2,182"
KALIMANTAN BARAT,LANDAK,6103,Usia 16-18tahun,"7,188","5,892"
KALIMANTAN BARAT,MEMPAWAH,6104,Usia 7-12tahun,"14,470","2,077"
KALIMANTAN BARAT,MEMPAWAH,6104,Usia 13-15tahun,"6,618","1,333"
KALIMANTAN BARAT,MEMPAWAH,6104,Usia 16-18tahun,"3,403","3,601"
KALIMANTAN BARAT,SANGGAU,6105,Usia 7-12tahun,"14,241","2,209"
KALIMANTAN BARAT,SANGGAU,6105,Usia 13-15tahun,"6,487","1,869"
KALIMANTAN BARAT,SANGGAU,6105,Usia 16-18tahun,"3,147","4,154"
KALIMANTAN BARAT,KETAPANG,6106,Usia 7-12tahun,"16,296","3,049"
KALIMANTAN BARAT,KETAPANG,6106,Usia 13-15tahun,"7,121","2,394"
KALIMANTAN BARAT,KETAPANG,6106,Usia 16-18tahun,"3,035","4,762"
KALIMANTAN BARAT,SINTANG,6107,Usia 7-12tahun,"20,503","4,113"
KALIMANTAN BARAT,SINTANG,6107,Usia 13-15tahun,"8,304","2,653"
KALIMANTAN BARAT,SINTANG,6107,Usia 16-18tahun,"3,345","5,545"
KALIMANTAN BARAT,KAPUAS HULU,6108,Usia 7-12tahun,"13,611","2,085"
KALIMANTAN BARAT,KAPUAS HULU,6108,Usia 13-15tahun,"5,771","1,306"
KALIMANTAN BARAT,KAPUAS HULU,6108,Usia 16-18tahun,"2,971","2,905"
KALIMANTAN BARAT,SEKADAU,6109,Usia 7-12tahun,"6,639","1,124"
KALIMANTAN BARAT,SEKADAU,6109,Usia 13-15tahun,"3,042",984
KALIMANTAN BARAT,SEKADAU,6109,Usia 16-18tahun,"1,389","2,047"
KALIMANTAN BARAT,MELAWI,6110,Usia 7-12tahun,"7,709","1,503"
KALIMANTAN BARAT,MELAWI,6110,Usia 13-15tahun,"3,179","1,317"
KALIMANTAN BARAT,MELAWI,6110,Usia 16-18tahun,"1,365","2,508"
KALIMANTAN BARAT,KAYONG UTARA,6111,Usia 7-12tahun,"6,210",903
KALIMANTAN BARAT,KAYONG UTARA,6111,Usia 13-15tahun,"2,482",656
KALIMANTAN BARAT,KAYONG UTARA,6111,Usia 16-18tahun,"1,428","1,203"
KALIMANTAN BARAT,KUBU RAYA,6112,Usia 7-12tahun,"26,841","4,901"
KALIMANTAN BARAT,KUBU RAYA,6112,Usia 13-15tahun,"12,768","2,947"
KALIMANTAN BARAT,KUBU RAYA,6112,Usia 16-18tahun,"7,066","7,219"
KALIMANTAN BARAT,KOTA PONTIANAK,6171,Usia 7-12tahun,"12,269","1,342"
KALIMANTAN BARAT,KOTA PONTIANAK,6171,Usia 13-15tahun,"5,644",912
KALIMANTAN BARAT,KOTA PONTIANAK,6171,Usia 16-18tahun,"3,112","2,893"
KALIMANTAN BARAT,KOTA SINGKAWANG,6172,Usia 7-12tahun,"8,898",902
KALIMANTAN BARAT,KOTA SINGKAWANG,6172,Usia 13-15tahun,"3,304",971
KALIMANTAN BARAT,KOTA SINGKAWANG,6172,Usia 16-18tahun,"1,510","2,164"
KALIMANTAN TENGAH,KOTAWARINGIN BARAT,6201,Usia 7-12tahun,"3,442",790
KALIMANTAN TENGAH,KOTAWARINGIN BARAT,6201,Usia 13-15tahun,"1,670",378
KALIMANTAN TENGAH,KOTAWARINGIN BARAT,6201,Usia 16-18tahun,905,943
KALIMANTAN TENGAH,KOTAWARINGIN TIMUR,6202,Usia 7-12tahun,"13,353","2,095"
KALIMANTAN TENGAH,KOTAWARINGIN TIMUR,6202,Usia 13-15tahun,"5,563","1,595"
KALIMANTAN TENGAH,KOTAWARINGIN TIMUR,6202,Usia 16-18tahun,"2,443","3,459"
KALIMANTAN TENGAH,KAPUAS,6203,Usia 7-12tahun,"15,827","2,236"
KALIMANTAN TENGAH,KAPUAS,6203,Usia 13-15tahun,"6,232","2,270"
KALIMANTAN TENGAH,KAPUAS,6203,Usia 16-18tahun,"2,401","4,139"
KALIMANTAN TENGAH,BARITO SELATAN,6204,Usia 7-12tahun,"3,368",411
KALIMANTAN TENGAH,BARITO SELATAN,6204,Usia 13-15tahun,"1,472",257
KALIMANTAN TENGAH,BARITO SELATAN,6204,Usia 16-18tahun,672,678
KALIMANTAN TENGAH,BARITO UTARA,6205,Usia 7-12tahun,"2,774",413
KALIMANTAN TENGAH,BARITO UTARA,6205,Usia 13-15tahun,"1,260",342
KALIMANTAN TENGAH,BARITO UTARA,6205,Usia 16-18tahun,593,717
KALIMANTAN TENGAH,SUKAMARA,6206,Usia 7-12tahun,988,274
KALIMANTAN TENGAH,SUKAMARA,6206,Usia 13-15tahun,445,144
KALIMANTAN TENGAH,SUKAMARA,6206,Usia 16-18tahun,230,262
KALIMANTAN TENGAH,LAMANDAU,6207,Usia 7-12tahun,"1,237",179
KALIMANTAN TENGAH,LAMANDAU,6207,Usia 13-15tahun,582,92
KALIMANTAN TENGAH,LAMANDAU,6207,Usia 16-18tahun,288,318
KALIMANTAN TENGAH,SERUYAN,6208,Usia 7-12tahun,"2,505",413
KALIMANTAN TENGAH,SERUYAN,6208,Usia 13-15tahun,"1,179",287
KALIMANTAN TENGAH,SERUYAN,6208,Usia 16-18tahun,628,698
KALIMANTAN TENGAH,KATINGAN,6209,Usia 7-12tahun,"3,957",508
KALIMANTAN TENGAH,KATINGAN,6209,Usia 13-15tahun,"1,833",416
KALIMANTAN TENGAH,KATINGAN,6209,Usia 16-18tahun,831,"1,127"
KALIMANTAN TENGAH,PULANG PISAU,6210,Usia 7-12tahun,"5,193",713
KALIMANTAN TENGAH,PULANG PISAU,6210,Usia 13-15tahun,"2,407",560
KALIMANTAN TENGAH,PULANG PISAU,6210,Usia 16-18tahun,"1,155","1,276"
KALIMANTAN TENGAH,GUNUNG MAS,6211,Usia 7-12tahun,"1,401",213
KALIMANTAN TENGAH,GUNUNG MAS,6211,Usia 13-15tahun,498,216
KALIMANTAN TENGAH,GUNUNG MAS,6211,Usia 16-18tahun,118,339
KALIMANTAN TENGAH,BARITO TIMUR,6212,Usia 7-12tahun,"2,166",252
KALIMANTAN TENGAH,BARITO TIMUR,6212,Usia 13-15tahun,968,161
KALIMANTAN TENGAH,BARITO TIMUR,6212,Usia 16-18tahun,439,453
KALIMANTAN TENGAH,MURUNG RAYA,6213,Usia 7-12tahun,"4,663",717
KALIMANTAN TENGAH,MURUNG RAYA,6213,Usia 13-15tahun,"1,694",596
KALIMANTAN TENGAH,MURUNG RAYA,6213,Usia 16-18tahun,541,"1,025"
KALIMANTAN TENGAH,KOTA PALANGKA RAYA,6271,Usia 7-12tahun,"5,363",489
KALIMANTAN TENGAH,KOTA PALANGKA RAYA,6271,Usia 13-15tahun,"2,150",348
KALIMANTAN TENGAH,KOTA PALANGKA RAYA,6271,Usia 16-18tahun,"1,005",973
KALIMANTAN SELATAN,TANAH LAUT,6301,Usia 7-12tahun,"8,013",936
KALIMANTAN SELATAN,TANAH LAUT,6301,Usia 13-15tahun,"3,048",984
KALIMANTAN SELATAN,TANAH LAUT,6301,Usia 16-18tahun,"1,013","1,701"
KALIMANTAN SELATAN,KOTA BARU,6302,Usia 7-12tahun,"8,107","1,854"
KALIMANTAN SELATAN,KOTA BARU,6302,Usia 13-15tahun,"3,179","1,178"
KALIMANTAN SELATAN,KOTA BARU,6302,Usia 16-18tahun,"1,433","1,853"
KALIMANTAN SELATAN,BANJAR,6303,Usia 7-12tahun,"11,222","2,141"
KALIMANTAN SELATAN,BANJAR,6303,Usia 13-15tahun,"4,515","2,115"
KALIMANTAN SELATAN,BANJAR,6303,Usia 16-18tahun,"1,651","3,330"
KALIMANTAN SELATAN,BARITO KUALA,6304,Usia 7-12tahun,"10,057","1,176"
KALIMANTAN SELATAN,BARITO KUALA,6304,Usia 13-15tahun,"4,238","1,050"
KALIMANTAN SELATAN,BARITO KUALA,6304,Usia 16-18tahun,"1,697","2,037"
KALIMANTAN SELATAN,TAPIN,6305,Usia 7-12tahun,"3,002",539
KALIMANTAN SELATAN,TAPIN,6305,Usia 13-15tahun,"1,090",577
KALIMANTAN SELATAN,TAPIN,6305,Usia 16-18tahun,399,919
KALIMANTAN SELATAN,HULU SUNGAI SELATAN,6306,Usia 7-12tahun,"7,917",833
KALIMANTAN SELATAN,HULU SUNGAI SELATAN,6306,Usia 13-15tahun,"3,276","1,307"
KALIMANTAN SELATAN,HULU SUNGAI SELATAN,6306,Usia 16-18tahun,"1,309","2,144"
KALIMANTAN SELATAN,HULU SUNGAI TENGAH,6307,Usia 7-12tahun,"9,160","1,083"
KALIMANTAN SELATAN,HULU SUNGAI TENGAH,6307,Usia 13-15tahun,"4,101","1,216"
KALIMANTAN SELATAN,HULU SUNGAI TENGAH,6307,Usia 16-18tahun,"1,813","2,412"
KALIMANTAN SELATAN,HULU SUNGAI UTARA,6308,Usia 7-12tahun,"10,144","1,218"
KALIMANTAN SELATAN,HULU SUNGAI UTARA,6308,Usia 13-15tahun,"4,374","1,260"
KALIMANTAN SELATAN,HULU SUNGAI UTARA,6308,Usia 16-18tahun,"2,052","2,650"
KALIMANTAN SELATAN,TABALONG,6309,Usia 7-12tahun,"6,734",826
KALIMANTAN SELATAN,TABALONG,6309,Usia 13-15tahun,"3,085",608
KALIMANTAN SELATAN,TABALONG,6309,Usia 16-18tahun,"1,764","1,574"
KALIMANTAN SELATAN,TANAH BUMBU,6310,Usia 7-12tahun,"7,606",762
KALIMANTAN SELATAN,TANAH BUMBU,6310,Usia 13-15tahun,"3,002",662
KALIMANTAN SELATAN,TANAH BUMBU,6310,Usia 16-18tahun,"1,387","1,552"
KALIMANTAN SELATAN,BALANGAN,6311,Usia 7-12tahun,"3,951",427
KALIMANTAN SELATAN,BALANGAN,6311,Usia 13-15tahun,"1,497",501
KALIMANTAN SELATAN,BALANGAN,6311,Usia 16-18tahun,594,881
KALIMANTAN SELATAN,KOTA BANJARMASIN,6371,Usia 7-12tahun,"16,264","1,454"
KALIMANTAN SELATAN,KOTA BANJARMASIN,6371,Usia 13-15tahun,"7,763","1,351"
KALIMANTAN SELATAN,KOTA BANJARMASIN,6371,Usia 16-18tahun,"3,653","3,811"
KALIMANTAN SELATAN,KOTA BANJAR BARU,6372,Usia 7-12tahun,"4,784",426
KALIMANTAN SELATAN,KOTA BANJAR BARU,6372,Usia 13-15tahun,"2,283",338
KALIMANTAN SELATAN,KOTA BANJAR BARU,6372,Usia 16-18tahun,"1,228",926
KALIMANTAN TIMUR,PASER,6401,Usia 7-12tahun,"9,749","1,518"
KALIMANTAN TIMUR,PASER,6401,Usia 13-15tahun,"4,027",919
KALIMANTAN TIMUR,PASER,6401,Usia 16-18tahun,"2,195","2,057"
KALIMANTAN TIMUR,KUTAI BARAT,6402,Usia 7-12tahun,"5,167",695
KALIMANTAN TIMUR,KUTAI BARAT,6402,Usia 13-15tahun,"2,368",382
KALIMANTAN TIMUR,KUTAI BARAT,6402,Usia 16-18tahun,"1,265","1,018"
KALIMANTAN TIMUR,KUTAI KARTANEGARA,6403,Usia 7-12tahun,"15,177","2,048"
KALIMANTAN TIMUR,KUTAI KARTANEGARA,6403,Usia 13-15tahun,"7,500","1,077"
KALIMANTAN TIMUR,KUTAI KARTANEGARA,6403,Usia 16-18tahun,"4,040","3,269"
KALIMANTAN TIMUR,KUTAI TIMUR,6404,Usia 7-12tahun,"10,997","1,521"
KALIMANTAN TIMUR,KUTAI TIMUR,6404,Usia 13-15tahun,"4,921",681
KALIMANTAN TIMUR,KUTAI TIMUR,6404,Usia 16-18tahun,"2,735","1,944"
KALIMANTAN TIMUR,BERAU,6405,Usia 7-12tahun,"4,130",565
KALIMANTAN TIMUR,BERAU,6405,Usia 13-15tahun,"1,738",324
KALIMANTAN TIMUR,BERAU,6405,Usia 16-18tahun,829,750
KALIMANTAN TIMUR,PENAJAM PASER UTARA,6409,Usia 7-12tahun,"6,268",712
KALIMANTAN TIMUR,PENAJAM PASER UTARA,6409,Usia 13-15tahun,"2,828",452
KALIMANTAN TIMUR,PENAJAM PASER UTARA,6409,Usia 16-18tahun,"1,710","1,190"
KALIMANTAN TIMUR,MAHAKAM HULU,6411,Usia 7-12tahun,"1,134",169
KALIMANTAN TIMUR,MAHAKAM HULU,6411,Usia 13-15tahun,499,66
KALIMANTAN TIMUR,MAHAKAM HULU,6411,Usia 16-18tahun,312,232
KALIMANTAN TIMUR,KOTA BALIKPAPAN,6471,Usia 7-12tahun,"12,717","1,358"
KALIMANTAN TIMUR,KOTA BALIKPAPAN,6471,Usia 13-15tahun,"6,470",601
KALIMANTAN TIMUR,KOTA BALIKPAPAN,6471,Usia 16-18tahun,"3,851","2,703"
KALIMANTAN TIMUR,KOTA SAMARINDA,6472,Usia 7-12tahun,"13,638","1,598"
KALIMANTAN TIMUR,KOTA SAMARINDA,6472,Usia 13-15tahun,"6,425",679
KALIMANTAN TIMUR,KOTA SAMARINDA,6472,Usia 16-18tahun,"3,476","2,566"
KALIMANTAN TIMUR,KOTA BONTANG,6474,Usia 7-12tahun,"4,754",820
KALIMANTAN TIMUR,KOTA BONTANG,6474,Usia 13-15tahun,"2,373",302
KALIMANTAN TIMUR,KOTA BONTANG,6474,Usia 16-18tahun,"1,409",909
KALIMANTAN UTARA,MALINAU,6501,Usia 7-12tahun,"2,904",414
KALIMANTAN UTARA,MALINAU,6501,Usia 13-15tahun,"1,280",273
KALIMANTAN UTARA,MALINAU,6501,Usia 16-18tahun,719,624
KALIMANTAN UTARA,BULUNGAN,6502,Usia 7-12tahun,"2,862",569
KALIMANTAN UTARA,BULUNGAN,6502,Usia 13-15tahun,"1,290",321
KALIMANTAN UTARA,BULUNGAN,6502,Usia 16-18tahun,571,577
KALIMANTAN UTARA,TANA TIDUNG,6503,Usia 7-12tahun,441,97
KALIMANTAN UTARA,TANA TIDUNG,6503,Usia 13-15tahun,207,32
KALIMANTAN UTARA,TANA TIDUNG,6503,Usia 16-18tahun,90,89
KALIMANTAN UTARA,NUNUKAN,6504,Usia 7-12tahun,"9,100","1,469"
KALIMANTAN UTARA,NUNUKAN,6504,Usia 13-15tahun,"4,101",691
KALIMANTAN UTARA,NUNUKAN,6504,Usia 16-18tahun,"2,341","1,807"
KALIMANTAN UTARA,KOTA TARAKAN,6571,Usia 7-12tahun,"6,662","1,222"
KALIMANTAN UTARA,KOTA TARAKAN,6571,Usia 13-15tahun,"3,013",469
KALIMANTAN UTARA,KOTA TARAKAN,6571,Usia 16-18tahun,"1,850","1,330"
SULAWESI UTARA,BOLAANG MONGONDOW,7101,Usia 7-12tahun,"15,908","1,159"
SULAWESI UTARA,BOLAANG MONGONDOW,7101,Usia 13-15tahun,"5,549","1,256"
SULAWESI UTARA,BOLAANG MONGONDOW,7101,Usia 16-18tahun,"2,513","3,323"
SULAWESI UTARA,MINAHASA,7102,Usia 7-12tahun,"13,125",560
SULAWESI UTARA,MINAHASA,7102,Usia 13-15tahun,"5,644",655
SULAWESI UTARA,MINAHASA,7102,Usia 16-18tahun,"2,351","2,602"
SULAWESI UTARA,KEPULAUAN SANGIHE,7103,Usia 7-12tahun,"5,269",626
SULAWESI UTARA,KEPULAUAN SANGIHE,7103,Usia 13-15tahun,"1,957",560
SULAWESI UTARA,KEPULAUAN SANGIHE,7103,Usia 16-18tahun,946,"1,324"
SULAWESI UTARA,KEPULAUAN TALAUD,7104,Usia 7-12tahun,"5,126",443
SULAWESI UTARA,KEPULAUAN TALAUD,7104,Usia 13-15tahun,"2,213",184
SULAWESI UTARA,KEPULAUAN TALAUD,7104,Usia 16-18tahun,"1,233",771
SULAWESI UTARA,MINAHASA SELATAN,7105,Usia 7-12tahun,"14,589",450
SULAWESI UTARA,MINAHASA SELATAN,7105,Usia 13-15tahun,"6,056",635
SULAWESI UTARA,MINAHASA SELATAN,7105,Usia 16-18tahun,"2,689","2,990"
SULAWESI UTARA,MINAHASA UTARA,7106,Usia 7-12tahun,"9,895",714
SULAWESI UTARA,MINAHASA UTARA,7106,Usia 13-15tahun,"4,099",607
SULAWESI UTARA,MINAHASA UTARA,7106,Usia 16-18tahun,"1,918","2,256"
SULAWESI UTARA,BOLAANG MONGONDOW UTARA,7107,Usia 7-12tahun,"4,848",271
SULAWESI UTARA,BOLAANG MONGONDOW UTARA,7107,Usia 13-15tahun,"1,738",329
SULAWESI UTARA,BOLAANG MONGONDOW UTARA,7107,Usia 16-18tahun,829,722
SULAWESI UTARA,SIAU TAGULANDANG BIARO,7108,Usia 7-12tahun,"1,519",102
SULAWESI UTARA,SIAU TAGULANDANG BIARO,7108,Usia 13-15tahun,573,133
SULAWESI UTARA,SIAU TAGULANDANG BIARO,7108,Usia 16-18tahun,268,304
SULAWESI UTARA,MINAHASA TENGGARA,7109,Usia 7-12tahun,"5,811",334
SULAWESI UTARA,MINAHASA TENGGARA,7109,Usia 13-15tahun,"2,226",377
SULAWESI UTARA,MINAHASA TENGGARA,7109,Usia 16-18tahun,939,"1,072"
SULAWESI UTARA,BOLAANG MONGONDOW SELATAN,7110,Usia 7-12tahun,"4,451",369
SULAWESI UTARA,BOLAANG MONGONDOW SELATAN,7110,Usia 13-15tahun,"1,547",322
SULAWESI UTARA,BOLAANG MONGONDOW SELATAN,7110,Usia 16-18tahun,595,712
SULAWESI UTARA,BOLAANG MONGONDOW TIMUR,7111,Usia 7-12tahun,"3,075",226
SULAWESI UTARA,BOLAANG MONGONDOW TIMUR,7111,Usia 13-15tahun,"1,170",271
SULAWESI UTARA,BOLAANG MONGONDOW TIMUR,7111,Usia 16-18tahun,435,621
SULAWESI UTARA,KOTA MANADO,7171,Usia 7-12tahun,"11,228",721
SULAWESI UTARA,KOTA MANADO,7171,Usia 13-15tahun,"4,761",670
SULAWESI UTARA,KOTA MANADO,7171,Usia 16-18tahun,"2,304","2,483"
SULAWESI UTARA,KOTA BITUNG,7172,Usia 7-12tahun,"7,891",503
SULAWESI UTARA,KOTA BITUNG,7172,Usia 13-15tahun,"3,032",596
SULAWESI UTARA,KOTA BITUNG,7172,Usia 16-18tahun,"1,305","1,594"
SULAWESI UTARA,KOTA TOMOHON,7173,Usia 7-12tahun,"3,849",138
SULAWESI UTARA,KOTA TOMOHON,7173,Usia 13-15tahun,"1,823",167
SULAWESI UTARA,KOTA TOMOHON,7173,Usia 16-18tahun,885,736
SULAWESI UTARA,KOTAMOBAGU,7174,Usia 7-12tahun,"4,828",251
SULAWESI UTARA,KOTAMOBAGU,7174,Usia 13-15tahun,"1,847",331
SULAWESI UTARA,KOTAMOBAGU,7174,Usia 16-18tahun,909,989
SULAWESI TENGAH,BANGGAI KEPULAUAN,7201,Usia 7-12tahun,"7,277",950
SULAWESI TENGAH,BANGGAI KEPULAUAN,7201,Usia 13-15tahun,"2,923",806
SULAWESI TENGAH,BANGGAI KEPULAUAN,7201,Usia 16-18tahun,"1,207","1,420"
SULAWESI TENGAH,BANGGAI,7202,Usia 7-12tahun,"19,114","1,775"
SULAWESI TENGAH,BANGGAI,7202,Usia 13-15tahun,"7,308","1,652"
SULAWESI TENGAH,BANGGAI,7202,Usia 16-18tahun,"3,119","3,566"
SULAWESI TENGAH,MOROWALI,7203,Usia 7-12tahun,"5,506",791
SULAWESI TENGAH,MOROWALI,7203,Usia 13-15tahun,"2,316",390
SULAWESI TENGAH,MOROWALI,7203,Usia 16-18tahun,"1,292",962
SULAWESI TENGAH,POSO,7204,Usia 7-12tahun,"14,199","1,155"
SULAWESI TENGAH,POSO,7204,Usia 13-15tahun,"5,936",751
SULAWESI TENGAH,POSO,7204,Usia 16-18tahun,"2,803","2,209"
SULAWESI TENGAH,DONGGALA,7205,Usia 7-12tahun,"24,018","3,482"
SULAWESI TENGAH,DONGGALA,7205,Usia 13-15tahun,"8,226","2,334"
SULAWESI TENGAH,DONGGALA,7205,Usia 16-18tahun,"3,498","4,563"
SULAWESI TENGAH,TOLI-TOLI,7206,Usia 7-12tahun,"13,757","2,338"
SULAWESI TENGAH,TOLI-TOLI,7206,Usia 13-15tahun,"4,342","1,822"
SULAWESI TENGAH,TOLI-TOLI,7206,Usia 16-18tahun,"1,401","2,756"
SULAWESI TENGAH,BUOL,7207,Usia 7-12tahun,"11,180","1,183"
SULAWESI TENGAH,BUOL,7207,Usia 13-15tahun,"4,523","1,059"
SULAWESI TENGAH,BUOL,7207,Usia 16-18tahun,"1,851","1,905"
SULAWESI TENGAH,PARIGI MOUTONG,7208,Usia 7-12tahun,"28,235","6,625"
SULAWESI TENGAH,PARIGI MOUTONG,7208,Usia 13-15tahun,"10,524","3,729"
SULAWESI TENGAH,PARIGI MOUTONG,7208,Usia 16-18tahun,"4,548","6,013"
SULAWESI TENGAH,TOJO UNA-UNA,7209,Usia 7-12tahun,"10,560","1,750"
SULAWESI TENGAH,TOJO UNA-UNA,7209,Usia 13-15tahun,"4,146","1,189"
SULAWESI TENGAH,TOJO UNA-UNA,7209,Usia 16-18tahun,"1,627","1,959"
SULAWESI TENGAH,SIGI,7210,Usia 7-12tahun,"14,389","2,007"
SULAWESI TENGAH,SIGI,7210,Usia 13-15tahun,"4,784","1,817"
SULAWESI TENGAH,SIGI,7210,Usia 16-18tahun,"1,982","3,239"
SULAWESI TENGAH,BANGGAI LAUT,7211,Usia 7-12tahun,"2,817",281
SULAWESI TENGAH,BANGGAI LAUT,7211,Usia 13-15tahun,925,278
SULAWESI TENGAH,BANGGAI LAUT,7211,Usia 16-18tahun,374,488
SULAWESI TENGAH,MOROWALI UTARA,7212,Usia 7-12tahun,"5,729","1,029"
SULAWESI TENGAH,MOROWALI UTARA,7212,Usia 13-15tahun,"2,348",503
SULAWESI TENGAH,MOROWALI UTARA,7212,Usia 16-18tahun,982,956
SULAWESI TENGAH,KOTA PALU,7271,Usia 7-12tahun,"9,410","1,027"
SULAWESI TENGAH,KOTA PALU,7271,Usia 13-15tahun,"3,597",603
SULAWESI TENGAH,KOTA PALU,7271,Usia 16-18tahun,"1,549","1,559"
SULAWESI SELATAN,KEPULAUAN SELAYAR,7301,Usia 7-12tahun,"7,522",878
SULAWESI SELATAN,KEPULAUAN SELAYAR,7301,Usia 13-15tahun,"2,596",622
SULAWESI SELATAN,KEPULAUAN SELAYAR,7301,Usia 16-18tahun,"1,433","1,136"
SULAWESI SELATAN,BULUKUMBA,7302,Usia 7-12tahun,"15,929","2,994"
SULAWESI SELATAN,BULUKUMBA,7302,Usia 13-15tahun,"6,593","2,303"
SULAWESI SELATAN,BULUKUMBA,7302,Usia 16-18tahun,"2,980","3,796"
SULAWESI SELATAN,BANTAENG,7303,Usia 7-12tahun,"7,718","1,927"
SULAWESI SELATAN,BANTAENG,7303,Usia 13-15tahun,"2,566","1,964"
SULAWESI SELATAN,BANTAENG,7303,Usia 16-18tahun,"1,080","2,451"
SULAWESI SELATAN,JENEPONTO,7304,Usia 7-12tahun,"25,716","4,308"
SULAWESI SELATAN,JENEPONTO,7304,Usia 13-15tahun,"10,505","3,396"
SULAWESI SELATAN,JENEPONTO,7304,Usia 16-18tahun,"4,692","6,595"
SULAWESI SELATAN,TAKALAR,7305,Usia 7-12tahun,"19,382","1,907"
SULAWESI SELATAN,TAKALAR,7305,Usia 13-15tahun,"7,379","1,969"
SULAWESI SELATAN,TAKALAR,7305,Usia 16-18tahun,"3,238","4,545"
SULAWESI SELATAN,GOWA,7306,Usia 7-12tahun,"37,564","3,987"
SULAWESI SELATAN,GOWA,7306,Usia 13-15tahun,"15,708","3,665"
SULAWESI SELATAN,GOWA,7306,Usia 16-18tahun,"7,039","8,262"
SULAWESI SELATAN,SINJAI,7307,Usia 7-12tahun,"12,096","1,521"
SULAWESI SELATAN,SINJAI,7307,Usia 13-15tahun,"4,828","1,280"
SULAWESI SELATAN,SINJAI,7307,Usia 16-18tahun,"2,343","2,366"
SULAWESI SELATAN,MAROS,7308,Usia 7-12tahun,"18,028","2,445"
SULAWESI SELATAN,MAROS,7308,Usia 13-15tahun,"7,316","1,928"
SULAWESI SELATAN,MAROS,7308,Usia 16-18tahun,"3,269","4,151"
SULAWESI SELATAN,PANGKAJENE DAN KEPULAUAN,7309,Usia 7-12tahun,"19,418","2,603"
SULAWESI SELATAN,PANGKAJENE DAN KEPULAUAN,7309,Usia 13-15tahun,"7,503","2,535"
SULAWESI SELATAN,PANGKAJENE DAN KEPULAUAN,7309,Usia 16-18tahun,"3,310","4,802"
SULAWESI SELATAN,BARRU,7310,Usia 7-12tahun,"8,407",919
SULAWESI SELATAN,BARRU,7310,Usia 13-15tahun,"3,372",763
SULAWESI SELATAN,BARRU,7310,Usia 16-18tahun,"1,624","1,727"
SULAWESI SELATAN,BONE,7311,Usia 7-12tahun,"40,836","5,427"
SULAWESI SELATAN,BONE,7311,Usia 13-15tahun,"15,199","5,626"
SULAWESI SELATAN,BONE,7311,Usia 16-18tahun,"6,905","9,782"
SULAWESI SELATAN,SOPPENG,7312,Usia 7-12tahun,"8,741","1,226"
SULAWESI SELATAN,SOPPENG,7312,Usia 13-15tahun,"3,685","1,150"
SULAWESI SELATAN,SOPPENG,7312,Usia 16-18tahun,"1,853","2,221"
SULAWESI SELATAN,WAJO,7313,Usia 7-12tahun,"13,606","2,622"
SULAWESI SELATAN,WAJO,7313,Usia 13-15tahun,"3,885","2,979"
SULAWESI SELATAN,WAJO,7313,Usia 16-18tahun,"1,143","3,700"
SULAWESI SELATAN,SIDENRENG RAPPANG,7314,Usia 7-12tahun,"10,884","1,619"
SULAWESI SELATAN,SIDENRENG RAPPANG,7314,Usia 13-15tahun,"4,259","1,325"
SULAWESI SELATAN,SIDENRENG RAPPANG,7314,Usia 16-18tahun,"1,830","2,420"
SULAWESI SELATAN,PINRANG,7315,Usia 7-12tahun,"13,902","1,515"
SULAWESI SELATAN,PINRANG,7315,Usia 13-15tahun,"5,096","1,570"
SULAWESI SELATAN,PINRANG,7315,Usia 16-18tahun,"2,064","2,900"
SULAWESI SELATAN,ENREKANG,7316,Usia 7-12tahun,"14,283","1,613"
SULAWESI SELATAN,ENREKANG,7316,Usia 13-15tahun,"6,074",628
SULAWESI SELATAN,ENREKANG,7316,Usia 16-18tahun,"3,182","1,775"
SULAWESI SELATAN,LUWU,7317,Usia 7-12tahun,"25,149","3,008"
SULAWESI SELATAN,LUWU,7317,Usia 13-15tahun,"10,435","1,678"
SULAWESI SELATAN,LUWU,7317,Usia 16-18tahun,"5,241","4,395"
SULAWESI SELATAN,TANA TORAJA,7318,Usia 7-12tahun,"18,995","2,238"
SULAWESI SELATAN,TANA TORAJA,7318,Usia 13-15tahun,"8,137","1,056"
SULAWESI SELATAN,TANA TORAJA,7318,Usia 16-18tahun,"4,010","2,366"
SULAWESI SELATAN,LUWU UTARA,7322,Usia 7-12tahun,"20,772","1,980"
SULAWESI SELATAN,LUWU UTARA,7322,Usia 13-15tahun,"8,663","1,766"
SULAWESI SELATAN,LUWU UTARA,7322,Usia 16-18tahun,"4,061","4,154"
SULAWESI SELATAN,LUWU TIMUR,7325,Usia 7-12tahun,"12,161","1,380"
SULAWESI SELATAN,LUWU TIMUR,7325,Usia 13-15tahun,"4,985",753
SULAWESI SELATAN,LUWU TIMUR,7325,Usia 16-18tahun,"2,479","2,117"
SULAWESI SELATAN,TORAJA UTARA,7326,Usia 7-12tahun,"19,972","2,094"
SULAWESI SELATAN,TORAJA UTARA,7326,Usia 13-15tahun,"8,812",976
SULAWESI SELATAN,TORAJA UTARA,7326,Usia 16-18tahun,"5,046","2,721"
SULAWESI SELATAN,KOTA MAKASSAR,7371,Usia 7-12tahun,"37,797","4,537"
SULAWESI SELATAN,KOTA MAKASSAR,7371,Usia 13-15tahun,"14,168","3,602"
SULAWESI SELATAN,KOTA MAKASSAR,7371,Usia 16-18tahun,"4,961","7,177"
SULAWESI SELATAN,KOTA PAREPARE,7372,Usia 7-12tahun,"5,063",408
SULAWESI SELATAN,KOTA PAREPARE,7372,Usia 13-15tahun,"1,984",405
SULAWESI SELATAN,KOTA PAREPARE,7372,Usia 16-18tahun,881,998
SULAWESI SELATAN,KOTA PALOPO,7373,Usia 7-12tahun,"6,296",655
SULAWESI SELATAN,KOTA PALOPO,7373,Usia 13-15tahun,"2,665",456
SULAWESI SELATAN,KOTA PALOPO,7373,Usia 16-18tahun,"1,470","1,190"
SULAWESI TENGGARA,BUTON,7401,Usia 7-12tahun,"8,786","1,301"
SULAWESI TENGGARA,BUTON,7401,Usia 13-15tahun,"3,346",608
SULAWESI TENGGARA,BUTON,7401,Usia 16-18tahun,"1,761","1,194"
SULAWESI TENGGARA,MUNA,7402,Usia 7-12tahun,"18,645","2,173"
SULAWESI TENGGARA,MUNA,7402,Usia 13-15tahun,"7,647",964
SULAWESI TENGGARA,MUNA,7402,Usia 16-18tahun,"4,212","2,506"
SULAWESI TENGGARA,KONAWE,7403,Usia 7-12tahun,"15,447","1,739"
SULAWESI TENGGARA,KONAWE,7403,Usia 13-15tahun,"5,389","1,284"
SULAWESI TENGGARA,KONAWE,7403,Usia 16-18tahun,"1,874","2,625"
SULAWESI TENGGARA,KOLAKA,7404,Usia 7-12tahun,"10,430","1,091"
SULAWESI TENGGARA,KOLAKA,7404,Usia 13-15tahun,"3,556",981
SULAWESI TENGGARA,KOLAKA,7404,Usia 16-18tahun,"1,217","1,767"
SULAWESI TENGGARA,KONAWE SELATAN,7405,Usia 7-12tahun,"17,595","2,099"
SULAWESI TENGGARA,KONAWE SELATAN,7405,Usia 13-15tahun,"6,198","1,296"
SULAWESI TENGGARA,KONAWE SELATAN,7405,Usia 16-18tahun,"2,208","2,865"
SULAWESI TENGGARA,BOMBANA,7406,Usia 7-12tahun,"11,080","1,461"
SULAWESI TENGGARA,BOMBANA,7406,Usia 13-15tahun,"3,655","1,113"
SULAWESI TENGGARA,BOMBANA,7406,Usia 16-18tahun,"1,560","2,147"
SULAWESI TENGGARA,WAKATOBI,7407,Usia 7-12tahun,"5,852",661
SULAWESI TENGGARA,WAKATOBI,7407,Usia 13-15tahun,"2,576",414
SULAWESI TENGGARA,WAKATOBI,7407,Usia 16-18tahun,"1,473",814
SULAWESI TENGGARA,KOLAKA UTARA,7408,Usia 7-12tahun,"10,413","1,383"
SULAWESI TENGGARA,KOLAKA UTARA,7408,Usia 13-15tahun,"4,221",891
SULAWESI TENGGARA,KOLAKA UTARA,7408,Usia 16-18tahun,"2,080","2,034"
SULAWESI TENGGARA,BUTON UTARA,7409,Usia 7-12tahun,"5,242",582
SULAWESI TENGGARA,BUTON UTARA,7409,Usia 13-15tahun,"2,111",210
SULAWESI TENGGARA,BUTON UTARA,7409,Usia 16-18tahun,"1,114",576
SULAWESI TENGGARA,KONAWE UTARA,7410,Usia 7-12tahun,"4,776",479
SULAWESI TENGGARA,KONAWE UTARA,7410,Usia 13-15tahun,"1,823",256
SULAWESI TENGGARA,KONAWE UTARA,7410,Usia 16-18tahun,940,804
SULAWESI TENGGARA,KOLAKA TIMUR,7411,Usia 7-12tahun,"6,429",542
SULAWESI TENGGARA,KOLAKA TIMUR,7411,Usia 13-15tahun,"2,274",593
SULAWESI TENGGARA,KOLAKA TIMUR,7411,Usia 16-18tahun,874,"1,108"
SULAWESI TENGGARA,KONAWE KEPULAUAN,7412,Usia 7-12tahun,"3,960",279
SULAWESI TENGGARA,KONAWE KEPULAUAN,7412,Usia 13-15tahun,"1,538",234
SULAWESI TENGGARA,KONAWE KEPULAUAN,7412,Usia 16-18tahun,567,681
SULAWESI TENGGARA,MUNA BARAT,7413,Usia 7-12tahun,"7,591",971
SULAWESI TENGGARA,MUNA BARAT,7413,Usia 13-15tahun,"3,212",529
SULAWESI TENGGARA,MUNA BARAT,7413,Usia 16-18tahun,"1,904","1,302"
SULAWESI TENGGARA,BUTON TENGAH,7414,Usia 7-12tahun,"9,682","1,184"
SULAWESI TENGGARA,BUTON TENGAH,7414,Usia 13-15tahun,"3,736",661
SULAWESI TENGGARA,BUTON TENGAH,7414,Usia 16-18tahun,"1,974","1,394"
SULAWESI TENGGARA,BUTON SELATAN,7415,Usia 7-12tahun,"9,213",927
SULAWESI TENGGARA,BUTON SELATAN,7415,Usia 13-15tahun,"3,557",483
SULAWESI TENGGARA,BUTON SELATAN,7415,Usia 16-18tahun,"1,806","1,115"
SULAWESI TENGGARA,KOTA KENDARI,7471,Usia 7-12tahun,"13,700","1,013"
SULAWESI TENGGARA,KOTA KENDARI,7471,Usia 13-15tahun,"5,109",599
SULAWESI TENGGARA,KOTA KENDARI,7471,Usia 16-18tahun,"2,954","2,182"
SULAWESI TENGGARA,KOTA BAUBAU,7472,Usia 7-12tahun,"9,585",722
SULAWESI TENGGARA,KOTA BAUBAU,7472,Usia 13-15tahun,"3,804",440
SULAWESI TENGGARA,KOTA BAUBAU,7472,Usia 16-18tahun,"2,037","1,449"
GORONTALO,BOALEMO,7501,Usia 7-12tahun,"9,251","1,541"
GORONTALO,BOALEMO,7501,Usia 13-15tahun,"3,561","1,274"
GORONTALO,BOALEMO,7501,Usia 16-18tahun,"1,619","1,898"
GORONTALO,GORONTALO,7502,Usia 7-12tahun,"26,943","3,900"
GORONTALO,GORONTALO,7502,Usia 13-15tahun,"9,857","3,695"
GORONTALO,GORONTALO,7502,Usia 16-18tahun,"5,378","6,521"
GORONTALO,POHUWATO,7503,Usia 7-12tahun,"8,063","1,284"
GORONTALO,POHUWATO,7503,Usia 13-15tahun,"3,093","1,020"
GORONTALO,POHUWATO,7503,Usia 16-18tahun,"1,465","1,538"
GORONTALO,BONE BOLANGO,7504,Usia 7-12tahun,"9,743","1,142"
GORONTALO,BONE BOLANGO,7504,Usia 13-15tahun,"3,826",774
GORONTALO,BONE BOLANGO,7504,Usia 16-18tahun,"1,890","1,674"
GORONTALO,GORONTALO UTARA,7505,Usia 7-12tahun,"8,407","1,114"
GORONTALO,GORONTALO UTARA,7505,Usia 13-15tahun,"3,076",873
GORONTALO,GORONTALO UTARA,7505,Usia 16-18tahun,"1,509","1,624"
GORONTALO,KOTA GORONTALO,7571,Usia 7-12tahun,"9,388",552
GORONTALO,KOTA GORONTALO,7571,Usia 13-15tahun,"3,480",573
GORONTALO,KOTA GORONTALO,7571,Usia 16-18tahun,"1,772","1,541"
SULAWESI BARAT,MAJENE,7601,Usia 7-12tahun,"15,434","2,206"
SULAWESI BARAT,MAJENE,7601,Usia 13-15tahun,"5,449","1,131"
SULAWESI BARAT,MAJENE,7601,Usia 16-18tahun,"3,105","2,686"
SULAWESI BARAT,POLEWALI MANDAR,7602,Usia 7-12tahun,"30,125","4,492"
SULAWESI BARAT,POLEWALI MANDAR,7602,Usia 13-15tahun,"10,289","2,955"
SULAWESI BARAT,POLEWALI MANDAR,7602,Usia 16-18tahun,"5,252","6,107"
SULAWESI BARAT,MAMASA,7603,Usia 7-12tahun,"14,176","2,097"
SULAWESI BARAT,MAMASA,7603,Usia 13-15tahun,"6,732","1,332"
SULAWESI BARAT,MAMASA,7603,Usia 16-18tahun,"3,142","2,887"
SULAWESI BARAT,MAMUJU,7604,Usia 7-12tahun,"13,877","2,439"
SULAWESI BARAT,MAMUJU,7604,Usia 13-15tahun,"4,861","1,551"
SULAWESI BARAT,MAMUJU,7604,Usia 16-18tahun,"2,152","2,522"
SULAWESI BARAT,MAMUJU UTARA,7605,Usia 7-12tahun,"7,811","1,282"
SULAWESI BARAT,MAMUJU UTARA,7605,Usia 13-15tahun,"2,651",748
SULAWESI BARAT,MAMUJU UTARA,7605,Usia 16-18tahun,"1,358","1,456"
SULAWESI BARAT,MAMUJU TENGAH,7606,Usia 7-12tahun,"5,015",808
SULAWESI BARAT,MAMUJU TENGAH,7606,Usia 13-15tahun,"1,831",500
SULAWESI BARAT,MAMUJU TENGAH,7606,Usia 16-18tahun,860,861
MALUKU,MALUKU TENGGARA BARAT,8101,Usia 7-12tahun,"11,354",892
MALUKU,MALUKU TENGGARA BARAT,8101,Usia 13-15tahun,"4,525",520
MALUKU,MALUKU TENGGARA BARAT,8101,Usia 16-18tahun,"2,084","1,511"
MALUKU,MALUKU TENGGARA,8102,Usia 7-12tahun,"8,971",627
MALUKU,MALUKU TENGGARA,8102,Usia 13-15tahun,"3,056",443
MALUKU,MALUKU TENGGARA,8102,Usia 16-18tahun,"1,364","1,325"
MALUKU,MALUKU TENGAH,8103,Usia 7-12tahun,"30,476","2,324"
MALUKU,MALUKU TENGAH,8103,Usia 13-15tahun,"14,147","1,044"
MALUKU,MALUKU TENGAH,8103,Usia 16-18tahun,"8,293","4,274"
MALUKU,BURU,8104,Usia 7-12tahun,"7,781","1,591"
MALUKU,BURU,8104,Usia 13-15tahun,"3,158",657
MALUKU,BURU,8104,Usia 16-18tahun,"1,610","1,256"
MALUKU,KEPULAUAN ARU,8105,Usia 7-12tahun,"7,664",876
MALUKU,KEPULAUAN ARU,8105,Usia 13-15tahun,"1,947",662
MALUKU,KEPULAUAN ARU,8105,Usia 16-18tahun,685,"1,237"
MALUKU,SERAM BAGIAN BARAT,8106,Usia 7-12tahun,"19,728","1,675"
MALUKU,SERAM BAGIAN BARAT,8106,Usia 13-15tahun,"8,267",840
MALUKU,SERAM BAGIAN BARAT,8106,Usia 16-18tahun,"4,150","3,047"
MALUKU,SERAM BAGIAN TIMUR,8107,Usia 7-12tahun,"9,310","1,207"
MALUKU,SERAM BAGIAN TIMUR,8107,Usia 13-15tahun,"3,424",513
MALUKU,SERAM BAGIAN TIMUR,8107,Usia 16-18tahun,"1,688","1,103"
MALUKU,MALUKU BARAT DAYA,8108,Usia 7-12tahun,"8,603",789
MALUKU,MALUKU BARAT DAYA,8108,Usia 13-15tahun,"3,227",594
MALUKU,MALUKU BARAT DAYA,8108,Usia 16-18tahun,"1,457","1,196"
MALUKU,BURU SELATAN,8109,Usia 7-12tahun,"5,776",947
MALUKU,BURU SELATAN,8109,Usia 13-15tahun,"2,202",317
MALUKU,BURU SELATAN,8109,Usia 16-18tahun,"1,499",720
MALUKU,KOTA AMBON,8171,Usia 7-12tahun,"14,595",752
MALUKU,KOTA AMBON,8171,Usia 13-15tahun,"6,311",463
MALUKU,KOTA AMBON,8171,Usia 16-18tahun,"3,368","2,383"
MALUKU,KOTA TUAL,8172,Usia 7-12tahun,"4,752",246
MALUKU,KOTA TUAL,8172,Usia 13-15tahun,"1,745",167
MALUKU,KOTA TUAL,8172,Usia 16-18tahun,967,543
MALUKU UTARA,HALMAHERA BARAT,8201,Usia 7-12tahun,"6,287",352
MALUKU UTARA,HALMAHERA BARAT,8201,Usia 13-15tahun,"2,435",288
MALUKU UTARA,HALMAHERA BARAT,8201,Usia 16-18tahun,"1,064",754
MALUKU UTARA,HALMAHERA TENGAH,8202,Usia 7-12tahun,"3,794",496
MALUKU UTARA,HALMAHERA TENGAH,8202,Usia 13-15tahun,"1,580",162
MALUKU UTARA,HALMAHERA TENGAH,8202,Usia 16-18tahun,883,509
MALUKU UTARA,KEPULAUAN SULA,8203,Usia 7-12tahun,"4,146",523
MALUKU UTARA,KEPULAUAN SULA,8203,Usia 13-15tahun,"1,830",204
MALUKU UTARA,KEPULAUAN SULA,8203,Usia 16-18tahun,869,608
MALUKU UTARA,HALMAHERA SELATAN,8204,Usia 7-12tahun,"9,734","1,116"
MALUKU UTARA,HALMAHERA SELATAN,8204,Usia 13-15tahun,"3,887",733
MALUKU UTARA,HALMAHERA SELATAN,8204,Usia 16-18tahun,"1,896","1,765"
MALUKU UTARA,HALMAHERA UTARA,8205,Usia 7-12tahun,"6,113","1,461"
MALUKU UTARA,HALMAHERA UTARA,8205,Usia 13-15tahun,"2,359",674
MALUKU UTARA,HALMAHERA UTARA,8205,Usia 16-18tahun,707,"1,052"
MALUKU UTARA,HALMAHERA TIMUR,8206,Usia 7-12tahun,"4,196",654
MALUKU UTARA,HALMAHERA TIMUR,8206,Usia 13-15tahun,"1,885",266
MALUKU UTARA,HALMAHERA TIMUR,8206,Usia 16-18tahun,"1,021",801
MALUKU UTARA,PULAU MOROTAI,8207,Usia 7-12tahun,"3,601",576
MALUKU UTARA,PULAU MOROTAI,8207,Usia 13-15tahun,"1,269",333
MALUKU UTARA,PULAU MOROTAI,8207,Usia 16-18tahun,501,570
MALUKU UTARA,PULAU TALIABU,8208,Usia 7-12tahun,"1,860",483
MALUKU UTARA,PULAU TALIABU,8208,Usia 13-15tahun,732,246
MALUKU UTARA,PULAU TALIABU,8208,Usia 16-18tahun,381,395
MALUKU UTARA,KOTA TERNATE,8271,Usia 7-12tahun,"2,676",258
MALUKU UTARA,KOTA TERNATE,8271,Usia 13-15tahun,"1,136",118
MALUKU UTARA,KOTA TERNATE,8271,Usia 16-18tahun,416,388
MALUKU UTARA,KOTA TIDORE KEPULAUAN,8272,Usia 7-12tahun,"3,927",389
MALUKU UTARA,KOTA TIDORE KEPULAUAN,8272,Usia 13-15tahun,"1,777",149
MALUKU UTARA,KOTA TIDORE KEPULAUAN,8272,Usia 16-18tahun,"1,055",637
PAPUA BARAT,FAKFAK,9101,Usia 7-12tahun,"6,272",660
PAPUA BARAT,FAKFAK,9101,Usia 13-15tahun,"2,132",243
PAPUA BARAT,FAKFAK,9101,Usia 16-18tahun,"1,211",660
PAPUA BARAT,KAIMANA,9102,Usia 7-12tahun,"3,674",829
PAPUA BARAT,KAIMANA,9102,Usia 13-15tahun,"1,040",354
PAPUA BARAT,KAIMANA,9102,Usia 16-18tahun,383,691
PAPUA BARAT,TELUK WONDAMA,9103,Usia 7-12tahun,"2,361",462
PAPUA BARAT,TELUK WONDAMA,9103,Usia 13-15tahun,686,186
PAPUA BARAT,TELUK WONDAMA,9103,Usia 16-18tahun,313,367
PAPUA BARAT,TELUK BINTUNI,9104,Usia 7-12tahun,"4,161",879
PAPUA BARAT,TELUK BINTUNI,9104,Usia 13-15tahun,"1,480",240
PAPUA BARAT,TELUK BINTUNI,9104,Usia 16-18tahun,777,541
PAPUA BARAT,MANOKWARI,9105,Usia 7-12tahun,"6,136","1,434"
PAPUA BARAT,MANOKWARI,9105,Usia 13-15tahun,"2,374",630
PAPUA BARAT,MANOKWARI,9105,Usia 16-18tahun,"1,190","1,358"
PAPUA BARAT,SORONG SELATAN,9106,Usia 7-12tahun,"3,379",724
PAPUA BARAT,SORONG SELATAN,9106,Usia 13-15tahun,"1,289",174
PAPUA BARAT,SORONG SELATAN,9106,Usia 16-18tahun,770,417
PAPUA BARAT,SORONG,9107,Usia 7-12tahun,"5,615",855
PAPUA BARAT,SORONG,9107,Usia 13-15tahun,"2,090",240
PAPUA BARAT,SORONG,9107,Usia 16-18tahun,"1,054",700
PAPUA BARAT,RAJA AMPAT,9108,Usia 7-12tahun,"4,809",666
PAPUA BARAT,RAJA AMPAT,9108,Usia 13-15tahun,"1,456",149
PAPUA BARAT,RAJA AMPAT,9108,Usia 16-18tahun,740,424
PAPUA BARAT,TAMBRAUW,9109,Usia 7-12tahun,"1,722",509
PAPUA BARAT,TAMBRAUW,9109,Usia 13-15tahun,582,122
PAPUA BARAT,TAMBRAUW,9109,Usia 16-18tahun,347,238
PAPUA BARAT,MAYBRAT,9110,Usia 7-12tahun,"2,093",370
PAPUA BARAT,MAYBRAT,9110,Usia 13-15tahun,859,118
PAPUA BARAT,MAYBRAT,9110,Usia 16-18tahun,536,248
PAPUA BARAT,MANOKWARI SELATAN,9111,Usia 7-12tahun,"1,879",621
PAPUA BARAT,MANOKWARI SELATAN,9111,Usia 13-15tahun,688,296
PAPUA BARAT,MANOKWARI SELATAN,9111,Usia 16-18tahun,404,690
PAPUA BARAT,PEGUNUNGAN ARFAK,9112,Usia 7-12tahun,"2,057","1,635"
PAPUA BARAT,PEGUNUNGAN ARFAK,9112,Usia 13-15tahun,733,509
PAPUA BARAT,PEGUNUNGAN ARFAK,9112,Usia 16-18tahun,379,821
PAPUA BARAT,KOTA SORONG,9171,Usia 7-12tahun,"9,898","1,216"
PAPUA BARAT,KOTA SORONG,9171,Usia 13-15tahun,"3,918",399
PAPUA BARAT,KOTA SORONG,9171,Usia 16-18tahun,"1,526","1,932"
PAPUA,MERAUKE,9401,Usia 7-12tahun,"9,163","1,309"
PAPUA,MERAUKE,9401,Usia 13-15tahun,"3,622",524
PAPUA,MERAUKE,9401,Usia 16-18tahun,"1,970","1,636"
PAPUA,JAYAWIJAYA,9402,Usia 7-12tahun,"2,755",863
PAPUA,JAYAWIJAYA,9402,Usia 13-15tahun,"1,273",365
PAPUA,JAYAWIJAYA,9402,Usia 16-18tahun,452,978
PAPUA,JAYAPURA,9403,Usia 7-12tahun,"6,407","1,205"
PAPUA,JAYAPURA,9403,Usia 13-15tahun,"2,647",499
PAPUA,JAYAPURA,9403,Usia 16-18tahun,"1,285","1,353"
PAPUA,NABIRE,9404,Usia 7-12tahun,"3,618","1,219"
PAPUA,NABIRE,9404,Usia 13-15tahun,"1,657",358
PAPUA,NABIRE,9404,Usia 16-18tahun,986,792
PAPUA,KEPULAUAN YAPEN,9408,Usia 7-12tahun,"4,103",821
PAPUA,KEPULAUAN YAPEN,9408,Usia 13-15tahun,"1,761",329
PAPUA,KEPULAUAN YAPEN,9408,Usia 16-18tahun,852,920
PAPUA,BIAK NUMFOR,9409,Usia 7-12tahun,"9,419",746
PAPUA,BIAK NUMFOR,9409,Usia 13-15tahun,"3,891",272
PAPUA,BIAK NUMFOR,9409,Usia 16-18tahun,"2,417","1,207"
PAPUA,PANIAI,9410,Usia 7-12tahun,"4,885",687
PAPUA,PANIAI,9410,Usia 13-15tahun,"1,273",238
PAPUA,PANIAI,9410,Usia 16-18tahun,509,446
PAPUA,PUNCAK JAYA,9411,Usia 7-12tahun,"1,465","2,834"
PAPUA,PUNCAK JAYA,9411,Usia 13-15tahun,419,919
PAPUA,PUNCAK JAYA,9411,Usia 16-18tahun,173,"1,358"
PAPUA,MIMIKA,9412,Usia 7-12tahun,"8,006","1,645"
PAPUA,MIMIKA,9412,Usia 13-15tahun,"2,873",741
PAPUA,MIMIKA,9412,Usia 16-18tahun,917,"2,223"
PAPUA,BOVEN DIGOEL,9413,Usia 7-12tahun,"3,463","1,112"
PAPUA,BOVEN DIGOEL,9413,Usia 13-15tahun,"1,232",388
PAPUA,BOVEN DIGOEL,9413,Usia 16-18tahun,599,692
PAPUA,MAPPI,9414,Usia 7-12tahun,"6,731","3,368"
PAPUA,MAPPI,9414,Usia 13-15tahun,"2,328","1,319"
PAPUA,MAPPI,9414,Usia 16-18tahun,828,"2,302"
PAPUA,ASMAT,9415,Usia 7-12tahun,"4,962","3,645"
PAPUA,ASMAT,9415,Usia 13-15tahun,"1,387","1,283"
PAPUA,ASMAT,9415,Usia 16-18tahun,580,"1,755"
PAPUA,YAHUKIMO,9416,Usia 7-12tahun,"1,555","3,424"
PAPUA,YAHUKIMO,9416,Usia 13-15tahun,507,"1,645"
PAPUA,YAHUKIMO,9416,Usia 16-18tahun,101,"1,545"
PAPUA,PEGUNUNGAN BINTANG,9417,Usia 7-12tahun,"3,545","5,491"
PAPUA,PEGUNUNGAN BINTANG,9417,Usia 13-15tahun,949,"2,455"
PAPUA,PEGUNUNGAN BINTANG,9417,Usia 16-18tahun,277,"2,466"
PAPUA,TOLIKARA,9418,Usia 7-12tahun,829,869
PAPUA,TOLIKARA,9418,Usia 13-15tahun,313,311
PAPUA,TOLIKARA,9418,Usia 16-18tahun,118,394
PAPUA,SARMI,9419,Usia 7-12tahun,"1,411",308
PAPUA,SARMI,9419,Usia 13-15tahun,516,96
PAPUA,SARMI,9419,Usia 16-18tahun,319,221
PAPUA,KEEROM,9420,Usia 7-12tahun,"3,105",441
PAPUA,KEEROM,9420,Usia 13-15tahun,"1,277",132
PAPUA,KEEROM,9420,Usia 16-18tahun,753,499
PAPUA,WAROPEN,9426,Usia 7-12tahun,939,164
PAPUA,WAROPEN,9426,Usia 13-15tahun,405,60
PAPUA,WAROPEN,9426,Usia 16-18tahun,260,143
PAPUA,SUPIORI,9427,Usia 7-12tahun,"1,766",240
PAPUA,SUPIORI,9427,Usia 13-15tahun,673,53
PAPUA,SUPIORI,9427,Usia 16-18tahun,476,138
PAPUA,MAMBERAMO RAYA,9428,Usia 7-12tahun,543,196
PAPUA,MAMBERAMO RAYA,9428,Usia 13-15tahun,236,56
PAPUA,MAMBERAMO RAYA,9428,Usia 16-18tahun,111,155
PAPUA,NDUGA,9429,Usia 7-12tahun,0,0
PAPUA,NDUGA,9429,Usia 13-15tahun,0,0
PAPUA,NDUGA,9429,Usia 16-18tahun,0,0
PAPUA,LANNY JAYA,9430,Usia 7-12tahun,989,"2,428"
PAPUA,LANNY JAYA,9430,Usia 13-15tahun,468,778
PAPUA,LANNY JAYA,9430,Usia 16-18tahun,181,799
PAPUA,MAMBERAMO TENGAH,9431,Usia 7-12tahun,141,265
PAPUA,MAMBERAMO TENGAH,9431,Usia 13-15tahun,64,161
PAPUA,MAMBERAMO TENGAH,9431,Usia 16-18tahun,26,131
PAPUA,YALIMO,9432,Usia 7-12tahun,"1,481","3,533"
PAPUA,YALIMO,9432,Usia 13-15tahun,756,"2,419"
PAPUA,YALIMO,9432,Usia 16-18tahun,4,"2,271"
PAPUA,PUNCAK,9433,Usia 7-12tahun,319,"2,002"
PAPUA,PUNCAK,9433,Usia 13-15tahun,147,"1,048"
PAPUA,PUNCAK,9433,Usia 16-18tahun,86,"2,075"
PAPUA,DOGIYAI,9434,Usia 7-12tahun,"1,141",577
PAPUA,DOGIYAI,9434,Usia 13-15tahun,514,201
PAPUA,DOGIYAI,9434,Usia 16-18tahun,216,423
PAPUA,INTAN JAYA,9435,Usia 7-12tahun,64,34
PAPUA,INTAN JAYA,9435,Usia 13-15tahun,24,14
PAPUA,INTAN JAYA,9435,Usia 16-18tahun,17,33
PAPUA,DEIYAI,9436,Usia 7-12tahun,"1,837",907
PAPUA,DEIYAI,9436,Usia 13-15tahun,726,176
PAPUA,DEIYAI,9436,Usia 16-18tahun,331,200
PAPUA,KOTA JAYAPURA,9471,Usia 7-12tahun,"9,174","1,334"
PAPUA,KOTA JAYAPURA,9471,Usia 13-15tahun,"4,068",408
PAPUA,KOTA JAYAPURA,9471,Usia 16-18tahun,"2,464","1,511"
