Provinsi,NamaKab/Kota,KodeKab/Kota,Status tempat tinggal,Jumlah rumah tangga
ACEH,SIMEULUE,1101,Milik Sendiri,"10,756"
ACEH,SIMEULUE,1101,Kontrak/Sewa,101
ACEH,SIMEULUE,1101,Bebas Sewa,798
ACEH,ACEH SINGKIL,1102,Milik Sendiri,"10,287"
ACEH,ACEH SINGKIL,1102,Kontrak/Sewa,368
ACEH,ACEH SINGKIL,1102,Bebas Sewa,"1,391"
ACEH,ACEH SELATAN,1103,Milik Sendiri,"25,008"
ACEH,ACEH SELATAN,1103,Kontrak/Sewa,766
ACEH,ACEH SELATAN,1103,Bebas Sewa,"3,304"
ACEH,ACEH TENGGARA,1104,Milik Sendiri,"11,158"
ACEH,ACEH TENGGARA,1104,Kontrak/Sewa,"1,255"
ACEH,ACEH TENGGARA,1104,Bebas Sewa,"2,854"
ACEH,ACEH TIMUR,1105,Milik Sendiri,"41,713"
ACEH,ACEH TIMUR,1105,Kontrak/Sewa,885
ACEH,ACEH TIMUR,1105,Bebas Sewa,"4,215"
ACEH,ACEH TENGAH,1106,Milik Sendiri,"15,070"
ACEH,ACEH TENGAH,1106,Kontrak/Sewa,"1,385"
ACEH,ACEH TENGAH,1106,Bebas Sewa,"3,113"
ACEH,ACEH BARAT,1107,Milik Sendiri,"18,270"
ACEH,ACEH BARAT,1107,Kontrak/Sewa,338
ACEH,ACEH BARAT,1107,Bebas Sewa,"1,177"
ACEH,ACEH BESAR,1108,Milik Sendiri,"34,134"
ACEH,ACEH BESAR,1108,Kontrak/Sewa,971
ACEH,ACEH BESAR,1108,Bebas Sewa,"3,887"
ACEH,PIDIE,1109,Milik Sendiri,"40,500"
ACEH,PIDIE,1109,Kontrak/Sewa,565
ACEH,PIDIE,1109,Bebas Sewa,"8,671"
ACEH,BIREUEN,1110,Milik Sendiri,"46,555"
ACEH,BIREUEN,1110,Kontrak/Sewa,"1,208"
ACEH,BIREUEN,1110,Bebas Sewa,"4,730"
ACEH,ACEH UTARA,1111,Milik Sendiri,"72,399"
ACEH,ACEH UTARA,1111,Kontrak/Sewa,999
ACEH,ACEH UTARA,1111,Bebas Sewa,"6,255"
ACEH,ACEH BARAT DAYA,1112,Milik Sendiri,"15,359"
ACEH,ACEH BARAT DAYA,1112,Kontrak/Sewa,570
ACEH,ACEH BARAT DAYA,1112,Bebas Sewa,"2,097"
ACEH,GAYO LUES,1113,Milik Sendiri,"6,505"
ACEH,GAYO LUES,1113,Kontrak/Sewa,282
ACEH,GAYO LUES,1113,Bebas Sewa,"1,027"
ACEH,ACEH TAMIANG,1114,Milik Sendiri,"23,201"
ACEH,ACEH TAMIANG,1114,Kontrak/Sewa,989
ACEH,ACEH TAMIANG,1114,Bebas Sewa,"3,787"
ACEH,NAGAN RAYA,1115,Milik Sendiri,"16,828"
ACEH,NAGAN RAYA,1115,Kontrak/Sewa,324
ACEH,NAGAN RAYA,1115,Bebas Sewa,"2,234"
ACEH,ACEH JAYA,1116,Milik Sendiri,"7,178"
ACEH,ACEH JAYA,1116,Kontrak/Sewa,68
ACEH,ACEH JAYA,1116,Bebas Sewa,684
ACEH,BENER MERIAH,1117,Milik Sendiri,"7,474"
ACEH,BENER MERIAH,1117,Kontrak/Sewa,483
ACEH,BENER MERIAH,1117,Bebas Sewa,"1,407"
ACEH,PIDIE JAYA,1118,Milik Sendiri,"16,826"
ACEH,PIDIE JAYA,1118,Kontrak/Sewa,293
ACEH,PIDIE JAYA,1118,Bebas Sewa,"1,770"
ACEH,KOTA BANDA ACEH,1171,Milik Sendiri,"5,441"
ACEH,KOTA BANDA ACEH,1171,Kontrak/Sewa,"1,219"
ACEH,KOTA BANDA ACEH,1171,Bebas Sewa,"1,676"
ACEH,KOTA SABANG,1172,Milik Sendiri,"1,689"
ACEH,KOTA SABANG,1172,Kontrak/Sewa,116
ACEH,KOTA SABANG,1172,Bebas Sewa,432
ACEH,KOTA LANGSA,1173,Milik Sendiri,"6,308"
ACEH,KOTA LANGSA,1173,Kontrak/Sewa,"1,143"
ACEH,KOTA LANGSA,1173,Bebas Sewa,"2,070"
ACEH,KOTA LHOKSEUMAWE,1174,Milik Sendiri,"9,381"
ACEH,KOTA LHOKSEUMAWE,1174,Kontrak/Sewa,"1,327"
ACEH,KOTA LHOKSEUMAWE,1174,Bebas Sewa,"1,396"
ACEH,KOTA SUBULUSSALAM,1175,Milik Sendiri,"6,256"
ACEH,KOTA SUBULUSSALAM,1175,Kontrak/Sewa,234
ACEH,KOTA SUBULUSSALAM,1175,Bebas Sewa,624
SUMATERA UTARA,NIAS,1201,Milik Sendiri,"18,425"
SUMATERA UTARA,NIAS,1201,Kontrak/Sewa,192
SUMATERA UTARA,NIAS,1201,Bebas Sewa,"2,131"
SUMATERA UTARA,MANDAILING NATAL,1202,Milik Sendiri,"22,522"
SUMATERA UTARA,MANDAILING NATAL,1202,Kontrak/Sewa,"4,370"
SUMATERA UTARA,MANDAILING NATAL,1202,Bebas Sewa,"4,566"
SUMATERA UTARA,TAPANULI SELATAN,1203,Milik Sendiri,"13,625"
SUMATERA UTARA,TAPANULI SELATAN,1203,Kontrak/Sewa,"2,650"
SUMATERA UTARA,TAPANULI SELATAN,1203,Bebas Sewa,"3,384"
SUMATERA UTARA,TAPANULI TENGAH,1204,Milik Sendiri,"20,690"
SUMATERA UTARA,TAPANULI TENGAH,1204,Kontrak/Sewa,"3,192"
SUMATERA UTARA,TAPANULI TENGAH,1204,Bebas Sewa,"5,383"
SUMATERA UTARA,TAPANULI UTARA,1205,Milik Sendiri,"17,502"
SUMATERA UTARA,TAPANULI UTARA,1205,Kontrak/Sewa,"1,523"
SUMATERA UTARA,TAPANULI UTARA,1205,Bebas Sewa,"5,561"
SUMATERA UTARA,TOBA SAMOSIR,1206,Milik Sendiri,"4,693"
SUMATERA UTARA,TOBA SAMOSIR,1206,Kontrak/Sewa,787
SUMATERA UTARA,TOBA SAMOSIR,1206,Bebas Sewa,"2,778"
SUMATERA UTARA,LABUHAN BATU,1207,Milik Sendiri,"17,615"
SUMATERA UTARA,LABUHAN BATU,1207,Kontrak/Sewa,"2,180"
SUMATERA UTARA,LABUHAN BATU,1207,Bebas Sewa,"3,022"
SUMATERA UTARA,ASAHAN,1208,Milik Sendiri,"24,967"
SUMATERA UTARA,ASAHAN,1208,Kontrak/Sewa,"2,373"
SUMATERA UTARA,ASAHAN,1208,Bebas Sewa,"5,741"
SUMATERA UTARA,SIMALUNGUN,1209,Milik Sendiri,"28,873"
SUMATERA UTARA,SIMALUNGUN,1209,Kontrak/Sewa,"3,030"
SUMATERA UTARA,SIMALUNGUN,1209,Bebas Sewa,"9,621"
SUMATERA UTARA,DAIRI,1210,Milik Sendiri,"12,293"
SUMATERA UTARA,DAIRI,1210,Kontrak/Sewa,"2,221"
SUMATERA UTARA,DAIRI,1210,Bebas Sewa,"2,591"
SUMATERA UTARA,KARO,1211,Milik Sendiri,"7,919"
SUMATERA UTARA,KARO,1211,Kontrak/Sewa,"9,685"
SUMATERA UTARA,KARO,1211,Bebas Sewa,"4,566"
SUMATERA UTARA,DELI SERDANG,1212,Milik Sendiri,"70,349"
SUMATERA UTARA,DELI SERDANG,1212,Kontrak/Sewa,"10,489"
SUMATERA UTARA,DELI SERDANG,1212,Bebas Sewa,"27,209"
SUMATERA UTARA,LANGKAT,1213,Milik Sendiri,"66,126"
SUMATERA UTARA,LANGKAT,1213,Kontrak/Sewa,"5,086"
SUMATERA UTARA,LANGKAT,1213,Bebas Sewa,"23,500"
SUMATERA UTARA,NIAS SELATAN,1214,Milik Sendiri,"39,853"
SUMATERA UTARA,NIAS SELATAN,1214,Kontrak/Sewa,243
SUMATERA UTARA,NIAS SELATAN,1214,Bebas Sewa,"3,364"
SUMATERA UTARA,HUMBANG HASUNDUTAN,1215,Milik Sendiri,"9,714"
SUMATERA UTARA,HUMBANG HASUNDUTAN,1215,Kontrak/Sewa,272
SUMATERA UTARA,HUMBANG HASUNDUTAN,1215,Bebas Sewa,"3,004"
SUMATERA UTARA,PAKPAK BHARAT,1216,Milik Sendiri,"2,071"
SUMATERA UTARA,PAKPAK BHARAT,1216,Kontrak/Sewa,19
SUMATERA UTARA,PAKPAK BHARAT,1216,Bebas Sewa,227
SUMATERA UTARA,SAMOSIR,1217,Milik Sendiri,"3,415"
SUMATERA UTARA,SAMOSIR,1217,Kontrak/Sewa,292
SUMATERA UTARA,SAMOSIR,1217,Bebas Sewa,"2,679"
SUMATERA UTARA,SERDANG BEDAGAI,1218,Milik Sendiri,"26,877"
SUMATERA UTARA,SERDANG BEDAGAI,1218,Kontrak/Sewa,"1,836"
SUMATERA UTARA,SERDANG BEDAGAI,1218,Bebas Sewa,"6,985"
SUMATERA UTARA,BATU BARA,1219,Milik Sendiri,"33,155"
SUMATERA UTARA,BATU BARA,1219,Kontrak/Sewa,"2,338"
SUMATERA UTARA,BATU BARA,1219,Bebas Sewa,"7,364"
SUMATERA UTARA,PADANG LAWAS UTARA,1220,Milik Sendiri,"8,824"
SUMATERA UTARA,PADANG LAWAS UTARA,1220,Kontrak/Sewa,395
SUMATERA UTARA,PADANG LAWAS UTARA,1220,Bebas Sewa,"1,912"
SUMATERA UTARA,PADANG LAWAS,1221,Milik Sendiri,"13,139"
SUMATERA UTARA,PADANG LAWAS,1221,Kontrak/Sewa,892
SUMATERA UTARA,PADANG LAWAS,1221,Bebas Sewa,"2,650"
SUMATERA UTARA,LABUHAN BATU SELATAN,1222,Milik Sendiri,"5,880"
SUMATERA UTARA,LABUHAN BATU SELATAN,1222,Kontrak/Sewa,868
SUMATERA UTARA,LABUHAN BATU SELATAN,1222,Bebas Sewa,"1,904"
SUMATERA UTARA,LABUHAN BATU UTARA,1223,Milik Sendiri,"14,956"
SUMATERA UTARA,LABUHAN BATU UTARA,1223,Kontrak/Sewa,903
SUMATERA UTARA,LABUHAN BATU UTARA,1223,Bebas Sewa,"3,127"
SUMATERA UTARA,NIAS UTARA,1224,Milik Sendiri,"19,778"
SUMATERA UTARA,NIAS UTARA,1224,Kontrak/Sewa,88
SUMATERA UTARA,NIAS UTARA,1224,Bebas Sewa,"2,750"
SUMATERA UTARA,NIAS BARAT,1225,Milik Sendiri,"11,686"
SUMATERA UTARA,NIAS BARAT,1225,Kontrak/Sewa,59
SUMATERA UTARA,NIAS BARAT,1225,Bebas Sewa,"1,943"
SUMATERA UTARA,KOTA SIBOLGA,1271,Milik Sendiri,"1,782"
SUMATERA UTARA,KOTA SIBOLGA,1271,Kontrak/Sewa,"2,274"
SUMATERA UTARA,KOTA SIBOLGA,1271,Bebas Sewa,"1,346"
SUMATERA UTARA,KOTA TANJUNG BALAI,1272,Milik Sendiri,"8,377"
SUMATERA UTARA,KOTA TANJUNG BALAI,1272,Kontrak/Sewa,"3,170"
SUMATERA UTARA,KOTA TANJUNG BALAI,1272,Bebas Sewa,"2,678"
SUMATERA UTARA,KOTA PEMATANG SIANTAR,1273,Milik Sendiri,"7,499"
SUMATERA UTARA,KOTA PEMATANG SIANTAR,1273,Kontrak/Sewa,"5,599"
SUMATERA UTARA,KOTA PEMATANG SIANTAR,1273,Bebas Sewa,"4,511"
SUMATERA UTARA,KOTA TEBING TINGGI,1274,Milik Sendiri,"5,407"
SUMATERA UTARA,KOTA TEBING TINGGI,1274,Kontrak/Sewa,"2,467"
SUMATERA UTARA,KOTA TEBING TINGGI,1274,Bebas Sewa,"2,576"
SUMATERA UTARA,KOTA MEDAN,1275,Milik Sendiri,"52,119"
SUMATERA UTARA,KOTA MEDAN,1275,Kontrak/Sewa,"29,251"
SUMATERA UTARA,KOTA MEDAN,1275,Bebas Sewa,"27,266"
SUMATERA UTARA,KOTA BINJAI,1276,Milik Sendiri,"9,965"
SUMATERA UTARA,KOTA BINJAI,1276,Kontrak/Sewa,"2,023"
SUMATERA UTARA,KOTA BINJAI,1276,Bebas Sewa,"3,764"
SUMATERA UTARA,KOTA PADANGSIDIMPUAN,1277,Milik Sendiri,"4,946"
SUMATERA UTARA,KOTA PADANGSIDIMPUAN,1277,Kontrak/Sewa,"3,527"
SUMATERA UTARA,KOTA PADANGSIDIMPUAN,1277,Bebas Sewa,"1,986"
SUMATERA UTARA,KOTA GUNUNGSITOLI,1278,Milik Sendiri,"11,072"
SUMATERA UTARA,KOTA GUNUNGSITOLI,1278,Kontrak/Sewa,355
SUMATERA UTARA,KOTA GUNUNGSITOLI,1278,Bebas Sewa,"2,284"
SUMATERA BARAT,KEPULAUAN MENTAWAI,1301,Milik Sendiri,"7,752"
SUMATERA BARAT,KEPULAUAN MENTAWAI,1301,Kontrak/Sewa,33
SUMATERA BARAT,KEPULAUAN MENTAWAI,1301,Bebas Sewa,187
SUMATERA BARAT,PESISIR SELATAN,1302,Milik Sendiri,"30,268"
SUMATERA BARAT,PESISIR SELATAN,1302,Kontrak/Sewa,579
SUMATERA BARAT,PESISIR SELATAN,1302,Bebas Sewa,"6,350"
SUMATERA BARAT,SOLOK,1303,Milik Sendiri,"22,971"
SUMATERA BARAT,SOLOK,1303,Kontrak/Sewa,705
SUMATERA BARAT,SOLOK,1303,Bebas Sewa,"5,206"
SUMATERA BARAT,SIJUNJUNG,1304,Milik Sendiri,"10,599"
SUMATERA BARAT,SIJUNJUNG,1304,Kontrak/Sewa,96
SUMATERA BARAT,SIJUNJUNG,1304,Bebas Sewa,"1,074"
SUMATERA BARAT,TANAH DATAR,1305,Milik Sendiri,"13,314"
SUMATERA BARAT,TANAH DATAR,1305,Kontrak/Sewa,431
SUMATERA BARAT,TANAH DATAR,1305,Bebas Sewa,"5,309"
SUMATERA BARAT,PADANG PARIAMAN,1306,Milik Sendiri,"22,421"
SUMATERA BARAT,PADANG PARIAMAN,1306,Kontrak/Sewa,493
SUMATERA BARAT,PADANG PARIAMAN,1306,Bebas Sewa,"4,919"
SUMATERA BARAT,AGAM,1307,Milik Sendiri,"14,104"
SUMATERA BARAT,AGAM,1307,Kontrak/Sewa,665
SUMATERA BARAT,AGAM,1307,Bebas Sewa,"5,442"
SUMATERA BARAT,LIMA PULUH KOTA,1308,Milik Sendiri,"25,923"
SUMATERA BARAT,LIMA PULUH KOTA,1308,Kontrak/Sewa,474
SUMATERA BARAT,LIMA PULUH KOTA,1308,Bebas Sewa,"4,682"
SUMATERA BARAT,PASAMAN,1309,Milik Sendiri,"17,952"
SUMATERA BARAT,PASAMAN,1309,Kontrak/Sewa,"1,669"
SUMATERA BARAT,PASAMAN,1309,Bebas Sewa,"5,387"
SUMATERA BARAT,SOLOK SELATAN,1310,Milik Sendiri,"7,542"
SUMATERA BARAT,SOLOK SELATAN,1310,Kontrak/Sewa,116
SUMATERA BARAT,SOLOK SELATAN,1310,Bebas Sewa,"1,458"
SUMATERA BARAT,DHARMASRAYA,1311,Milik Sendiri,"6,221"
SUMATERA BARAT,DHARMASRAYA,1311,Kontrak/Sewa,102
SUMATERA BARAT,DHARMASRAYA,1311,Bebas Sewa,642
SUMATERA BARAT,PASAMAN BARAT,1312,Milik Sendiri,"33,195"
SUMATERA BARAT,PASAMAN BARAT,1312,Kontrak/Sewa,"1,517"
SUMATERA BARAT,PASAMAN BARAT,1312,Bebas Sewa,"4,883"
SUMATERA BARAT,KOTA PADANG,1371,Milik Sendiri,"25,361"
SUMATERA BARAT,KOTA PADANG,1371,Kontrak/Sewa,"6,865"
SUMATERA BARAT,KOTA PADANG,1371,Bebas Sewa,"10,097"
SUMATERA BARAT,KOTA SOLOK,1372,Milik Sendiri,"1,606"
SUMATERA BARAT,KOTA SOLOK,1372,Kontrak/Sewa,440
SUMATERA BARAT,KOTA SOLOK,1372,Bebas Sewa,390
SUMATERA BARAT,KOTA SAWAH LUNTO,1373,Milik Sendiri,"1,173"
SUMATERA BARAT,KOTA SAWAH LUNTO,1373,Kontrak/Sewa,57
SUMATERA BARAT,KOTA SAWAH LUNTO,1373,Bebas Sewa,332
SUMATERA BARAT,KOTA PADANG PANJANG,1374,Milik Sendiri,"1,145"
SUMATERA BARAT,KOTA PADANG PANJANG,1374,Kontrak/Sewa,373
SUMATERA BARAT,KOTA PADANG PANJANG,1374,Bebas Sewa,556
SUMATERA BARAT,KOTA BUKITTINGGI,1375,Milik Sendiri,"1,152"
SUMATERA BARAT,KOTA BUKITTINGGI,1375,Kontrak/Sewa,"1,749"
SUMATERA BARAT,KOTA BUKITTINGGI,1375,Bebas Sewa,955
SUMATERA BARAT,KOTA PAYAKUMBUH,1376,Milik Sendiri,"4,417"
SUMATERA BARAT,KOTA PAYAKUMBUH,1376,Kontrak/Sewa,888
SUMATERA BARAT,KOTA PAYAKUMBUH,1376,Bebas Sewa,"1,091"
SUMATERA BARAT,KOTA PARIAMAN,1377,Milik Sendiri,"3,026"
SUMATERA BARAT,KOTA PARIAMAN,1377,Kontrak/Sewa,184
SUMATERA BARAT,KOTA PARIAMAN,1377,Bebas Sewa,"1,296"
RIAU,KUANTAN SINGINGI,1401,Milik Sendiri,"16,836"
RIAU,KUANTAN SINGINGI,1401,Kontrak/Sewa,519
RIAU,KUANTAN SINGINGI,1401,Bebas Sewa,"2,102"
RIAU,INDRAGIRI HULU,1402,Milik Sendiri,"28,925"
RIAU,INDRAGIRI HULU,1402,Kontrak/Sewa,"1,063"
RIAU,INDRAGIRI HULU,1402,Bebas Sewa,"3,514"
RIAU,INDRAGIRI HILIR,1403,Milik Sendiri,"35,526"
RIAU,INDRAGIRI HILIR,1403,Kontrak/Sewa,"1,593"
RIAU,INDRAGIRI HILIR,1403,Bebas Sewa,"2,667"
RIAU,PELALAWAN,1404,Milik Sendiri,"15,008"
RIAU,PELALAWAN,1404,Kontrak/Sewa,"2,239"
RIAU,PELALAWAN,1404,Bebas Sewa,"2,107"
RIAU,S I A K,1405,Milik Sendiri,"16,791"
RIAU,S I A K,1405,Kontrak/Sewa,"1,927"
RIAU,S I A K,1405,Bebas Sewa,"2,572"
RIAU,KAMPAR,1406,Milik Sendiri,"44,464"
RIAU,KAMPAR,1406,Kontrak/Sewa,"4,281"
RIAU,KAMPAR,1406,Bebas Sewa,"7,573"
RIAU,ROKAN HULU,1407,Milik Sendiri,"22,160"
RIAU,ROKAN HULU,1407,Kontrak/Sewa,"1,851"
RIAU,ROKAN HULU,1407,Bebas Sewa,"5,044"
RIAU,BENGKALIS,1408,Milik Sendiri,"24,843"
RIAU,BENGKALIS,1408,Kontrak/Sewa,"1,696"
RIAU,BENGKALIS,1408,Bebas Sewa,"2,142"
RIAU,ROKAN HILIR,1409,Milik Sendiri,"38,927"
RIAU,ROKAN HILIR,1409,Kontrak/Sewa,"3,877"
RIAU,ROKAN HILIR,1409,Bebas Sewa,"6,733"
RIAU,KEPULAUAN MERANTI,1410,Milik Sendiri,"21,894"
RIAU,KEPULAUAN MERANTI,1410,Kontrak/Sewa,459
RIAU,KEPULAUAN MERANTI,1410,Bebas Sewa,"1,063"
RIAU,KOTA PEKANBARU,1471,Milik Sendiri,"10,326"
RIAU,KOTA PEKANBARU,1471,Kontrak/Sewa,"11,690"
RIAU,KOTA PEKANBARU,1471,Bebas Sewa,"4,778"
RIAU,KOTA DUMAI,1473,Milik Sendiri,"10,225"
RIAU,KOTA DUMAI,1473,Kontrak/Sewa,"3,669"
RIAU,KOTA DUMAI,1473,Bebas Sewa,"1,839"
JAMBI,KERINCI,1501,Milik Sendiri,"20,855"
JAMBI,KERINCI,1501,Kontrak/Sewa,197
JAMBI,KERINCI,1501,Bebas Sewa,"7,269"
JAMBI,MERANGIN,1502,Milik Sendiri,"20,975"
JAMBI,MERANGIN,1502,Kontrak/Sewa,277
JAMBI,MERANGIN,1502,Bebas Sewa,"1,634"
JAMBI,SAROLANGUN,1503,Milik Sendiri,"20,217"
JAMBI,SAROLANGUN,1503,Kontrak/Sewa,305
JAMBI,SAROLANGUN,1503,Bebas Sewa,"2,011"
JAMBI,BATANG HARI,1504,Milik Sendiri,"17,474"
JAMBI,BATANG HARI,1504,Kontrak/Sewa,476
JAMBI,BATANG HARI,1504,Bebas Sewa,"2,943"
JAMBI,MUARO JAMBI,1505,Milik Sendiri,"14,950"
JAMBI,MUARO JAMBI,1505,Kontrak/Sewa,460
JAMBI,MUARO JAMBI,1505,Bebas Sewa,"1,834"
JAMBI,TANJUNG JABUNG TIMUR,1506,Milik Sendiri,"15,668"
JAMBI,TANJUNG JABUNG TIMUR,1506,Kontrak/Sewa,291
JAMBI,TANJUNG JABUNG TIMUR,1506,Bebas Sewa,767
JAMBI,TANJUNG JABUNG BARAT,1507,Milik Sendiri,"21,271"
JAMBI,TANJUNG JABUNG BARAT,1507,Kontrak/Sewa,"1,483"
JAMBI,TANJUNG JABUNG BARAT,1507,Bebas Sewa,"1,927"
JAMBI,TEBO,1508,Milik Sendiri,"18,313"
JAMBI,TEBO,1508,Kontrak/Sewa,190
JAMBI,TEBO,1508,Bebas Sewa,"1,913"
JAMBI,BUNGO,1509,Milik Sendiri,"15,032"
JAMBI,BUNGO,1509,Kontrak/Sewa,300
JAMBI,BUNGO,1509,Bebas Sewa,"1,905"
JAMBI,KOTA JAMBI,1571,Milik Sendiri,"19,815"
JAMBI,KOTA JAMBI,1571,Kontrak/Sewa,"6,727"
JAMBI,KOTA JAMBI,1571,Bebas Sewa,"4,847"
JAMBI,KOTA SUNGAI PENUH,1572,Milik Sendiri,"3,943"
JAMBI,KOTA SUNGAI PENUH,1572,Kontrak/Sewa,198
JAMBI,KOTA SUNGAI PENUH,1572,Bebas Sewa,"1,192"
SUMATERA SELATAN,OGAN KOMERING ULU,1601,Milik Sendiri,"17,430"
SUMATERA SELATAN,OGAN KOMERING ULU,1601,Kontrak/Sewa,"1,625"
SUMATERA SELATAN,OGAN KOMERING ULU,1601,Bebas Sewa,"5,574"
SUMATERA SELATAN,OGAN KOMERING ILIR,1602,Milik Sendiri,"56,904"
SUMATERA SELATAN,OGAN KOMERING ILIR,1602,Kontrak/Sewa,"1,085"
SUMATERA SELATAN,OGAN KOMERING ILIR,1602,Bebas Sewa,"13,738"
SUMATERA SELATAN,MUARA ENIM,1603,Milik Sendiri,"44,984"
SUMATERA SELATAN,MUARA ENIM,1603,Kontrak/Sewa,"1,687"
SUMATERA SELATAN,MUARA ENIM,1603,Bebas Sewa,"7,183"
SUMATERA SELATAN,LAHAT,1604,Milik Sendiri,"29,226"
SUMATERA SELATAN,LAHAT,1604,Kontrak/Sewa,"1,300"
SUMATERA SELATAN,LAHAT,1604,Bebas Sewa,"6,845"
SUMATERA SELATAN,MUSI RAWAS,1605,Milik Sendiri,"37,268"
SUMATERA SELATAN,MUSI RAWAS,1605,Kontrak/Sewa,664
SUMATERA SELATAN,MUSI RAWAS,1605,Bebas Sewa,"4,639"
SUMATERA SELATAN,MUSI BANYUASIN,1606,Milik Sendiri,"45,283"
SUMATERA SELATAN,MUSI BANYUASIN,1606,Kontrak/Sewa,"1,939"
SUMATERA SELATAN,MUSI BANYUASIN,1606,Bebas Sewa,"6,687"
SUMATERA SELATAN,BANYU ASIN,1607,Milik Sendiri,"73,883"
SUMATERA SELATAN,BANYU ASIN,1607,Kontrak/Sewa,"1,934"
SUMATERA SELATAN,BANYU ASIN,1607,Bebas Sewa,"5,938"
SUMATERA SELATAN,OGAN KOMERING ULU SELATAN,1608,Milik Sendiri,"34,787"
SUMATERA SELATAN,OGAN KOMERING ULU SELATAN,1608,Kontrak/Sewa,"1,539"
SUMATERA SELATAN,OGAN KOMERING ULU SELATAN,1608,Bebas Sewa,"5,059"
SUMATERA SELATAN,OGAN KOMERING ULU TIMUR,1609,Milik Sendiri,"29,459"
SUMATERA SELATAN,OGAN KOMERING ULU TIMUR,1609,Kontrak/Sewa,406
SUMATERA SELATAN,OGAN KOMERING ULU TIMUR,1609,Bebas Sewa,"4,050"
SUMATERA SELATAN,OGAN ILIR,1610,Milik Sendiri,"39,431"
SUMATERA SELATAN,OGAN ILIR,1610,Kontrak/Sewa,830
SUMATERA SELATAN,OGAN ILIR,1610,Bebas Sewa,"5,328"
SUMATERA SELATAN,EMPAT LAWANG,1611,Milik Sendiri,"17,671"
SUMATERA SELATAN,EMPAT LAWANG,1611,Kontrak/Sewa,706
SUMATERA SELATAN,EMPAT LAWANG,1611,Bebas Sewa,"3,577"
SUMATERA SELATAN,PENUKAL ABAB LEMATANG ILIR,1612,Milik Sendiri,"15,683"
SUMATERA SELATAN,PENUKAL ABAB LEMATANG ILIR,1612,Kontrak/Sewa,318
SUMATERA SELATAN,PENUKAL ABAB LEMATANG ILIR,1612,Bebas Sewa,"1,676"
SUMATERA SELATAN,MUSI RAWAS UTARA,1613,Milik Sendiri,"14,410"
SUMATERA SELATAN,MUSI RAWAS UTARA,1613,Kontrak/Sewa,605
SUMATERA SELATAN,MUSI RAWAS UTARA,1613,Bebas Sewa,"3,112"
SUMATERA SELATAN,KOTA PALEMBANG,1671,Milik Sendiri,"47,052"
SUMATERA SELATAN,KOTA PALEMBANG,1671,Kontrak/Sewa,"18,522"
SUMATERA SELATAN,KOTA PALEMBANG,1671,Bebas Sewa,"23,628"
SUMATERA SELATAN,KOTA PRABUMULIH,1672,Milik Sendiri,"7,648"
SUMATERA SELATAN,KOTA PRABUMULIH,1672,Kontrak/Sewa,"1,368"
SUMATERA SELATAN,KOTA PRABUMULIH,1672,Bebas Sewa,"1,793"
SUMATERA SELATAN,KOTA PAGAR ALAM,1673,Milik Sendiri,"6,813"
SUMATERA SELATAN,KOTA PAGAR ALAM,1673,Kontrak/Sewa,934
SUMATERA SELATAN,KOTA PAGAR ALAM,1673,Bebas Sewa,"1,489"
SUMATERA SELATAN,KOTA LUBUKLINGGAU,1674,Milik Sendiri,"7,669"
SUMATERA SELATAN,KOTA LUBUKLINGGAU,1674,Kontrak/Sewa,"1,907"
SUMATERA SELATAN,KOTA LUBUKLINGGAU,1674,Bebas Sewa,"2,171"
BENGKULU,BENGKULU SELATAN,1701,Milik Sendiri,"11,458"
BENGKULU,BENGKULU SELATAN,1701,Kontrak/Sewa,124
BENGKULU,BENGKULU SELATAN,1701,Bebas Sewa,640
BENGKULU,REJANG LEBONG,1702,Milik Sendiri,"21,084"
BENGKULU,REJANG LEBONG,1702,Kontrak/Sewa,"1,754"
BENGKULU,REJANG LEBONG,1702,Bebas Sewa,"4,947"
BENGKULU,BENGKULU UTARA,1703,Milik Sendiri,"19,796"
BENGKULU,BENGKULU UTARA,1703,Kontrak/Sewa,229
BENGKULU,BENGKULU UTARA,1703,Bebas Sewa,"1,928"
BENGKULU,KAUR,1704,Milik Sendiri,"11,442"
BENGKULU,KAUR,1704,Kontrak/Sewa,101
BENGKULU,KAUR,1704,Bebas Sewa,571
BENGKULU,SELUMA,1705,Milik Sendiri,"18,592"
BENGKULU,SELUMA,1705,Kontrak/Sewa,81
BENGKULU,SELUMA,1705,Bebas Sewa,"1,202"
BENGKULU,MUKOMUKO,1706,Milik Sendiri,"11,493"
BENGKULU,MUKOMUKO,1706,Kontrak/Sewa,147
BENGKULU,MUKOMUKO,1706,Bebas Sewa,"1,442"
BENGKULU,LEBONG,1707,Milik Sendiri,"8,533"
BENGKULU,LEBONG,1707,Kontrak/Sewa,177
BENGKULU,LEBONG,1707,Bebas Sewa,"1,496"
BENGKULU,KEPAHIANG,1708,Milik Sendiri,"8,980"
BENGKULU,KEPAHIANG,1708,Kontrak/Sewa,391
BENGKULU,KEPAHIANG,1708,Bebas Sewa,"1,377"
BENGKULU,BENGKULU TENGAH,1709,Milik Sendiri,"11,143"
BENGKULU,BENGKULU TENGAH,1709,Kontrak/Sewa,94
BENGKULU,BENGKULU TENGAH,1709,Bebas Sewa,"1,156"
BENGKULU,KOTA BENGKULU,1771,Milik Sendiri,"13,677"
BENGKULU,KOTA BENGKULU,1771,Kontrak/Sewa,"3,599"
BENGKULU,KOTA BENGKULU,1771,Bebas Sewa,"2,917"
LAMPUNG,LAMPUNG BARAT,1801,Milik Sendiri,"29,147"
LAMPUNG,LAMPUNG BARAT,1801,Kontrak/Sewa,771
LAMPUNG,LAMPUNG BARAT,1801,Bebas Sewa,"3,361"
LAMPUNG,TANGGAMUS,1802,Milik Sendiri,"60,062"
LAMPUNG,TANGGAMUS,1802,Kontrak/Sewa,870
LAMPUNG,TANGGAMUS,1802,Bebas Sewa,"4,674"
LAMPUNG,LAMPUNG SELATAN,1803,Milik Sendiri,"118,582"
LAMPUNG,LAMPUNG SELATAN,1803,Kontrak/Sewa,"1,860"
LAMPUNG,LAMPUNG SELATAN,1803,Bebas Sewa,"10,796"
LAMPUNG,LAMPUNG TIMUR,1804,Milik Sendiri,"99,346"
LAMPUNG,LAMPUNG TIMUR,1804,Kontrak/Sewa,799
LAMPUNG,LAMPUNG TIMUR,1804,Bebas Sewa,"8,348"
LAMPUNG,LAMPUNG TENGAH,1805,Milik Sendiri,"111,489"
LAMPUNG,LAMPUNG TENGAH,1805,Kontrak/Sewa,"1,120"
LAMPUNG,LAMPUNG TENGAH,1805,Bebas Sewa,"9,727"
LAMPUNG,LAMPUNG UTARA,1806,Milik Sendiri,"64,648"
LAMPUNG,LAMPUNG UTARA,1806,Kontrak/Sewa,"1,476"
LAMPUNG,LAMPUNG UTARA,1806,Bebas Sewa,"6,791"
LAMPUNG,WAY KANAN,1807,Milik Sendiri,"42,952"
LAMPUNG,WAY KANAN,1807,Kontrak/Sewa,373
LAMPUNG,WAY KANAN,1807,Bebas Sewa,"3,640"
LAMPUNG,TULANGBAWANG,1808,Milik Sendiri,"37,930"
LAMPUNG,TULANGBAWANG,1808,Kontrak/Sewa,510
LAMPUNG,TULANGBAWANG,1808,Bebas Sewa,"3,295"
LAMPUNG,PESAWARAN,1809,Milik Sendiri,"55,795"
LAMPUNG,PESAWARAN,1809,Kontrak/Sewa,817
LAMPUNG,PESAWARAN,1809,Bebas Sewa,"5,146"
LAMPUNG,PRINGSEWU,1810,Milik Sendiri,"32,422"
LAMPUNG,PRINGSEWU,1810,Kontrak/Sewa,512
LAMPUNG,PRINGSEWU,1810,Bebas Sewa,"3,438"
LAMPUNG,MESUJI,1811,Milik Sendiri,"20,324"
LAMPUNG,MESUJI,1811,Kontrak/Sewa,77
LAMPUNG,MESUJI,1811,Bebas Sewa,"1,602"
LAMPUNG,TULANG BAWANG BARAT,1812,Milik Sendiri,"20,655"
LAMPUNG,TULANG BAWANG BARAT,1812,Kontrak/Sewa,94
LAMPUNG,TULANG BAWANG BARAT,1812,Bebas Sewa,"1,954"
LAMPUNG,PESISIR BARAT,1813,Milik Sendiri,"18,412"
LAMPUNG,PESISIR BARAT,1813,Kontrak/Sewa,215
LAMPUNG,PESISIR BARAT,1813,Bebas Sewa,931
LAMPUNG,KOTA BANDAR LAMPUNG,1871,Milik Sendiri,"49,563"
LAMPUNG,KOTA BANDAR LAMPUNG,1871,Kontrak/Sewa,"12,484"
LAMPUNG,KOTA BANDAR LAMPUNG,1871,Bebas Sewa,"17,607"
LAMPUNG,KOTA METRO,1872,Milik Sendiri,"6,755"
LAMPUNG,KOTA METRO,1872,Kontrak/Sewa,578
LAMPUNG,KOTA METRO,1872,Bebas Sewa,"1,163"
KEPULAUAN BANGKA BELITUNG,BANGKA,1901,Milik Sendiri,"13,642"
KEPULAUAN BANGKA BELITUNG,BANGKA,1901,Kontrak/Sewa,255
KEPULAUAN BANGKA BELITUNG,BANGKA,1901,Bebas Sewa,976
KEPULAUAN BANGKA BELITUNG,BELITUNG,1902,Milik Sendiri,"9,141"
KEPULAUAN BANGKA BELITUNG,BELITUNG,1902,Kontrak/Sewa,175
KEPULAUAN BANGKA BELITUNG,BELITUNG,1902,Bebas Sewa,623
KEPULAUAN BANGKA BELITUNG,BANGKA BARAT,1903,Milik Sendiri,"5,956"
KEPULAUAN BANGKA BELITUNG,BANGKA BARAT,1903,Kontrak/Sewa,39
KEPULAUAN BANGKA BELITUNG,BANGKA BARAT,1903,Bebas Sewa,198
KEPULAUAN BANGKA BELITUNG,BANGKA TENGAH,1904,Milik Sendiri,"9,501"
KEPULAUAN BANGKA BELITUNG,BANGKA TENGAH,1904,Kontrak/Sewa,200
KEPULAUAN BANGKA BELITUNG,BANGKA TENGAH,1904,Bebas Sewa,539
KEPULAUAN BANGKA BELITUNG,BANGKA SELATAN,1905,Milik Sendiri,"7,360"
KEPULAUAN BANGKA BELITUNG,BANGKA SELATAN,1905,Kontrak/Sewa,128
KEPULAUAN BANGKA BELITUNG,BANGKA SELATAN,1905,Bebas Sewa,521
KEPULAUAN BANGKA BELITUNG,BELITUNG TIMUR,1906,Milik Sendiri,"6,879"
KEPULAUAN BANGKA BELITUNG,BELITUNG TIMUR,1906,Kontrak/Sewa,85
KEPULAUAN BANGKA BELITUNG,BELITUNG TIMUR,1906,Bebas Sewa,381
KEPULAUAN BANGKA BELITUNG,KOTA PANGKAL PINANG,1971,Milik Sendiri,"6,642"
KEPULAUAN BANGKA BELITUNG,KOTA PANGKAL PINANG,1971,Kontrak/Sewa,667
KEPULAUAN BANGKA BELITUNG,KOTA PANGKAL PINANG,1971,Bebas Sewa,"1,105"
KEPULAUAN RIAU,KARIMUN,2101,Milik Sendiri,"12,190"
KEPULAUAN RIAU,KARIMUN,2101,Kontrak/Sewa,579
KEPULAUAN RIAU,KARIMUN,2101,Bebas Sewa,862
KEPULAUAN RIAU,BINTAN,2102,Milik Sendiri,"4,532"
KEPULAUAN RIAU,BINTAN,2102,Kontrak/Sewa,562
KEPULAUAN RIAU,BINTAN,2102,Bebas Sewa,755
KEPULAUAN RIAU,NATUNA,2103,Milik Sendiri,"2,380"
KEPULAUAN RIAU,NATUNA,2103,Kontrak/Sewa,43
KEPULAUAN RIAU,NATUNA,2103,Bebas Sewa,112
KEPULAUAN RIAU,LINGGA,2104,Milik Sendiri,"6,914"
KEPULAUAN RIAU,LINGGA,2104,Kontrak/Sewa,45
KEPULAUAN RIAU,LINGGA,2104,Bebas Sewa,195
KEPULAUAN RIAU,KEPULAUAN ANAMBAS,2105,Milik Sendiri,656
KEPULAUAN RIAU,KEPULAUAN ANAMBAS,2105,Kontrak/Sewa,7
KEPULAUAN RIAU,KEPULAUAN ANAMBAS,2105,Bebas Sewa,38
KEPULAUAN RIAU,KOTA BATAM,2171,Milik Sendiri,"32,759"
KEPULAUAN RIAU,KOTA BATAM,2171,Kontrak/Sewa,"4,995"
KEPULAUAN RIAU,KOTA BATAM,2171,Bebas Sewa,"1,784"
KEPULAUAN RIAU,KOTA TANJUNG PINANG,2172,Milik Sendiri,"5,849"
KEPULAUAN RIAU,KOTA TANJUNG PINANG,2172,Kontrak/Sewa,"2,526"
KEPULAUAN RIAU,KOTA TANJUNG PINANG,2172,Bebas Sewa,"1,563"
DKI JAKARTA,KEPULAUAN SERIBU,3101,Milik Sendiri,"1,519"
DKI JAKARTA,KEPULAUAN SERIBU,3101,Kontrak/Sewa,92
DKI JAKARTA,KEPULAUAN SERIBU,3101,Bebas Sewa,136
DKI JAKARTA,KOTA JAKARTA SELATAN,3171,Milik Sendiri,"16,148"
DKI JAKARTA,KOTA JAKARTA SELATAN,3171,Kontrak/Sewa,"13,394"
DKI JAKARTA,KOTA JAKARTA SELATAN,3171,Bebas Sewa,"7,679"
DKI JAKARTA,KOTA JAKARTA TIMUR,3172,Milik Sendiri,"30,195"
DKI JAKARTA,KOTA JAKARTA TIMUR,3172,Kontrak/Sewa,"21,337"
DKI JAKARTA,KOTA JAKARTA TIMUR,3172,Bebas Sewa,"14,065"
DKI JAKARTA,KOTA JAKARTA PUSAT,3173,Milik Sendiri,"13,593"
DKI JAKARTA,KOTA JAKARTA PUSAT,3173,Kontrak/Sewa,"7,219"
DKI JAKARTA,KOTA JAKARTA PUSAT,3173,Bebas Sewa,"12,463"
DKI JAKARTA,KOTA JAKARTA BARAT,3174,Milik Sendiri,"27,715"
DKI JAKARTA,KOTA JAKARTA BARAT,3174,Kontrak/Sewa,"14,866"
DKI JAKARTA,KOTA JAKARTA BARAT,3174,Bebas Sewa,"9,539"
DKI JAKARTA,KOTA JAKARTA UTARA,3175,Milik Sendiri,"29,531"
DKI JAKARTA,KOTA JAKARTA UTARA,3175,Kontrak/Sewa,"22,248"
DKI JAKARTA,KOTA JAKARTA UTARA,3175,Bebas Sewa,"16,213"
JAWA BARAT,BOGOR,3201,Milik Sendiri,"293,165"
JAWA BARAT,BOGOR,3201,Kontrak/Sewa,"5,959"
JAWA BARAT,BOGOR,3201,Bebas Sewa,"17,488"
JAWA BARAT,SUKABUMI,3202,Milik Sendiri,"215,267"
JAWA BARAT,SUKABUMI,3202,Kontrak/Sewa,"3,126"
JAWA BARAT,SUKABUMI,3202,Bebas Sewa,"15,262"
JAWA BARAT,CIANJUR,3203,Milik Sendiri,"262,368"
JAWA BARAT,CIANJUR,3203,Kontrak/Sewa,"10,239"
JAWA BARAT,CIANJUR,3203,Bebas Sewa,"27,575"
JAWA BARAT,BANDUNG,3204,Milik Sendiri,"262,036"
JAWA BARAT,BANDUNG,3204,Kontrak/Sewa,"15,120"
JAWA BARAT,BANDUNG,3204,Bebas Sewa,"39,603"
JAWA BARAT,GARUT,3205,Milik Sendiri,"279,161"
JAWA BARAT,GARUT,3205,Kontrak/Sewa,"6,222"
JAWA BARAT,GARUT,3205,Bebas Sewa,"27,671"
JAWA BARAT,TASIKMALAYA,3206,Milik Sendiri,"194,724"
JAWA BARAT,TASIKMALAYA,3206,Kontrak/Sewa,"1,657"
JAWA BARAT,TASIKMALAYA,3206,Bebas Sewa,"14,118"
JAWA BARAT,CIAMIS,3207,Milik Sendiri,"133,047"
JAWA BARAT,CIAMIS,3207,Kontrak/Sewa,"1,553"
JAWA BARAT,CIAMIS,3207,Bebas Sewa,"16,277"
JAWA BARAT,KUNINGAN,3208,Milik Sendiri,"98,786"
JAWA BARAT,KUNINGAN,3208,Kontrak/Sewa,699
JAWA BARAT,KUNINGAN,3208,Bebas Sewa,"8,549"
JAWA BARAT,CIREBON,3209,Milik Sendiri,"193,942"
JAWA BARAT,CIREBON,3209,Kontrak/Sewa,"2,732"
JAWA BARAT,CIREBON,3209,Bebas Sewa,"47,080"
JAWA BARAT,MAJALENGKA,3210,Milik Sendiri,"120,975"
JAWA BARAT,MAJALENGKA,3210,Kontrak/Sewa,"1,005"
JAWA BARAT,MAJALENGKA,3210,Bebas Sewa,"14,975"
JAWA BARAT,SUMEDANG,3211,Milik Sendiri,"85,043"
JAWA BARAT,SUMEDANG,3211,Kontrak/Sewa,"1,392"
JAWA BARAT,SUMEDANG,3211,Bebas Sewa,"8,284"
JAWA BARAT,INDRAMAYU,3212,Milik Sendiri,"202,632"
JAWA BARAT,INDRAMAYU,3212,Kontrak/Sewa,"2,268"
JAWA BARAT,INDRAMAYU,3212,Bebas Sewa,"31,203"
JAWA BARAT,SUBANG,3213,Milik Sendiri,"113,562"
JAWA BARAT,SUBANG,3213,Kontrak/Sewa,"2,957"
JAWA BARAT,SUBANG,3213,Bebas Sewa,"13,164"
JAWA BARAT,PURWAKARTA,3214,Milik Sendiri,"53,868"
JAWA BARAT,PURWAKARTA,3214,Kontrak/Sewa,"1,185"
JAWA BARAT,PURWAKARTA,3214,Bebas Sewa,"3,974"
JAWA BARAT,KARAWANG,3215,Milik Sendiri,"196,421"
JAWA BARAT,KARAWANG,3215,Kontrak/Sewa,"3,986"
JAWA BARAT,KARAWANG,3215,Bebas Sewa,"17,186"
JAWA BARAT,BEKASI,3216,Milik Sendiri,"149,789"
JAWA BARAT,BEKASI,3216,Kontrak/Sewa,"2,585"
JAWA BARAT,BEKASI,3216,Bebas Sewa,"5,073"
JAWA BARAT,BANDUNG BARAT,3217,Milik Sendiri,"123,752"
JAWA BARAT,BANDUNG BARAT,3217,Kontrak/Sewa,"2,906"
JAWA BARAT,BANDUNG BARAT,3217,Bebas Sewa,"13,299"
JAWA BARAT,PANGANDARAN,3218,Milik Sendiri,"40,600"
JAWA BARAT,PANGANDARAN,3218,Kontrak/Sewa,302
JAWA BARAT,PANGANDARAN,3218,Bebas Sewa,"2,448"
JAWA BARAT,KOTA BOGOR,3271,Milik Sendiri,"49,606"
JAWA BARAT,KOTA BOGOR,3271,Kontrak/Sewa,"5,663"
JAWA BARAT,KOTA BOGOR,3271,Bebas Sewa,"13,726"
JAWA BARAT,KOTA SUKABUMI,3272,Milik Sendiri,"15,944"
JAWA BARAT,KOTA SUKABUMI,3272,Kontrak/Sewa,"2,393"
JAWA BARAT,KOTA SUKABUMI,3272,Bebas Sewa,"3,485"
JAWA BARAT,KOTA BANDUNG,3273,Milik Sendiri,"61,657"
JAWA BARAT,KOTA BANDUNG,3273,Kontrak/Sewa,"25,475"
JAWA BARAT,KOTA BANDUNG,3273,Bebas Sewa,"25,814"
JAWA BARAT,KOTA CIREBON,3274,Milik Sendiri,"17,207"
JAWA BARAT,KOTA CIREBON,3274,Kontrak/Sewa,"2,018"
JAWA BARAT,KOTA CIREBON,3274,Bebas Sewa,"6,449"
JAWA BARAT,KOTA BEKASI,3275,Milik Sendiri,"68,576"
JAWA BARAT,KOTA BEKASI,3275,Kontrak/Sewa,"18,191"
JAWA BARAT,KOTA BEKASI,3275,Bebas Sewa,"7,857"
JAWA BARAT,KOTA DEPOK,3276,Milik Sendiri,"56,430"
JAWA BARAT,KOTA DEPOK,3276,Kontrak/Sewa,"10,797"
JAWA BARAT,KOTA DEPOK,3276,Bebas Sewa,"6,508"
JAWA BARAT,KOTA CIMAHI,3277,Milik Sendiri,"14,867"
JAWA BARAT,KOTA CIMAHI,3277,Kontrak/Sewa,"4,372"
JAWA BARAT,KOTA CIMAHI,3277,Bebas Sewa,"5,970"
JAWA BARAT,KOTA TASIKMALAYA,3278,Milik Sendiri,"49,661"
JAWA BARAT,KOTA TASIKMALAYA,3278,Kontrak/Sewa,"5,610"
JAWA BARAT,KOTA TASIKMALAYA,3278,Bebas Sewa,"10,422"
JAWA BARAT,KOTA BANJAR,3279,Milik Sendiri,"10,076"
JAWA BARAT,KOTA BANJAR,3279,Kontrak/Sewa,436
JAWA BARAT,KOTA BANJAR,3279,Bebas Sewa,"1,322"
JAWA TENGAH,CILACAP,3301,Milik Sendiri,"194,609"
JAWA TENGAH,CILACAP,3301,Kontrak/Sewa,"1,365"
JAWA TENGAH,CILACAP,3301,Bebas Sewa,"12,116"
JAWA TENGAH,BANYUMAS,3302,Milik Sendiri,"210,340"
JAWA TENGAH,BANYUMAS,3302,Kontrak/Sewa,983
JAWA TENGAH,BANYUMAS,3302,Bebas Sewa,"9,248"
JAWA TENGAH,PURBALINGGA,3303,Milik Sendiri,"111,266"
JAWA TENGAH,PURBALINGGA,3303,Kontrak/Sewa,320
JAWA TENGAH,PURBALINGGA,3303,Bebas Sewa,"4,766"
JAWA TENGAH,BANJARNEGARA,3304,Milik Sendiri,"100,415"
JAWA TENGAH,BANJARNEGARA,3304,Kontrak/Sewa,271
JAWA TENGAH,BANJARNEGARA,3304,Bebas Sewa,"4,437"
JAWA TENGAH,KEBUMEN,3305,Milik Sendiri,"144,122"
JAWA TENGAH,KEBUMEN,3305,Kontrak/Sewa,749
JAWA TENGAH,KEBUMEN,3305,Bebas Sewa,"10,324"
JAWA TENGAH,PURWOREJO,3306,Milik Sendiri,"68,477"
JAWA TENGAH,PURWOREJO,3306,Kontrak/Sewa,794
JAWA TENGAH,PURWOREJO,3306,Bebas Sewa,"11,008"
JAWA TENGAH,WONOSOBO,3307,Milik Sendiri,"82,390"
JAWA TENGAH,WONOSOBO,3307,Kontrak/Sewa,436
JAWA TENGAH,WONOSOBO,3307,Bebas Sewa,"4,865"
JAWA TENGAH,MAGELANG,3308,Milik Sendiri,"142,625"
JAWA TENGAH,MAGELANG,3308,Kontrak/Sewa,"1,129"
JAWA TENGAH,MAGELANG,3308,Bebas Sewa,"8,696"
JAWA TENGAH,BOYOLALI,3309,Milik Sendiri,"91,118"
JAWA TENGAH,BOYOLALI,3309,Kontrak/Sewa,312
JAWA TENGAH,BOYOLALI,3309,Bebas Sewa,"4,724"
JAWA TENGAH,KLATEN,3310,Milik Sendiri,"146,273"
JAWA TENGAH,KLATEN,3310,Kontrak/Sewa,989
JAWA TENGAH,KLATEN,3310,Bebas Sewa,"18,847"
JAWA TENGAH,SUKOHARJO,3311,Milik Sendiri,"73,552"
JAWA TENGAH,SUKOHARJO,3311,Kontrak/Sewa,"1,496"
JAWA TENGAH,SUKOHARJO,3311,Bebas Sewa,"8,542"
JAWA TENGAH,WONOGIRI,3312,Milik Sendiri,"90,222"
JAWA TENGAH,WONOGIRI,3312,Kontrak/Sewa,65
JAWA TENGAH,WONOGIRI,3312,Bebas Sewa,"2,579"
JAWA TENGAH,KARANGANYAR,3313,Milik Sendiri,"70,499"
JAWA TENGAH,KARANGANYAR,3313,Kontrak/Sewa,448
JAWA TENGAH,KARANGANYAR,3313,Bebas Sewa,"5,682"
JAWA TENGAH,SRAGEN,3314,Milik Sendiri,"73,426"
JAWA TENGAH,SRAGEN,3314,Kontrak/Sewa,274
JAWA TENGAH,SRAGEN,3314,Bebas Sewa,"7,410"
JAWA TENGAH,GROBOGAN,3315,Milik Sendiri,"175,991"
JAWA TENGAH,GROBOGAN,3315,Kontrak/Sewa,429
JAWA TENGAH,GROBOGAN,3315,Bebas Sewa,"12,157"
JAWA TENGAH,BLORA,3316,Milik Sendiri,"105,567"
JAWA TENGAH,BLORA,3316,Kontrak/Sewa,320
JAWA TENGAH,BLORA,3316,Bebas Sewa,"5,347"
JAWA TENGAH,REMBANG,3317,Milik Sendiri,"86,905"
JAWA TENGAH,REMBANG,3317,Kontrak/Sewa,267
JAWA TENGAH,REMBANG,3317,Bebas Sewa,"3,575"
JAWA TENGAH,PATI,3318,Milik Sendiri,"164,527"
JAWA TENGAH,PATI,3318,Kontrak/Sewa,514
JAWA TENGAH,PATI,3318,Bebas Sewa,"11,716"
JAWA TENGAH,KUDUS,3319,Milik Sendiri,"53,717"
JAWA TENGAH,KUDUS,3319,Kontrak/Sewa,489
JAWA TENGAH,KUDUS,3319,Bebas Sewa,"3,278"
JAWA TENGAH,JEPARA,3320,Milik Sendiri,"136,989"
JAWA TENGAH,JEPARA,3320,Kontrak/Sewa,502
JAWA TENGAH,JEPARA,3320,Bebas Sewa,"13,019"
JAWA TENGAH,DEMAK,3321,Milik Sendiri,"138,813"
JAWA TENGAH,DEMAK,3321,Kontrak/Sewa,611
JAWA TENGAH,DEMAK,3321,Bebas Sewa,"9,808"
JAWA TENGAH,SEMARANG,3322,Milik Sendiri,"68,526"
JAWA TENGAH,SEMARANG,3322,Kontrak/Sewa,305
JAWA TENGAH,SEMARANG,3322,Bebas Sewa,"4,498"
JAWA TENGAH,TEMANGGUNG,3323,Milik Sendiri,"77,134"
JAWA TENGAH,TEMANGGUNG,3323,Kontrak/Sewa,692
JAWA TENGAH,TEMANGGUNG,3323,Bebas Sewa,"2,957"
JAWA TENGAH,KENDAL,3324,Milik Sendiri,"85,489"
JAWA TENGAH,KENDAL,3324,Kontrak/Sewa,530
JAWA TENGAH,KENDAL,3324,Bebas Sewa,"10,708"
JAWA TENGAH,BATANG,3325,Milik Sendiri,"72,007"
JAWA TENGAH,BATANG,3325,Kontrak/Sewa,129
JAWA TENGAH,BATANG,3325,Bebas Sewa,"2,708"
JAWA TENGAH,PEKALONGAN,3326,Milik Sendiri,"92,910"
JAWA TENGAH,PEKALONGAN,3326,Kontrak/Sewa,398
JAWA TENGAH,PEKALONGAN,3326,Bebas Sewa,"7,212"
JAWA TENGAH,PEMALANG,3327,Milik Sendiri,"153,280"
JAWA TENGAH,PEMALANG,3327,Kontrak/Sewa,796
JAWA TENGAH,PEMALANG,3327,Bebas Sewa,"13,766"
JAWA TENGAH,TEGAL,3328,Milik Sendiri,"141,134"
JAWA TENGAH,TEGAL,3328,Kontrak/Sewa,"1,219"
JAWA TENGAH,TEGAL,3328,Bebas Sewa,"21,406"
JAWA TENGAH,BREBES,3329,Milik Sendiri,"231,587"
JAWA TENGAH,BREBES,3329,Kontrak/Sewa,"1,141"
JAWA TENGAH,BREBES,3329,Bebas Sewa,"26,963"
JAWA TENGAH,KOTA MAGELANG,3371,Milik Sendiri,"4,826"
JAWA TENGAH,KOTA MAGELANG,3371,Kontrak/Sewa,"1,440"
JAWA TENGAH,KOTA MAGELANG,3371,Bebas Sewa,"2,564"
JAWA TENGAH,KOTA SURAKARTA,3372,Milik Sendiri,"20,673"
JAWA TENGAH,KOTA SURAKARTA,3372,Kontrak/Sewa,"6,168"
JAWA TENGAH,KOTA SURAKARTA,3372,Bebas Sewa,"10,917"
JAWA TENGAH,KOTA SALATIGA,3373,Milik Sendiri,"7,296"
JAWA TENGAH,KOTA SALATIGA,3373,Kontrak/Sewa,379
JAWA TENGAH,KOTA SALATIGA,3373,Bebas Sewa,"1,243"
JAWA TENGAH,KOTA SEMARANG,3374,Milik Sendiri,"53,665"
JAWA TENGAH,KOTA SEMARANG,3374,Kontrak/Sewa,"5,271"
JAWA TENGAH,KOTA SEMARANG,3374,Bebas Sewa,"16,626"
JAWA TENGAH,KOTA PEKALONGAN,3375,Milik Sendiri,"20,470"
JAWA TENGAH,KOTA PEKALONGAN,3375,Kontrak/Sewa,534
JAWA TENGAH,KOTA PEKALONGAN,3375,Bebas Sewa,"7,347"
JAWA TENGAH,KOTA TEGAL,3376,Milik Sendiri,"12,548"
JAWA TENGAH,KOTA TEGAL,3376,Kontrak/Sewa,807
JAWA TENGAH,KOTA TEGAL,3376,Bebas Sewa,"6,172"
DI YOGYAKARTA,KULON PROGO,3401,Milik Sendiri,"41,069"
DI YOGYAKARTA,KULON PROGO,3401,Kontrak/Sewa,78
DI YOGYAKARTA,KULON PROGO,3401,Bebas Sewa,"2,868"
DI YOGYAKARTA,BANTUL,3402,Milik Sendiri,"89,978"
DI YOGYAKARTA,BANTUL,3402,Kontrak/Sewa,730
DI YOGYAKARTA,BANTUL,3402,Bebas Sewa,"7,477"
DI YOGYAKARTA,GUNUNG KIDUL,3403,Milik Sendiri,"94,846"
DI YOGYAKARTA,GUNUNG KIDUL,3403,Kontrak/Sewa,118
DI YOGYAKARTA,GUNUNG KIDUL,3403,Bebas Sewa,"1,910"
DI YOGYAKARTA,SLEMAN,3404,Milik Sendiri,"85,901"
DI YOGYAKARTA,SLEMAN,3404,Kontrak/Sewa,"1,680"
DI YOGYAKARTA,SLEMAN,3404,Bebas Sewa,"12,437"
DI YOGYAKARTA,KOTA YOGYAKARTA,3471,Milik Sendiri,"12,121"
DI YOGYAKARTA,KOTA YOGYAKARTA,3471,Kontrak/Sewa,"4,752"
DI YOGYAKARTA,KOTA YOGYAKARTA,3471,Bebas Sewa,"8,438"
JAWA TIMUR,PACITAN,3501,Milik Sendiri,"53,424"
JAWA TIMUR,PACITAN,3501,Kontrak/Sewa,73
JAWA TIMUR,PACITAN,3501,Bebas Sewa,646
JAWA TIMUR,PONOROGO,3502,Milik Sendiri,"103,463"
JAWA TIMUR,PONOROGO,3502,Kontrak/Sewa,224
JAWA TIMUR,PONOROGO,3502,Bebas Sewa,"6,082"
JAWA TIMUR,TRENGGALEK,3503,Milik Sendiri,"80,870"
JAWA TIMUR,TRENGGALEK,3503,Kontrak/Sewa,43
JAWA TIMUR,TRENGGALEK,3503,Bebas Sewa,"2,026"
JAWA TIMUR,TULUNGAGUNG,3504,Milik Sendiri,"88,872"
JAWA TIMUR,TULUNGAGUNG,3504,Kontrak/Sewa,595
JAWA TIMUR,TULUNGAGUNG,3504,Bebas Sewa,"5,906"
JAWA TIMUR,BLITAR,3505,Milik Sendiri,"102,002"
JAWA TIMUR,BLITAR,3505,Kontrak/Sewa,622
JAWA TIMUR,BLITAR,3505,Bebas Sewa,"9,049"
JAWA TIMUR,KEDIRI,3506,Milik Sendiri,"135,479"
JAWA TIMUR,KEDIRI,3506,Kontrak/Sewa,"1,716"
JAWA TIMUR,KEDIRI,3506,Bebas Sewa,"17,092"
JAWA TIMUR,MALANG,3507,Milik Sendiri,"200,102"
JAWA TIMUR,MALANG,3507,Kontrak/Sewa,"2,211"
JAWA TIMUR,MALANG,3507,Bebas Sewa,"8,374"
JAWA TIMUR,LUMAJANG,3508,Milik Sendiri,"126,774"
JAWA TIMUR,LUMAJANG,3508,Kontrak/Sewa,"1,153"
JAWA TIMUR,LUMAJANG,3508,Bebas Sewa,"4,390"
JAWA TIMUR,JEMBER,3509,Milik Sendiri,"275,696"
JAWA TIMUR,JEMBER,3509,Kontrak/Sewa,"2,383"
JAWA TIMUR,JEMBER,3509,Bebas Sewa,"14,326"
JAWA TIMUR,BANYUWANGI,3510,Milik Sendiri,"159,165"
JAWA TIMUR,BANYUWANGI,3510,Kontrak/Sewa,"2,384"
JAWA TIMUR,BANYUWANGI,3510,Bebas Sewa,"17,515"
JAWA TIMUR,BONDOWOSO,3511,Milik Sendiri,"148,313"
JAWA TIMUR,BONDOWOSO,3511,Kontrak/Sewa,428
JAWA TIMUR,BONDOWOSO,3511,Bebas Sewa,"3,233"
JAWA TIMUR,SITUBONDO,3512,Milik Sendiri,"103,207"
JAWA TIMUR,SITUBONDO,3512,Kontrak/Sewa,842
JAWA TIMUR,SITUBONDO,3512,Bebas Sewa,"4,527"
JAWA TIMUR,PROBOLINGGO,3513,Milik Sendiri,"177,755"
JAWA TIMUR,PROBOLINGGO,3513,Kontrak/Sewa,472
JAWA TIMUR,PROBOLINGGO,3513,Bebas Sewa,"5,429"
JAWA TIMUR,PASURUAN,3514,Milik Sendiri,"191,026"
JAWA TIMUR,PASURUAN,3514,Kontrak/Sewa,"1,425"
JAWA TIMUR,PASURUAN,3514,Bebas Sewa,"4,742"
JAWA TIMUR,SIDOARJO,3515,Milik Sendiri,"104,549"
JAWA TIMUR,SIDOARJO,3515,Kontrak/Sewa,"4,886"
JAWA TIMUR,SIDOARJO,3515,Bebas Sewa,"7,171"
JAWA TIMUR,MOJOKERTO,3516,Milik Sendiri,"73,051"
JAWA TIMUR,MOJOKERTO,3516,Kontrak/Sewa,964
JAWA TIMUR,MOJOKERTO,3516,Bebas Sewa,"4,885"
JAWA TIMUR,JOMBANG,3517,Milik Sendiri,"135,393"
JAWA TIMUR,JOMBANG,3517,Kontrak/Sewa,"1,551"
JAWA TIMUR,JOMBANG,3517,Bebas Sewa,"12,420"
JAWA TIMUR,NGANJUK,3518,Milik Sendiri,"129,862"
JAWA TIMUR,NGANJUK,3518,Kontrak/Sewa,974
JAWA TIMUR,NGANJUK,3518,Bebas Sewa,"12,810"
JAWA TIMUR,MADIUN,3519,Milik Sendiri,"67,778"
JAWA TIMUR,MADIUN,3519,Kontrak/Sewa,379
JAWA TIMUR,MADIUN,3519,Bebas Sewa,"4,434"
JAWA TIMUR,MAGETAN,3520,Milik Sendiri,"58,077"
JAWA TIMUR,MAGETAN,3520,Kontrak/Sewa,236
JAWA TIMUR,MAGETAN,3520,Bebas Sewa,"2,767"
JAWA TIMUR,NGAWI,3521,Milik Sendiri,"110,892"
JAWA TIMUR,NGAWI,3521,Kontrak/Sewa,409
JAWA TIMUR,NGAWI,3521,Bebas Sewa,"6,207"
JAWA TIMUR,BOJONEGORO,3522,Milik Sendiri,"160,901"
JAWA TIMUR,BOJONEGORO,3522,Kontrak/Sewa,343
JAWA TIMUR,BOJONEGORO,3522,Bebas Sewa,"2,802"
JAWA TIMUR,TUBAN,3523,Milik Sendiri,"119,255"
JAWA TIMUR,TUBAN,3523,Kontrak/Sewa,467
JAWA TIMUR,TUBAN,3523,Bebas Sewa,"3,897"
JAWA TIMUR,LAMONGAN,3524,Milik Sendiri,"109,172"
JAWA TIMUR,LAMONGAN,3524,Kontrak/Sewa,592
JAWA TIMUR,LAMONGAN,3524,Bebas Sewa,"5,408"
JAWA TIMUR,GRESIK,3525,Milik Sendiri,"88,941"
JAWA TIMUR,GRESIK,3525,Kontrak/Sewa,"1,347"
JAWA TIMUR,GRESIK,3525,Bebas Sewa,"4,722"
JAWA TIMUR,BANGKALAN,3526,Milik Sendiri,"122,504"
JAWA TIMUR,BANGKALAN,3526,Kontrak/Sewa,"1,013"
JAWA TIMUR,BANGKALAN,3526,Bebas Sewa,"3,650"
JAWA TIMUR,SAMPANG,3527,Milik Sendiri,"131,453"
JAWA TIMUR,SAMPANG,3527,Kontrak/Sewa,127
JAWA TIMUR,SAMPANG,3527,Bebas Sewa,"4,508"
JAWA TIMUR,PAMEKASAN,3528,Milik Sendiri,"119,681"
JAWA TIMUR,PAMEKASAN,3528,Kontrak/Sewa,347
JAWA TIMUR,PAMEKASAN,3528,Bebas Sewa,"4,030"
JAWA TIMUR,SUMENEP,3529,Milik Sendiri,"176,204"
JAWA TIMUR,SUMENEP,3529,Kontrak/Sewa,412
JAWA TIMUR,SUMENEP,3529,Bebas Sewa,"3,543"
JAWA TIMUR,KOTA KEDIRI,3571,Milik Sendiri,"14,730"
JAWA TIMUR,KOTA KEDIRI,3571,Kontrak/Sewa,"1,717"
JAWA TIMUR,KOTA KEDIRI,3571,Bebas Sewa,"4,174"
JAWA TIMUR,KOTA BLITAR,3572,Milik Sendiri,"5,831"
JAWA TIMUR,KOTA BLITAR,3572,Kontrak/Sewa,296
JAWA TIMUR,KOTA BLITAR,3572,Bebas Sewa,946
JAWA TIMUR,KOTA MALANG,3573,Milik Sendiri,"23,974"
JAWA TIMUR,KOTA MALANG,3573,Kontrak/Sewa,"2,457"
JAWA TIMUR,KOTA MALANG,3573,Bebas Sewa,"4,043"
JAWA TIMUR,KOTA PROBOLINGGO,3574,Milik Sendiri,"15,460"
JAWA TIMUR,KOTA PROBOLINGGO,3574,Kontrak/Sewa,484
JAWA TIMUR,KOTA PROBOLINGGO,3574,Bebas Sewa,"1,396"
JAWA TIMUR,KOTA PASURUAN,3575,Milik Sendiri,"11,682"
JAWA TIMUR,KOTA PASURUAN,3575,Kontrak/Sewa,984
JAWA TIMUR,KOTA PASURUAN,3575,Bebas Sewa,"1,640"
JAWA TIMUR,KOTA MOJOKERTO,3576,Milik Sendiri,"4,892"
JAWA TIMUR,KOTA MOJOKERTO,3576,Kontrak/Sewa,652
JAWA TIMUR,KOTA MOJOKERTO,3576,Bebas Sewa,"1,211"
JAWA TIMUR,KOTA MADIUN,3577,Milik Sendiri,"4,222"
JAWA TIMUR,KOTA MADIUN,3577,Kontrak/Sewa,863
JAWA TIMUR,KOTA MADIUN,3577,Bebas Sewa,"1,921"
JAWA TIMUR,KOTA SURABAYA,3578,Milik Sendiri,"81,686"
JAWA TIMUR,KOTA SURABAYA,3578,Kontrak/Sewa,"32,658"
JAWA TIMUR,KOTA SURABAYA,3578,Bebas Sewa,"24,748"
JAWA TIMUR,KOTA BATU,3579,Milik Sendiri,"10,586"
JAWA TIMUR,KOTA BATU,3579,Kontrak/Sewa,339
JAWA TIMUR,KOTA BATU,3579,Bebas Sewa,548
BANTEN,PANDEGLANG,3601,Milik Sendiri,"108,168"
BANTEN,PANDEGLANG,3601,Kontrak/Sewa,602
BANTEN,PANDEGLANG,3601,Bebas Sewa,"4,208"
BANTEN,LEBAK,3602,Milik Sendiri,"101,708"
BANTEN,LEBAK,3602,Kontrak/Sewa,377
BANTEN,LEBAK,3602,Bebas Sewa,"2,646"
BANTEN,TANGERANG,3603,Milik Sendiri,"216,012"
BANTEN,TANGERANG,3603,Kontrak/Sewa,"3,209"
BANTEN,TANGERANG,3603,Bebas Sewa,"8,466"
BANTEN,SERANG,3604,Milik Sendiri,"66,140"
BANTEN,SERANG,3604,Kontrak/Sewa,231
BANTEN,SERANG,3604,Bebas Sewa,"2,454"
BANTEN,KOTA TANGERANG,3671,Milik Sendiri,"48,304"
BANTEN,KOTA TANGERANG,3671,Kontrak/Sewa,"11,090"
BANTEN,KOTA TANGERANG,3671,Bebas Sewa,"7,930"
BANTEN,KOTA CILEGON,3672,Milik Sendiri,"11,539"
BANTEN,KOTA CILEGON,3672,Kontrak/Sewa,750
BANTEN,KOTA CILEGON,3672,Bebas Sewa,"1,444"
BANTEN,KOTA SERANG,3673,Milik Sendiri,"18,240"
BANTEN,KOTA SERANG,3673,Kontrak/Sewa,439
BANTEN,KOTA SERANG,3673,Bebas Sewa,"1,728"
BANTEN,KOTA TANGERANG SELATAN,3674,Milik Sendiri,"28,773"
BANTEN,KOTA TANGERANG SELATAN,3674,Kontrak/Sewa,"4,149"
BANTEN,KOTA TANGERANG SELATAN,3674,Bebas Sewa,"1,202"
BALI,JEMBRANA,5101,Milik Sendiri,"15,664"
BALI,JEMBRANA,5101,Kontrak/Sewa,204
BALI,JEMBRANA,5101,Bebas Sewa,"1,831"
BALI,TABANAN,5102,Milik Sendiri,"28,094"
BALI,TABANAN,5102,Kontrak/Sewa,196
BALI,TABANAN,5102,Bebas Sewa,801
BALI,BADUNG,5103,Milik Sendiri,"11,770"
BALI,BADUNG,5103,Kontrak/Sewa,150
BALI,BADUNG,5103,Bebas Sewa,354
BALI,GIANYAR,5104,Milik Sendiri,"18,680"
BALI,GIANYAR,5104,Kontrak/Sewa,70
BALI,GIANYAR,5104,Bebas Sewa,277
BALI,KLUNGKUNG,5105,Milik Sendiri,"10,460"
BALI,KLUNGKUNG,5105,Kontrak/Sewa,67
BALI,KLUNGKUNG,5105,Bebas Sewa,563
BALI,BANGLI,5106,Milik Sendiri,"16,554"
BALI,BANGLI,5106,Kontrak/Sewa,58
BALI,BANGLI,5106,Bebas Sewa,623
BALI,KARANG ASEM,5107,Milik Sendiri,"35,550"
BALI,KARANG ASEM,5107,Kontrak/Sewa,107
BALI,KARANG ASEM,5107,Bebas Sewa,"2,359"
BALI,BULELENG,5108,Milik Sendiri,"51,151"
BALI,BULELENG,5108,Kontrak/Sewa,711
BALI,BULELENG,5108,Bebas Sewa,"9,229"
BALI,KOTA DENPASAR,5171,Milik Sendiri,"2,677"
BALI,KOTA DENPASAR,5171,Kontrak/Sewa,"1,759"
BALI,KOTA DENPASAR,5171,Bebas Sewa,243
NUSA TENGGARA BARAT,LOMBOK BARAT,5201,Milik Sendiri,"93,895"
NUSA TENGGARA BARAT,LOMBOK BARAT,5201,Kontrak/Sewa,340
NUSA TENGGARA BARAT,LOMBOK BARAT,5201,Bebas Sewa,"7,669"
NUSA TENGGARA BARAT,LOMBOK TENGAH,5202,Milik Sendiri,"153,336"
NUSA TENGGARA BARAT,LOMBOK TENGAH,5202,Kontrak/Sewa,387
NUSA TENGGARA BARAT,LOMBOK TENGAH,5202,Bebas Sewa,"8,886"
NUSA TENGGARA BARAT,LOMBOK TIMUR,5203,Milik Sendiri,"188,030"
NUSA TENGGARA BARAT,LOMBOK TIMUR,5203,Kontrak/Sewa,588
NUSA TENGGARA BARAT,LOMBOK TIMUR,5203,Bebas Sewa,"27,458"
NUSA TENGGARA BARAT,SUMBAWA,5204,Milik Sendiri,"38,884"
NUSA TENGGARA BARAT,SUMBAWA,5204,Kontrak/Sewa,280
NUSA TENGGARA BARAT,SUMBAWA,5204,Bebas Sewa,"3,329"
NUSA TENGGARA BARAT,DOMPU,5205,Milik Sendiri,"27,346"
NUSA TENGGARA BARAT,DOMPU,5205,Kontrak/Sewa,161
NUSA TENGGARA BARAT,DOMPU,5205,Bebas Sewa,"3,143"
NUSA TENGGARA BARAT,BIMA,5206,Milik Sendiri,"53,464"
NUSA TENGGARA BARAT,BIMA,5206,Kontrak/Sewa,79
NUSA TENGGARA BARAT,BIMA,5206,Bebas Sewa,"8,120"
NUSA TENGGARA BARAT,SUMBAWA BARAT,5207,Milik Sendiri,"13,306"
NUSA TENGGARA BARAT,SUMBAWA BARAT,5207,Kontrak/Sewa,194
NUSA TENGGARA BARAT,SUMBAWA BARAT,5207,Bebas Sewa,"1,072"
NUSA TENGGARA BARAT,LOMBOK UTARA,5208,Milik Sendiri,"34,249"
NUSA TENGGARA BARAT,LOMBOK UTARA,5208,Kontrak/Sewa,77
NUSA TENGGARA BARAT,LOMBOK UTARA,5208,Bebas Sewa,"1,987"
NUSA TENGGARA BARAT,KOTA MATARAM,5271,Milik Sendiri,"24,883"
NUSA TENGGARA BARAT,KOTA MATARAM,5271,Kontrak/Sewa,"1,236"
NUSA TENGGARA BARAT,KOTA MATARAM,5271,Bebas Sewa,"8,246"
NUSA TENGGARA BARAT,KOTA BIMA,5272,Milik Sendiri,"12,591"
NUSA TENGGARA BARAT,KOTA BIMA,5272,Kontrak/Sewa,218
NUSA TENGGARA BARAT,KOTA BIMA,5272,Bebas Sewa,"2,713"
NUSA TENGGARA TIMUR,SUMBA BARAT,5301,Milik Sendiri,"15,229"
NUSA TENGGARA TIMUR,SUMBA BARAT,5301,Kontrak/Sewa,70
NUSA TENGGARA TIMUR,SUMBA BARAT,5301,Bebas Sewa,605
NUSA TENGGARA TIMUR,SUMBA TIMUR,5302,Milik Sendiri,"24,325"
NUSA TENGGARA TIMUR,SUMBA TIMUR,5302,Kontrak/Sewa,30
NUSA TENGGARA TIMUR,SUMBA TIMUR,5302,Bebas Sewa,"1,168"
NUSA TENGGARA TIMUR,KUPANG,5303,Milik Sendiri,"34,451"
NUSA TENGGARA TIMUR,KUPANG,5303,Kontrak/Sewa,53
NUSA TENGGARA TIMUR,KUPANG,5303,Bebas Sewa,"1,163"
NUSA TENGGARA TIMUR,TIMOR TENGAH SELATAN,5304,Milik Sendiri,"74,056"
NUSA TENGGARA TIMUR,TIMOR TENGAH SELATAN,5304,Kontrak/Sewa,120
NUSA TENGGARA TIMUR,TIMOR TENGAH SELATAN,5304,Bebas Sewa,846
NUSA TENGGARA TIMUR,TIMOR TENGAH UTARA,5305,Milik Sendiri,"30,324"
NUSA TENGGARA TIMUR,TIMOR TENGAH UTARA,5305,Kontrak/Sewa,50
NUSA TENGGARA TIMUR,TIMOR TENGAH UTARA,5305,Bebas Sewa,826
NUSA TENGGARA TIMUR,BELU,5306,Milik Sendiri,"18,491"
NUSA TENGGARA TIMUR,BELU,5306,Kontrak/Sewa,267
NUSA TENGGARA TIMUR,BELU,5306,Bebas Sewa,"1,554"
NUSA TENGGARA TIMUR,ALOR,5307,Milik Sendiri,"25,567"
NUSA TENGGARA TIMUR,ALOR,5307,Kontrak/Sewa,31
NUSA TENGGARA TIMUR,ALOR,5307,Bebas Sewa,429
NUSA TENGGARA TIMUR,LEMBATA,5308,Milik Sendiri,"16,279"
NUSA TENGGARA TIMUR,LEMBATA,5308,Kontrak/Sewa,53
NUSA TENGGARA TIMUR,LEMBATA,5308,Bebas Sewa,658
NUSA TENGGARA TIMUR,FLORES TIMUR,5309,Milik Sendiri,"21,013"
NUSA TENGGARA TIMUR,FLORES TIMUR,5309,Kontrak/Sewa,74
NUSA TENGGARA TIMUR,FLORES TIMUR,5309,Bebas Sewa,861
NUSA TENGGARA TIMUR,SIKKA,5310,Milik Sendiri,"32,943"
NUSA TENGGARA TIMUR,SIKKA,5310,Kontrak/Sewa,133
NUSA TENGGARA TIMUR,SIKKA,5310,Bebas Sewa,"1,061"
NUSA TENGGARA TIMUR,ENDE,5311,Milik Sendiri,"26,192"
NUSA TENGGARA TIMUR,ENDE,5311,Kontrak/Sewa,51
NUSA TENGGARA TIMUR,ENDE,5311,Bebas Sewa,875
NUSA TENGGARA TIMUR,NGADA,5312,Milik Sendiri,"10,678"
NUSA TENGGARA TIMUR,NGADA,5312,Kontrak/Sewa,37
NUSA TENGGARA TIMUR,NGADA,5312,Bebas Sewa,238
NUSA TENGGARA TIMUR,MANGGARAI,5313,Milik Sendiri,"33,712"
NUSA TENGGARA TIMUR,MANGGARAI,5313,Kontrak/Sewa,128
NUSA TENGGARA TIMUR,MANGGARAI,5313,Bebas Sewa,"2,069"
NUSA TENGGARA TIMUR,ROTE NDAO,5314,Milik Sendiri,"17,827"
NUSA TENGGARA TIMUR,ROTE NDAO,5314,Kontrak/Sewa,36
NUSA TENGGARA TIMUR,ROTE NDAO,5314,Bebas Sewa,597
NUSA TENGGARA TIMUR,MANGGARAI BARAT,5315,Milik Sendiri,"30,174"
NUSA TENGGARA TIMUR,MANGGARAI BARAT,5315,Kontrak/Sewa,43
NUSA TENGGARA TIMUR,MANGGARAI BARAT,5315,Bebas Sewa,"3,166"
NUSA TENGGARA TIMUR,SUMBA TENGAH,5316,Milik Sendiri,"9,212"
NUSA TENGGARA TIMUR,SUMBA TENGAH,5316,Kontrak/Sewa,13
NUSA TENGGARA TIMUR,SUMBA TENGAH,5316,Bebas Sewa,163
NUSA TENGGARA TIMUR,SUMBA BARAT DAYA,5317,Milik Sendiri,"45,799"
NUSA TENGGARA TIMUR,SUMBA BARAT DAYA,5317,Kontrak/Sewa,23
NUSA TENGGARA TIMUR,SUMBA BARAT DAYA,5317,Bebas Sewa,184
NUSA TENGGARA TIMUR,NAGEKEO,5318,Milik Sendiri,"10,909"
NUSA TENGGARA TIMUR,NAGEKEO,5318,Kontrak/Sewa,12
NUSA TENGGARA TIMUR,NAGEKEO,5318,Bebas Sewa,255
NUSA TENGGARA TIMUR,MANGGARAI TIMUR,5319,Milik Sendiri,"38,835"
NUSA TENGGARA TIMUR,MANGGARAI TIMUR,5319,Kontrak/Sewa,39
NUSA TENGGARA TIMUR,MANGGARAI TIMUR,5319,Bebas Sewa,667
NUSA TENGGARA TIMUR,SABU RAIJUA,5320,Milik Sendiri,"14,399"
NUSA TENGGARA TIMUR,SABU RAIJUA,5320,Kontrak/Sewa,5
NUSA TENGGARA TIMUR,SABU RAIJUA,5320,Bebas Sewa,222
NUSA TENGGARA TIMUR,MALAKA,5321,Milik Sendiri,"21,612"
NUSA TENGGARA TIMUR,MALAKA,5321,Kontrak/Sewa,27
NUSA TENGGARA TIMUR,MALAKA,5321,Bebas Sewa,474
NUSA TENGGARA TIMUR,KOTA KUPANG,5371,Milik Sendiri,"13,207"
NUSA TENGGARA TIMUR,KOTA KUPANG,5371,Kontrak/Sewa,"2,260"
NUSA TENGGARA TIMUR,KOTA KUPANG,5371,Bebas Sewa,"3,640"
KALIMANTAN BARAT,SAMBAS,6101,Milik Sendiri,"38,003"
KALIMANTAN BARAT,SAMBAS,6101,Kontrak/Sewa,300
KALIMANTAN BARAT,SAMBAS,6101,Bebas Sewa,"2,588"
KALIMANTAN BARAT,BENGKAYANG,6102,Milik Sendiri,"16,276"
KALIMANTAN BARAT,BENGKAYANG,6102,Kontrak/Sewa,47
KALIMANTAN BARAT,BENGKAYANG,6102,Bebas Sewa,962
KALIMANTAN BARAT,LANDAK,6103,Milik Sendiri,"43,884"
KALIMANTAN BARAT,LANDAK,6103,Kontrak/Sewa,256
KALIMANTAN BARAT,LANDAK,6103,Bebas Sewa,"1,554"
KALIMANTAN BARAT,MEMPAWAH,6104,Milik Sendiri,"24,156"
KALIMANTAN BARAT,MEMPAWAH,6104,Kontrak/Sewa,249
KALIMANTAN BARAT,MEMPAWAH,6104,Bebas Sewa,"1,309"
KALIMANTAN BARAT,SANGGAU,6105,Milik Sendiri,"28,845"
KALIMANTAN BARAT,SANGGAU,6105,Kontrak/Sewa,330
KALIMANTAN BARAT,SANGGAU,6105,Bebas Sewa,"1,288"
KALIMANTAN BARAT,KETAPANG,6106,Milik Sendiri,"36,492"
KALIMANTAN BARAT,KETAPANG,6106,Kontrak/Sewa,413
KALIMANTAN BARAT,KETAPANG,6106,Bebas Sewa,"2,285"
KALIMANTAN BARAT,SINTANG,6107,Milik Sendiri,"39,236"
KALIMANTAN BARAT,SINTANG,6107,Kontrak/Sewa,388
KALIMANTAN BARAT,SINTANG,6107,Bebas Sewa,"2,337"
KALIMANTAN BARAT,KAPUAS HULU,6108,Milik Sendiri,"24,341"
KALIMANTAN BARAT,KAPUAS HULU,6108,Kontrak/Sewa,98
KALIMANTAN BARAT,KAPUAS HULU,6108,Bebas Sewa,"1,398"
KALIMANTAN BARAT,SEKADAU,6109,Milik Sendiri,"8,600"
KALIMANTAN BARAT,SEKADAU,6109,Kontrak/Sewa,35
KALIMANTAN BARAT,SEKADAU,6109,Bebas Sewa,353
KALIMANTAN BARAT,MELAWI,6110,Milik Sendiri,"15,757"
KALIMANTAN BARAT,MELAWI,6110,Kontrak/Sewa,84
KALIMANTAN BARAT,MELAWI,6110,Bebas Sewa,"1,310"
KALIMANTAN BARAT,KAYONG UTARA,6111,Milik Sendiri,"8,311"
KALIMANTAN BARAT,KAYONG UTARA,6111,Kontrak/Sewa,22
KALIMANTAN BARAT,KAYONG UTARA,6111,Bebas Sewa,228
KALIMANTAN BARAT,KUBU RAYA,6112,Milik Sendiri,"45,827"
KALIMANTAN BARAT,KUBU RAYA,6112,Kontrak/Sewa,"1,315"
KALIMANTAN BARAT,KUBU RAYA,6112,Bebas Sewa,"2,742"
KALIMANTAN BARAT,KOTA PONTIANAK,6171,Milik Sendiri,"15,226"
KALIMANTAN BARAT,KOTA PONTIANAK,6171,Kontrak/Sewa,"1,745"
KALIMANTAN BARAT,KOTA PONTIANAK,6171,Bebas Sewa,"4,696"
KALIMANTAN BARAT,KOTA SINGKAWANG,6172,Milik Sendiri,"11,265"
KALIMANTAN BARAT,KOTA SINGKAWANG,6172,Kontrak/Sewa,304
KALIMANTAN BARAT,KOTA SINGKAWANG,6172,Bebas Sewa,"1,894"
KALIMANTAN TENGAH,KOTAWARINGIN BARAT,6201,Milik Sendiri,"8,520"
KALIMANTAN TENGAH,KOTAWARINGIN BARAT,6201,Kontrak/Sewa,270
KALIMANTAN TENGAH,KOTAWARINGIN BARAT,6201,Bebas Sewa,879
KALIMANTAN TENGAH,KOTAWARINGIN TIMUR,6202,Milik Sendiri,"24,075"
KALIMANTAN TENGAH,KOTAWARINGIN TIMUR,6202,Kontrak/Sewa,572
KALIMANTAN TENGAH,KOTAWARINGIN TIMUR,6202,Bebas Sewa,"3,022"
KALIMANTAN TENGAH,KAPUAS,6203,Milik Sendiri,"26,443"
KALIMANTAN TENGAH,KAPUAS,6203,Kontrak/Sewa,599
KALIMANTAN TENGAH,KAPUAS,6203,Bebas Sewa,"3,102"
KALIMANTAN TENGAH,BARITO SELATAN,6204,Milik Sendiri,"6,017"
KALIMANTAN TENGAH,BARITO SELATAN,6204,Kontrak/Sewa,157
KALIMANTAN TENGAH,BARITO SELATAN,6204,Bebas Sewa,758
KALIMANTAN TENGAH,BARITO UTARA,6205,Milik Sendiri,"5,932"
KALIMANTAN TENGAH,BARITO UTARA,6205,Kontrak/Sewa,124
KALIMANTAN TENGAH,BARITO UTARA,6205,Bebas Sewa,"1,071"
KALIMANTAN TENGAH,SUKAMARA,6206,Milik Sendiri,"2,202"
KALIMANTAN TENGAH,SUKAMARA,6206,Kontrak/Sewa,43
KALIMANTAN TENGAH,SUKAMARA,6206,Bebas Sewa,384
KALIMANTAN TENGAH,LAMANDAU,6207,Milik Sendiri,"2,874"
KALIMANTAN TENGAH,LAMANDAU,6207,Kontrak/Sewa,20
KALIMANTAN TENGAH,LAMANDAU,6207,Bebas Sewa,217
KALIMANTAN TENGAH,SERUYAN,6208,Milik Sendiri,"5,923"
KALIMANTAN TENGAH,SERUYAN,6208,Kontrak/Sewa,110
KALIMANTAN TENGAH,SERUYAN,6208,Bebas Sewa,582
KALIMANTAN TENGAH,KATINGAN,6209,Milik Sendiri,"7,987"
KALIMANTAN TENGAH,KATINGAN,6209,Kontrak/Sewa,138
KALIMANTAN TENGAH,KATINGAN,6209,Bebas Sewa,"1,078"
KALIMANTAN TENGAH,PULANG PISAU,6210,Milik Sendiri,"9,858"
KALIMANTAN TENGAH,PULANG PISAU,6210,Kontrak/Sewa,44
KALIMANTAN TENGAH,PULANG PISAU,6210,Bebas Sewa,885
KALIMANTAN TENGAH,GUNUNG MAS,6211,Milik Sendiri,"1,162"
KALIMANTAN TENGAH,GUNUNG MAS,6211,Kontrak/Sewa,10
KALIMANTAN TENGAH,GUNUNG MAS,6211,Bebas Sewa,225
KALIMANTAN TENGAH,BARITO TIMUR,6212,Milik Sendiri,"4,641"
KALIMANTAN TENGAH,BARITO TIMUR,6212,Kontrak/Sewa,81
KALIMANTAN TENGAH,BARITO TIMUR,6212,Bebas Sewa,385
KALIMANTAN TENGAH,MURUNG RAYA,6213,Milik Sendiri,"4,870"
KALIMANTAN TENGAH,MURUNG RAYA,6213,Kontrak/Sewa,48
KALIMANTAN TENGAH,MURUNG RAYA,6213,Bebas Sewa,601
KALIMANTAN TENGAH,KOTA PALANGKA RAYA,6271,Milik Sendiri,"6,126"
KALIMANTAN TENGAH,KOTA PALANGKA RAYA,6271,Kontrak/Sewa,"1,460"
KALIMANTAN TENGAH,KOTA PALANGKA RAYA,6271,Bebas Sewa,"1,493"
KALIMANTAN SELATAN,TANAH LAUT,6301,Milik Sendiri,"15,354"
KALIMANTAN SELATAN,TANAH LAUT,6301,Kontrak/Sewa,317
KALIMANTAN SELATAN,TANAH LAUT,6301,Bebas Sewa,"1,822"
KALIMANTAN SELATAN,KOTA BARU,6302,Milik Sendiri,"13,034"
KALIMANTAN SELATAN,KOTA BARU,6302,Kontrak/Sewa,357
KALIMANTAN SELATAN,KOTA BARU,6302,Bebas Sewa,"1,209"
KALIMANTAN SELATAN,BANJAR,6303,Milik Sendiri,"19,410"
KALIMANTAN SELATAN,BANJAR,6303,Kontrak/Sewa,570
KALIMANTAN SELATAN,BANJAR,6303,Bebas Sewa,"3,769"
KALIMANTAN SELATAN,BARITO KUALA,6304,Milik Sendiri,"15,667"
KALIMANTAN SELATAN,BARITO KUALA,6304,Kontrak/Sewa,199
KALIMANTAN SELATAN,BARITO KUALA,6304,Bebas Sewa,"2,196"
KALIMANTAN SELATAN,TAPIN,6305,Milik Sendiri,"5,715"
KALIMANTAN SELATAN,TAPIN,6305,Kontrak/Sewa,65
KALIMANTAN SELATAN,TAPIN,6305,Bebas Sewa,587
KALIMANTAN SELATAN,HULU SUNGAI SELATAN,6306,Milik Sendiri,"17,728"
KALIMANTAN SELATAN,HULU SUNGAI SELATAN,6306,Kontrak/Sewa,373
KALIMANTAN SELATAN,HULU SUNGAI SELATAN,6306,Bebas Sewa,"3,043"
KALIMANTAN SELATAN,HULU SUNGAI TENGAH,6307,Milik Sendiri,"23,362"
KALIMANTAN SELATAN,HULU SUNGAI TENGAH,6307,Kontrak/Sewa,336
KALIMANTAN SELATAN,HULU SUNGAI TENGAH,6307,Bebas Sewa,"2,625"
KALIMANTAN SELATAN,HULU SUNGAI UTARA,6308,Milik Sendiri,"20,100"
KALIMANTAN SELATAN,HULU SUNGAI UTARA,6308,Kontrak/Sewa,637
KALIMANTAN SELATAN,HULU SUNGAI UTARA,6308,Bebas Sewa,"5,038"
KALIMANTAN SELATAN,TABALONG,6309,Milik Sendiri,"16,884"
KALIMANTAN SELATAN,TABALONG,6309,Kontrak/Sewa,499
KALIMANTAN SELATAN,TABALONG,6309,Bebas Sewa,"1,690"
KALIMANTAN SELATAN,TANAH BUMBU,6310,Milik Sendiri,"14,022"
KALIMANTAN SELATAN,TANAH BUMBU,6310,Kontrak/Sewa,927
KALIMANTAN SELATAN,TANAH BUMBU,6310,Bebas Sewa,"1,759"
KALIMANTAN SELATAN,BALANGAN,6311,Milik Sendiri,"6,720"
KALIMANTAN SELATAN,BALANGAN,6311,Kontrak/Sewa,55
KALIMANTAN SELATAN,BALANGAN,6311,Bebas Sewa,650
KALIMANTAN SELATAN,KOTA BANJARMASIN,6371,Milik Sendiri,"20,516"
KALIMANTAN SELATAN,KOTA BANJARMASIN,6371,Kontrak/Sewa,"7,749"
KALIMANTAN SELATAN,KOTA BANJARMASIN,6371,Bebas Sewa,"8,207"
KALIMANTAN SELATAN,KOTA BANJAR BARU,6372,Milik Sendiri,"7,235"
KALIMANTAN SELATAN,KOTA BANJAR BARU,6372,Kontrak/Sewa,"1,430"
KALIMANTAN SELATAN,KOTA BANJAR BARU,6372,Bebas Sewa,"2,014"
KALIMANTAN TIMUR,PASER,6401,Milik Sendiri,"18,847"
KALIMANTAN TIMUR,PASER,6401,Kontrak/Sewa,375
KALIMANTAN TIMUR,PASER,6401,Bebas Sewa,"1,640"
KALIMANTAN TIMUR,KUTAI BARAT,6402,Milik Sendiri,"8,976"
KALIMANTAN TIMUR,KUTAI BARAT,6402,Kontrak/Sewa,112
KALIMANTAN TIMUR,KUTAI BARAT,6402,Bebas Sewa,906
KALIMANTAN TIMUR,KUTAI KARTANEGARA,6403,Milik Sendiri,"30,738"
KALIMANTAN TIMUR,KUTAI KARTANEGARA,6403,Kontrak/Sewa,"1,293"
KALIMANTAN TIMUR,KUTAI KARTANEGARA,6403,Bebas Sewa,"3,130"
KALIMANTAN TIMUR,KUTAI TIMUR,6404,Milik Sendiri,"16,529"
KALIMANTAN TIMUR,KUTAI TIMUR,6404,Kontrak/Sewa,"1,433"
KALIMANTAN TIMUR,KUTAI TIMUR,6404,Bebas Sewa,"3,913"
KALIMANTAN TIMUR,BERAU,6405,Milik Sendiri,"6,625"
KALIMANTAN TIMUR,BERAU,6405,Kontrak/Sewa,195
KALIMANTAN TIMUR,BERAU,6405,Bebas Sewa,"1,005"
KALIMANTAN TIMUR,PENAJAM PASER UTARA,6409,Milik Sendiri,"9,131"
KALIMANTAN TIMUR,PENAJAM PASER UTARA,6409,Kontrak/Sewa,260
KALIMANTAN TIMUR,PENAJAM PASER UTARA,6409,Bebas Sewa,981
KALIMANTAN TIMUR,MAHAKAM HULU,6411,Milik Sendiri,"1,905"
KALIMANTAN TIMUR,MAHAKAM HULU,6411,Kontrak/Sewa,26
KALIMANTAN TIMUR,MAHAKAM HULU,6411,Bebas Sewa,157
KALIMANTAN TIMUR,KOTA BALIKPAPAN,6471,Milik Sendiri,"15,865"
KALIMANTAN TIMUR,KOTA BALIKPAPAN,6471,Kontrak/Sewa,"3,980"
KALIMANTAN TIMUR,KOTA BALIKPAPAN,6471,Bebas Sewa,"4,382"
KALIMANTAN TIMUR,KOTA SAMARINDA,6472,Milik Sendiri,"17,268"
KALIMANTAN TIMUR,KOTA SAMARINDA,6472,Kontrak/Sewa,"6,028"
KALIMANTAN TIMUR,KOTA SAMARINDA,6472,Bebas Sewa,"3,800"
KALIMANTAN TIMUR,KOTA BONTANG,6474,Milik Sendiri,"4,520"
KALIMANTAN TIMUR,KOTA BONTANG,6474,Kontrak/Sewa,"1,990"
KALIMANTAN TIMUR,KOTA BONTANG,6474,Bebas Sewa,867
KALIMANTAN UTARA,MALINAU,6501,Milik Sendiri,"4,295"
KALIMANTAN UTARA,MALINAU,6501,Kontrak/Sewa,67
KALIMANTAN UTARA,MALINAU,6501,Bebas Sewa,269
KALIMANTAN UTARA,BULUNGAN,6502,Milik Sendiri,"4,673"
KALIMANTAN UTARA,BULUNGAN,6502,Kontrak/Sewa,80
KALIMANTAN UTARA,BULUNGAN,6502,Bebas Sewa,600
KALIMANTAN UTARA,TANA TIDUNG,6503,Milik Sendiri,604
KALIMANTAN UTARA,TANA TIDUNG,6503,Kontrak/Sewa,5
KALIMANTAN UTARA,TANA TIDUNG,6503,Bebas Sewa,80
KALIMANTAN UTARA,NUNUKAN,6504,Milik Sendiri,"10,243"
KALIMANTAN UTARA,NUNUKAN,6504,Kontrak/Sewa,738
KALIMANTAN UTARA,NUNUKAN,6504,Bebas Sewa,"1,749"
KALIMANTAN UTARA,KOTA TARAKAN,6571,Milik Sendiri,"6,524"
KALIMANTAN UTARA,KOTA TARAKAN,6571,Kontrak/Sewa,"1,911"
KALIMANTAN UTARA,KOTA TARAKAN,6571,Bebas Sewa,"1,656"
SULAWESI UTARA,BOLAANG MONGONDOW,7101,Milik Sendiri,"22,261"
SULAWESI UTARA,BOLAANG MONGONDOW,7101,Kontrak/Sewa,164
SULAWESI UTARA,BOLAANG MONGONDOW,7101,Bebas Sewa,"3,207"
SULAWESI UTARA,MINAHASA,7102,Milik Sendiri,"11,963"
SULAWESI UTARA,MINAHASA,7102,Kontrak/Sewa,493
SULAWESI UTARA,MINAHASA,7102,Bebas Sewa,"7,479"
SULAWESI UTARA,KEPULAUAN SANGIHE,7103,Milik Sendiri,"8,798"
SULAWESI UTARA,KEPULAUAN SANGIHE,7103,Kontrak/Sewa,22
SULAWESI UTARA,KEPULAUAN SANGIHE,7103,Bebas Sewa,782
SULAWESI UTARA,KEPULAUAN TALAUD,7104,Milik Sendiri,"6,755"
SULAWESI UTARA,KEPULAUAN TALAUD,7104,Kontrak/Sewa,5
SULAWESI UTARA,KEPULAUAN TALAUD,7104,Bebas Sewa,442
SULAWESI UTARA,MINAHASA SELATAN,7105,Milik Sendiri,"18,478"
SULAWESI UTARA,MINAHASA SELATAN,7105,Kontrak/Sewa,313
SULAWESI UTARA,MINAHASA SELATAN,7105,Bebas Sewa,"5,764"
SULAWESI UTARA,MINAHASA UTARA,7106,Milik Sendiri,"11,806"
SULAWESI UTARA,MINAHASA UTARA,7106,Kontrak/Sewa,429
SULAWESI UTARA,MINAHASA UTARA,7106,Bebas Sewa,"3,807"
SULAWESI UTARA,BOLAANG MONGONDOW UTARA,7107,Milik Sendiri,"6,503"
SULAWESI UTARA,BOLAANG MONGONDOW UTARA,7107,Kontrak/Sewa,17
SULAWESI UTARA,BOLAANG MONGONDOW UTARA,7107,Bebas Sewa,559
SULAWESI UTARA,SIAU TAGULANDANG BIARO,7108,Milik Sendiri,"2,548"
SULAWESI UTARA,SIAU TAGULANDANG BIARO,7108,Kontrak/Sewa,1
SULAWESI UTARA,SIAU TAGULANDANG BIARO,7108,Bebas Sewa,284
SULAWESI UTARA,MINAHASA TENGGARA,7109,Milik Sendiri,"7,876"
SULAWESI UTARA,MINAHASA TENGGARA,7109,Kontrak/Sewa,181
SULAWESI UTARA,MINAHASA TENGGARA,7109,Bebas Sewa,"1,383"
SULAWESI UTARA,BOLAANG MONGONDOW SELATAN,7110,Milik Sendiri,"4,593"
SULAWESI UTARA,BOLAANG MONGONDOW SELATAN,7110,Kontrak/Sewa,16
SULAWESI UTARA,BOLAANG MONGONDOW SELATAN,7110,Bebas Sewa,487
SULAWESI UTARA,BOLAANG MONGONDOW TIMUR,7111,Milik Sendiri,"4,432"
SULAWESI UTARA,BOLAANG MONGONDOW TIMUR,7111,Kontrak/Sewa,44
SULAWESI UTARA,BOLAANG MONGONDOW TIMUR,7111,Bebas Sewa,489
SULAWESI UTARA,KOTA MANADO,7171,Milik Sendiri,"11,499"
SULAWESI UTARA,KOTA MANADO,7171,Kontrak/Sewa,"1,479"
SULAWESI UTARA,KOTA MANADO,7171,Bebas Sewa,"5,099"
SULAWESI UTARA,KOTA BITUNG,7172,Milik Sendiri,"10,052"
SULAWESI UTARA,KOTA BITUNG,7172,Kontrak/Sewa,521
SULAWESI UTARA,KOTA BITUNG,7172,Bebas Sewa,"2,184"
SULAWESI UTARA,KOTA TOMOHON,7173,Milik Sendiri,"4,732"
SULAWESI UTARA,KOTA TOMOHON,7173,Kontrak/Sewa,119
SULAWESI UTARA,KOTA TOMOHON,7173,Bebas Sewa,"2,810"
SULAWESI UTARA,KOTAMOBAGU,7174,Milik Sendiri,"6,403"
SULAWESI UTARA,KOTAMOBAGU,7174,Kontrak/Sewa,194
SULAWESI UTARA,KOTAMOBAGU,7174,Bebas Sewa,"1,030"
SULAWESI TENGAH,BANGGAI KEPULAUAN,7201,Milik Sendiri,"11,575"
SULAWESI TENGAH,BANGGAI KEPULAUAN,7201,Kontrak/Sewa,23
SULAWESI TENGAH,BANGGAI KEPULAUAN,7201,Bebas Sewa,537
SULAWESI TENGAH,BANGGAI,7202,Milik Sendiri,"30,901"
SULAWESI TENGAH,BANGGAI,7202,Kontrak/Sewa,325
SULAWESI TENGAH,BANGGAI,7202,Bebas Sewa,"3,325"
SULAWESI TENGAH,MOROWALI,7203,Milik Sendiri,"9,447"
SULAWESI TENGAH,MOROWALI,7203,Kontrak/Sewa,18
SULAWESI TENGAH,MOROWALI,7203,Bebas Sewa,450
SULAWESI TENGAH,POSO,7204,Milik Sendiri,"21,170"
SULAWESI TENGAH,POSO,7204,Kontrak/Sewa,164
SULAWESI TENGAH,POSO,7204,Bebas Sewa,"2,646"
SULAWESI TENGAH,DONGGALA,7205,Milik Sendiri,"29,272"
SULAWESI TENGAH,DONGGALA,7205,Kontrak/Sewa,165
SULAWESI TENGAH,DONGGALA,7205,Bebas Sewa,"2,524"
SULAWESI TENGAH,TOLI-TOLI,7206,Milik Sendiri,"17,467"
SULAWESI TENGAH,TOLI-TOLI,7206,Kontrak/Sewa,150
SULAWESI TENGAH,TOLI-TOLI,7206,Bebas Sewa,"1,487"
SULAWESI TENGAH,BUOL,7207,Milik Sendiri,"12,197"
SULAWESI TENGAH,BUOL,7207,Kontrak/Sewa,89
SULAWESI TENGAH,BUOL,7207,Bebas Sewa,"1,000"
SULAWESI TENGAH,PARIGI MOUTONG,7208,Milik Sendiri,"40,053"
SULAWESI TENGAH,PARIGI MOUTONG,7208,Kontrak/Sewa,229
SULAWESI TENGAH,PARIGI MOUTONG,7208,Bebas Sewa,"3,223"
SULAWESI TENGAH,TOJO UNA-UNA,7209,Milik Sendiri,"13,224"
SULAWESI TENGAH,TOJO UNA-UNA,7209,Kontrak/Sewa,30
SULAWESI TENGAH,TOJO UNA-UNA,7209,Bebas Sewa,"1,015"
SULAWESI TENGAH,SIGI,7210,Milik Sendiri,"19,814"
SULAWESI TENGAH,SIGI,7210,Kontrak/Sewa,85
SULAWESI TENGAH,SIGI,7210,Bebas Sewa,"1,872"
SULAWESI TENGAH,BANGGAI LAUT,7211,Milik Sendiri,"3,859"
SULAWESI TENGAH,BANGGAI LAUT,7211,Kontrak/Sewa,16
SULAWESI TENGAH,BANGGAI LAUT,7211,Bebas Sewa,382
SULAWESI TENGAH,MOROWALI UTARA,7212,Milik Sendiri,"9,019"
SULAWESI TENGAH,MOROWALI UTARA,7212,Kontrak/Sewa,37
SULAWESI TENGAH,MOROWALI UTARA,7212,Bebas Sewa,663
SULAWESI TENGAH,KOTA PALU,7271,Milik Sendiri,"9,453"
SULAWESI TENGAH,KOTA PALU,7271,Kontrak/Sewa,"1,399"
SULAWESI TENGAH,KOTA PALU,7271,Bebas Sewa,"2,227"
SULAWESI SELATAN,KEPULAUAN SELAYAR,7301,Milik Sendiri,"12,727"
SULAWESI SELATAN,KEPULAUAN SELAYAR,7301,Kontrak/Sewa,27
SULAWESI SELATAN,KEPULAUAN SELAYAR,7301,Bebas Sewa,704
SULAWESI SELATAN,BULUKUMBA,7302,Milik Sendiri,"32,479"
SULAWESI SELATAN,BULUKUMBA,7302,Kontrak/Sewa,134
SULAWESI SELATAN,BULUKUMBA,7302,Bebas Sewa,"2,674"
SULAWESI SELATAN,BANTAENG,7303,Milik Sendiri,"15,439"
SULAWESI SELATAN,BANTAENG,7303,Kontrak/Sewa,76
SULAWESI SELATAN,BANTAENG,7303,Bebas Sewa,"1,118"
SULAWESI SELATAN,JENEPONTO,7304,Milik Sendiri,"45,818"
SULAWESI SELATAN,JENEPONTO,7304,Kontrak/Sewa,105
SULAWESI SELATAN,JENEPONTO,7304,Bebas Sewa,"5,288"
SULAWESI SELATAN,TAKALAR,7305,Milik Sendiri,"32,096"
SULAWESI SELATAN,TAKALAR,7305,Kontrak/Sewa,126
SULAWESI SELATAN,TAKALAR,7305,Bebas Sewa,"1,824"
SULAWESI SELATAN,GOWA,7306,Milik Sendiri,"64,876"
SULAWESI SELATAN,GOWA,7306,Kontrak/Sewa,660
SULAWESI SELATAN,GOWA,7306,Bebas Sewa,"4,136"
SULAWESI SELATAN,SINJAI,7307,Milik Sendiri,"19,884"
SULAWESI SELATAN,SINJAI,7307,Kontrak/Sewa,55
SULAWESI SELATAN,SINJAI,7307,Bebas Sewa,785
SULAWESI SELATAN,MAROS,7308,Milik Sendiri,"28,313"
SULAWESI SELATAN,MAROS,7308,Kontrak/Sewa,183
SULAWESI SELATAN,MAROS,7308,Bebas Sewa,"1,823"
SULAWESI SELATAN,PANGKAJENE DAN KEPULAUAN,7309,Milik Sendiri,"28,438"
SULAWESI SELATAN,PANGKAJENE DAN KEPULAUAN,7309,Kontrak/Sewa,181
SULAWESI SELATAN,PANGKAJENE DAN KEPULAUAN,7309,Bebas Sewa,"3,142"
SULAWESI SELATAN,BARRU,7310,Milik Sendiri,"15,003"
SULAWESI SELATAN,BARRU,7310,Kontrak/Sewa,85
SULAWESI SELATAN,BARRU,7310,Bebas Sewa,"1,225"
SULAWESI SELATAN,BONE,7311,Milik Sendiri,"74,720"
SULAWESI SELATAN,BONE,7311,Kontrak/Sewa,517
SULAWESI SELATAN,BONE,7311,Bebas Sewa,"4,333"
SULAWESI SELATAN,SOPPENG,7312,Milik Sendiri,"19,881"
SULAWESI SELATAN,SOPPENG,7312,Kontrak/Sewa,160
SULAWESI SELATAN,SOPPENG,7312,Bebas Sewa,"1,497"
SULAWESI SELATAN,WAJO,7313,Milik Sendiri,"26,716"
SULAWESI SELATAN,WAJO,7313,Kontrak/Sewa,141
SULAWESI SELATAN,WAJO,7313,Bebas Sewa,"2,809"
SULAWESI SELATAN,SIDENRENG RAPPANG,7314,Milik Sendiri,"18,359"
SULAWESI SELATAN,SIDENRENG RAPPANG,7314,Kontrak/Sewa,190
SULAWESI SELATAN,SIDENRENG RAPPANG,7314,Bebas Sewa,"2,712"
SULAWESI SELATAN,PINRANG,7315,Milik Sendiri,"20,460"
SULAWESI SELATAN,PINRANG,7315,Kontrak/Sewa,182
SULAWESI SELATAN,PINRANG,7315,Bebas Sewa,"2,275"
SULAWESI SELATAN,ENREKANG,7316,Milik Sendiri,"17,454"
SULAWESI SELATAN,ENREKANG,7316,Kontrak/Sewa,56
SULAWESI SELATAN,ENREKANG,7316,Bebas Sewa,"2,107"
SULAWESI SELATAN,LUWU,7317,Milik Sendiri,"30,067"
SULAWESI SELATAN,LUWU,7317,Kontrak/Sewa,136
SULAWESI SELATAN,LUWU,7317,Bebas Sewa,"3,090"
SULAWESI SELATAN,TANA TORAJA,7318,Milik Sendiri,"20,581"
SULAWESI SELATAN,TANA TORAJA,7318,Kontrak/Sewa,111
SULAWESI SELATAN,TANA TORAJA,7318,Bebas Sewa,"3,009"
SULAWESI SELATAN,LUWU UTARA,7322,Milik Sendiri,"28,674"
SULAWESI SELATAN,LUWU UTARA,7322,Kontrak/Sewa,143
SULAWESI SELATAN,LUWU UTARA,7322,Bebas Sewa,"3,028"
SULAWESI SELATAN,LUWU TIMUR,7325,Milik Sendiri,"16,825"
SULAWESI SELATAN,LUWU TIMUR,7325,Kontrak/Sewa,125
SULAWESI SELATAN,LUWU TIMUR,7325,Bebas Sewa,"1,414"
SULAWESI SELATAN,TORAJA UTARA,7326,Milik Sendiri,"15,904"
SULAWESI SELATAN,TORAJA UTARA,7326,Kontrak/Sewa,156
SULAWESI SELATAN,TORAJA UTARA,7326,Bebas Sewa,"3,039"
SULAWESI SELATAN,KOTA MAKASSAR,7371,Milik Sendiri,"27,527"
SULAWESI SELATAN,KOTA MAKASSAR,7371,Kontrak/Sewa,"10,410"
SULAWESI SELATAN,KOTA MAKASSAR,7371,Bebas Sewa,"11,577"
SULAWESI SELATAN,KOTA PAREPARE,7372,Milik Sendiri,"4,710"
SULAWESI SELATAN,KOTA PAREPARE,7372,Kontrak/Sewa,779
SULAWESI SELATAN,KOTA PAREPARE,7372,Bebas Sewa,"1,537"
SULAWESI SELATAN,KOTA PALOPO,7373,Milik Sendiri,"5,430"
SULAWESI SELATAN,KOTA PALOPO,7373,Kontrak/Sewa,714
SULAWESI SELATAN,KOTA PALOPO,7373,Bebas Sewa,"1,057"
SULAWESI TENGGARA,BUTON,7401,Milik Sendiri,"9,509"
SULAWESI TENGGARA,BUTON,7401,Kontrak/Sewa,34
SULAWESI TENGGARA,BUTON,7401,Bebas Sewa,859
SULAWESI TENGGARA,MUNA,7402,Milik Sendiri,"23,439"
SULAWESI TENGGARA,MUNA,7402,Kontrak/Sewa,109
SULAWESI TENGGARA,MUNA,7402,Bebas Sewa,"1,744"
SULAWESI TENGGARA,KONAWE,7403,Milik Sendiri,"19,402"
SULAWESI TENGGARA,KONAWE,7403,Kontrak/Sewa,47
SULAWESI TENGGARA,KONAWE,7403,Bebas Sewa,"1,360"
SULAWESI TENGGARA,KOLAKA,7404,Milik Sendiri,"11,940"
SULAWESI TENGGARA,KOLAKA,7404,Kontrak/Sewa,151
SULAWESI TENGGARA,KOLAKA,7404,Bebas Sewa,924
SULAWESI TENGGARA,KONAWE SELATAN,7405,Milik Sendiri,"22,498"
SULAWESI TENGGARA,KONAWE SELATAN,7405,Kontrak/Sewa,31
SULAWESI TENGGARA,KONAWE SELATAN,7405,Bebas Sewa,699
SULAWESI TENGGARA,BOMBANA,7406,Milik Sendiri,"15,620"
SULAWESI TENGGARA,BOMBANA,7406,Kontrak/Sewa,25
SULAWESI TENGGARA,BOMBANA,7406,Bebas Sewa,862
SULAWESI TENGGARA,WAKATOBI,7407,Milik Sendiri,"6,558"
SULAWESI TENGGARA,WAKATOBI,7407,Kontrak/Sewa,4
SULAWESI TENGGARA,WAKATOBI,7407,Bebas Sewa,392
SULAWESI TENGGARA,KOLAKA UTARA,7408,Milik Sendiri,"14,871"
SULAWESI TENGGARA,KOLAKA UTARA,7408,Kontrak/Sewa,170
SULAWESI TENGGARA,KOLAKA UTARA,7408,Bebas Sewa,"1,573"
SULAWESI TENGGARA,BUTON UTARA,7409,Milik Sendiri,"6,606"
SULAWESI TENGGARA,BUTON UTARA,7409,Kontrak/Sewa,4
SULAWESI TENGGARA,BUTON UTARA,7409,Bebas Sewa,223
SULAWESI TENGGARA,KONAWE UTARA,7410,Milik Sendiri,"5,147"
SULAWESI TENGGARA,KONAWE UTARA,7410,Kontrak/Sewa,2
SULAWESI TENGGARA,KONAWE UTARA,7410,Bebas Sewa,195
SULAWESI TENGGARA,KOLAKA TIMUR,7411,Milik Sendiri,"9,314"
SULAWESI TENGGARA,KOLAKA TIMUR,7411,Kontrak/Sewa,17
SULAWESI TENGGARA,KOLAKA TIMUR,7411,Bebas Sewa,479
SULAWESI TENGGARA,KONAWE KEPULAUAN,7412,Milik Sendiri,"5,177"
SULAWESI TENGGARA,KONAWE KEPULAUAN,7412,Kontrak/Sewa,4
SULAWESI TENGGARA,KONAWE KEPULAUAN,7412,Bebas Sewa,200
SULAWESI TENGGARA,MUNA BARAT,7413,Milik Sendiri,"10,988"
SULAWESI TENGGARA,MUNA BARAT,7413,Kontrak/Sewa,18
SULAWESI TENGGARA,MUNA BARAT,7413,Bebas Sewa,553
SULAWESI TENGGARA,BUTON TENGAH,7414,Milik Sendiri,"11,254"
SULAWESI TENGGARA,BUTON TENGAH,7414,Kontrak/Sewa,35
SULAWESI TENGGARA,BUTON TENGAH,7414,Bebas Sewa,"1,571"
SULAWESI TENGGARA,BUTON SELATAN,7415,Milik Sendiri,"8,572"
SULAWESI TENGGARA,BUTON SELATAN,7415,Kontrak/Sewa,49
SULAWESI TENGGARA,BUTON SELATAN,7415,Bebas Sewa,907
SULAWESI TENGGARA,KOTA KENDARI,7471,Milik Sendiri,"13,543"
SULAWESI TENGGARA,KOTA KENDARI,7471,Kontrak/Sewa,"1,302"
SULAWESI TENGGARA,KOTA KENDARI,7471,Bebas Sewa,"2,531"
SULAWESI TENGGARA,KOTA BAUBAU,7472,Milik Sendiri,"8,796"
SULAWESI TENGGARA,KOTA BAUBAU,7472,Kontrak/Sewa,555
SULAWESI TENGGARA,KOTA BAUBAU,7472,Bebas Sewa,"3,088"
GORONTALO,BOALEMO,7501,Milik Sendiri,"13,093"
GORONTALO,BOALEMO,7501,Kontrak/Sewa,28
GORONTALO,BOALEMO,7501,Bebas Sewa,"1,309"
GORONTALO,GORONTALO,7502,Milik Sendiri,"38,085"
GORONTALO,GORONTALO,7502,Kontrak/Sewa,111
GORONTALO,GORONTALO,7502,Bebas Sewa,"5,389"
GORONTALO,POHUWATO,7503,Milik Sendiri,"10,433"
GORONTALO,POHUWATO,7503,Kontrak/Sewa,39
GORONTALO,POHUWATO,7503,Bebas Sewa,721
GORONTALO,BONE BOLANGO,7504,Milik Sendiri,"11,726"
GORONTALO,BONE BOLANGO,7504,Kontrak/Sewa,29
GORONTALO,BONE BOLANGO,7504,Bebas Sewa,"1,747"
GORONTALO,GORONTALO UTARA,7505,Milik Sendiri,"10,799"
GORONTALO,GORONTALO UTARA,7505,Kontrak/Sewa,15
GORONTALO,GORONTALO UTARA,7505,Bebas Sewa,"1,100"
GORONTALO,KOTA GORONTALO,7571,Milik Sendiri,"8,273"
GORONTALO,KOTA GORONTALO,7571,Kontrak/Sewa,155
GORONTALO,KOTA GORONTALO,7571,Bebas Sewa,"3,739"
SULAWESI BARAT,MAJENE,7601,Milik Sendiri,"17,211"
SULAWESI BARAT,MAJENE,7601,Kontrak/Sewa,53
SULAWESI BARAT,MAJENE,7601,Bebas Sewa,745
SULAWESI BARAT,POLEWALI MANDAR,7602,Milik Sendiri,"40,563"
SULAWESI BARAT,POLEWALI MANDAR,7602,Kontrak/Sewa,110
SULAWESI BARAT,POLEWALI MANDAR,7602,Bebas Sewa,"2,091"
SULAWESI BARAT,MAMASA,7603,Milik Sendiri,"18,802"
SULAWESI BARAT,MAMASA,7603,Kontrak/Sewa,43
SULAWESI BARAT,MAMASA,7603,Bebas Sewa,"1,568"
SULAWESI BARAT,MAMUJU,7604,Milik Sendiri,"17,244"
SULAWESI BARAT,MAMUJU,7604,Kontrak/Sewa,42
SULAWESI BARAT,MAMUJU,7604,Bebas Sewa,"1,181"
SULAWESI BARAT,MAMUJU UTARA,7605,Milik Sendiri,"9,034"
SULAWESI BARAT,MAMUJU UTARA,7605,Kontrak/Sewa,25
SULAWESI BARAT,MAMUJU UTARA,7605,Bebas Sewa,800
SULAWESI BARAT,MAMUJU TENGAH,7606,Milik Sendiri,"6,372"
SULAWESI BARAT,MAMUJU TENGAH,7606,Kontrak/Sewa,18
SULAWESI BARAT,MAMUJU TENGAH,7606,Bebas Sewa,473
MALUKU,MALUKU TENGGARA BARAT,8101,Milik Sendiri,"10,792"
MALUKU,MALUKU TENGGARA BARAT,8101,Kontrak/Sewa,28
MALUKU,MALUKU TENGGARA BARAT,8101,Bebas Sewa,763
MALUKU,MALUKU TENGGARA,8102,Milik Sendiri,"6,505"
MALUKU,MALUKU TENGGARA,8102,Kontrak/Sewa,22
MALUKU,MALUKU TENGGARA,8102,Bebas Sewa,425
MALUKU,MALUKU TENGAH,8103,Milik Sendiri,"29,916"
MALUKU,MALUKU TENGAH,8103,Kontrak/Sewa,367
MALUKU,MALUKU TENGAH,8103,Bebas Sewa,"5,868"
MALUKU,BURU,8104,Milik Sendiri,"8,194"
MALUKU,BURU,8104,Kontrak/Sewa,29
MALUKU,BURU,8104,Bebas Sewa,252
MALUKU,KEPULAUAN ARU,8105,Milik Sendiri,"6,284"
MALUKU,KEPULAUAN ARU,8105,Kontrak/Sewa,17
MALUKU,KEPULAUAN ARU,8105,Bebas Sewa,366
MALUKU,SERAM BAGIAN BARAT,8106,Milik Sendiri,"17,836"
MALUKU,SERAM BAGIAN BARAT,8106,Kontrak/Sewa,59
MALUKU,SERAM BAGIAN BARAT,8106,Bebas Sewa,"1,700"
MALUKU,SERAM BAGIAN TIMUR,8107,Milik Sendiri,"8,697"
MALUKU,SERAM BAGIAN TIMUR,8107,Kontrak/Sewa,10
MALUKU,SERAM BAGIAN TIMUR,8107,Bebas Sewa,252
MALUKU,MALUKU BARAT DAYA,8108,Milik Sendiri,"9,293"
MALUKU,MALUKU BARAT DAYA,8108,Kontrak/Sewa,13
MALUKU,MALUKU BARAT DAYA,8108,Bebas Sewa,666
MALUKU,BURU SELATAN,8109,Milik Sendiri,"5,545"
MALUKU,BURU SELATAN,8109,Kontrak/Sewa,8
MALUKU,BURU SELATAN,8109,Bebas Sewa,123
MALUKU,KOTA AMBON,8171,Milik Sendiri,"13,894"
MALUKU,KOTA AMBON,8171,Kontrak/Sewa,870
MALUKU,KOTA AMBON,8171,Bebas Sewa,"4,220"
MALUKU,KOTA TUAL,8172,Milik Sendiri,"4,050"
MALUKU,KOTA TUAL,8172,Kontrak/Sewa,23
MALUKU,KOTA TUAL,8172,Bebas Sewa,271
MALUKU UTARA,HALMAHERA BARAT,8201,Milik Sendiri,"6,743"
MALUKU UTARA,HALMAHERA BARAT,8201,Kontrak/Sewa,7
MALUKU UTARA,HALMAHERA BARAT,8201,Bebas Sewa,371
MALUKU UTARA,HALMAHERA TENGAH,8202,Milik Sendiri,"3,623"
MALUKU UTARA,HALMAHERA TENGAH,8202,Kontrak/Sewa,13
MALUKU UTARA,HALMAHERA TENGAH,8202,Bebas Sewa,405
MALUKU UTARA,KEPULAUAN SULA,8203,Milik Sendiri,"3,714"
MALUKU UTARA,KEPULAUAN SULA,8203,Kontrak/Sewa,29
MALUKU UTARA,KEPULAUAN SULA,8203,Bebas Sewa,520
MALUKU UTARA,HALMAHERA SELATAN,8204,Milik Sendiri,"9,082"
MALUKU UTARA,HALMAHERA SELATAN,8204,Kontrak/Sewa,12
MALUKU UTARA,HALMAHERA SELATAN,8204,Bebas Sewa,385
MALUKU UTARA,HALMAHERA UTARA,8205,Milik Sendiri,"6,054"
MALUKU UTARA,HALMAHERA UTARA,8205,Kontrak/Sewa,24
MALUKU UTARA,HALMAHERA UTARA,8205,Bebas Sewa,376
MALUKU UTARA,HALMAHERA TIMUR,8206,Milik Sendiri,"5,981"
MALUKU UTARA,HALMAHERA TIMUR,8206,Kontrak/Sewa,20
MALUKU UTARA,HALMAHERA TIMUR,8206,Bebas Sewa,249
MALUKU UTARA,PULAU MOROTAI,8207,Milik Sendiri,"3,227"
MALUKU UTARA,PULAU MOROTAI,8207,Kontrak/Sewa,13
MALUKU UTARA,PULAU MOROTAI,8207,Bebas Sewa,172
MALUKU UTARA,PULAU TALIABU,8208,Milik Sendiri,"2,266"
MALUKU UTARA,PULAU TALIABU,8208,Kontrak/Sewa,2
MALUKU UTARA,PULAU TALIABU,8208,Bebas Sewa,213
MALUKU UTARA,KOTA TERNATE,8271,Milik Sendiri,"3,091"
MALUKU UTARA,KOTA TERNATE,8271,Kontrak/Sewa,67
MALUKU UTARA,KOTA TERNATE,8271,Bebas Sewa,346
MALUKU UTARA,KOTA TIDORE KEPULAUAN,8272,Milik Sendiri,"5,607"
MALUKU UTARA,KOTA TIDORE KEPULAUAN,8272,Kontrak/Sewa,14
MALUKU UTARA,KOTA TIDORE KEPULAUAN,8272,Bebas Sewa,369
PAPUA BARAT,FAKFAK,9101,Milik Sendiri,"6,941"
PAPUA BARAT,FAKFAK,9101,Kontrak/Sewa,255
PAPUA BARAT,FAKFAK,9101,Bebas Sewa,784
PAPUA BARAT,KAIMANA,9102,Milik Sendiri,"3,876"
PAPUA BARAT,KAIMANA,9102,Kontrak/Sewa,80
PAPUA BARAT,KAIMANA,9102,Bebas Sewa,539
PAPUA BARAT,TELUK WONDAMA,9103,Milik Sendiri,"2,319"
PAPUA BARAT,TELUK WONDAMA,9103,Kontrak/Sewa,24
PAPUA BARAT,TELUK WONDAMA,9103,Bebas Sewa,178
PAPUA BARAT,TELUK BINTUNI,9104,Milik Sendiri,"4,301"
PAPUA BARAT,TELUK BINTUNI,9104,Kontrak/Sewa,116
PAPUA BARAT,TELUK BINTUNI,9104,Bebas Sewa,458
PAPUA BARAT,MANOKWARI,9105,Milik Sendiri,"9,040"
PAPUA BARAT,MANOKWARI,9105,Kontrak/Sewa,263
PAPUA BARAT,MANOKWARI,9105,Bebas Sewa,"1,139"
PAPUA BARAT,SORONG SELATAN,9106,Milik Sendiri,"2,611"
PAPUA BARAT,SORONG SELATAN,9106,Kontrak/Sewa,10
PAPUA BARAT,SORONG SELATAN,9106,Bebas Sewa,708
PAPUA BARAT,SORONG,9107,Milik Sendiri,"6,984"
PAPUA BARAT,SORONG,9107,Kontrak/Sewa,111
PAPUA BARAT,SORONG,9107,Bebas Sewa,843
PAPUA BARAT,RAJA AMPAT,9108,Milik Sendiri,"4,000"
PAPUA BARAT,RAJA AMPAT,9108,Kontrak/Sewa,26
PAPUA BARAT,RAJA AMPAT,9108,Bebas Sewa,170
PAPUA BARAT,TAMBRAUW,9109,Milik Sendiri,"2,273"
PAPUA BARAT,TAMBRAUW,9109,Kontrak/Sewa,0
PAPUA BARAT,TAMBRAUW,9109,Bebas Sewa,56
PAPUA BARAT,MAYBRAT,9110,Milik Sendiri,"3,800"
PAPUA BARAT,MAYBRAT,9110,Kontrak/Sewa,11
PAPUA BARAT,MAYBRAT,9110,Bebas Sewa,418
PAPUA BARAT,MANOKWARI SELATAN,9111,Milik Sendiri,"3,433"
PAPUA BARAT,MANOKWARI SELATAN,9111,Kontrak/Sewa,11
PAPUA BARAT,MANOKWARI SELATAN,9111,Bebas Sewa,221
PAPUA BARAT,PEGUNUNGAN ARFAK,9112,Milik Sendiri,"6,424"
PAPUA BARAT,PEGUNUNGAN ARFAK,9112,Kontrak/Sewa,1
PAPUA BARAT,PEGUNUNGAN ARFAK,9112,Bebas Sewa,315
PAPUA BARAT,KOTA SORONG,9171,Milik Sendiri,"6,920"
PAPUA BARAT,KOTA SORONG,9171,Kontrak/Sewa,"2,218"
PAPUA BARAT,KOTA SORONG,9171,Bebas Sewa,"2,669"
PAPUA,MERAUKE,9401,Milik Sendiri,"10,802"
PAPUA,MERAUKE,9401,Kontrak/Sewa,418
PAPUA,MERAUKE,9401,Bebas Sewa,"1,657"
PAPUA,JAYAWIJAYA,9402,Milik Sendiri,"12,420"
PAPUA,JAYAWIJAYA,9402,Kontrak/Sewa,4
PAPUA,JAYAWIJAYA,9402,Bebas Sewa,722
PAPUA,JAYAPURA,9403,Milik Sendiri,"8,602"
PAPUA,JAYAPURA,9403,Kontrak/Sewa,31
PAPUA,JAYAPURA,9403,Bebas Sewa,491
PAPUA,NABIRE,9404,Milik Sendiri,"8,389"
PAPUA,NABIRE,9404,Kontrak/Sewa,167
PAPUA,NABIRE,9404,Bebas Sewa,619
PAPUA,KEPULAUAN YAPEN,9408,Milik Sendiri,"6,621"
PAPUA,KEPULAUAN YAPEN,9408,Kontrak/Sewa,207
PAPUA,KEPULAUAN YAPEN,9408,Bebas Sewa,832
PAPUA,BIAK NUMFOR,9409,Milik Sendiri,"10,674"
PAPUA,BIAK NUMFOR,9409,Kontrak/Sewa,513
PAPUA,BIAK NUMFOR,9409,Bebas Sewa,"2,142"
PAPUA,PANIAI,9410,Milik Sendiri,"6,883"
PAPUA,PANIAI,9410,Kontrak/Sewa,0
PAPUA,PANIAI,9410,Bebas Sewa,0
PAPUA,PUNCAK JAYA,9411,Milik Sendiri,"6,470"
PAPUA,PUNCAK JAYA,9411,Kontrak/Sewa,128
PAPUA,PUNCAK JAYA,9411,Bebas Sewa,205
PAPUA,MIMIKA,9412,Milik Sendiri,"10,854"
PAPUA,MIMIKA,9412,Kontrak/Sewa,"1,001"
PAPUA,MIMIKA,9412,Bebas Sewa,"1,318"
PAPUA,BOVEN DIGOEL,9413,Milik Sendiri,"5,158"
PAPUA,BOVEN DIGOEL,9413,Kontrak/Sewa,4
PAPUA,BOVEN DIGOEL,9413,Bebas Sewa,37
PAPUA,MAPPI,9414,Milik Sendiri,"9,647"
PAPUA,MAPPI,9414,Kontrak/Sewa,12
PAPUA,MAPPI,9414,Bebas Sewa,756
PAPUA,ASMAT,9415,Milik Sendiri,"8,513"
PAPUA,ASMAT,9415,Kontrak/Sewa,287
PAPUA,ASMAT,9415,Bebas Sewa,"3,003"
PAPUA,YAHUKIMO,9416,Milik Sendiri,"9,972"
PAPUA,YAHUKIMO,9416,Kontrak/Sewa,0
PAPUA,YAHUKIMO,9416,Bebas Sewa,4
PAPUA,PEGUNUNGAN BINTANG,9417,Milik Sendiri,"12,849"
PAPUA,PEGUNUNGAN BINTANG,9417,Kontrak/Sewa,0
PAPUA,PEGUNUNGAN BINTANG,9417,Bebas Sewa,0
PAPUA,TOLIKARA,9418,Milik Sendiri,"4,197"
PAPUA,TOLIKARA,9418,Kontrak/Sewa,65
PAPUA,TOLIKARA,9418,Bebas Sewa,22
PAPUA,SARMI,9419,Milik Sendiri,"1,879"
PAPUA,SARMI,9419,Kontrak/Sewa,7
PAPUA,SARMI,9419,Bebas Sewa,148
PAPUA,KEEROM,9420,Milik Sendiri,"5,201"
PAPUA,KEEROM,9420,Kontrak/Sewa,55
PAPUA,KEEROM,9420,Bebas Sewa,918
PAPUA,WAROPEN,9426,Milik Sendiri,"1,384"
PAPUA,WAROPEN,9426,Kontrak/Sewa,27
PAPUA,WAROPEN,9426,Bebas Sewa,180
PAPUA,SUPIORI,9427,Milik Sendiri,"1,988"
PAPUA,SUPIORI,9427,Kontrak/Sewa,1
PAPUA,SUPIORI,9427,Bebas Sewa,29
PAPUA,MAMBERAMO RAYA,9428,Milik Sendiri,680
PAPUA,MAMBERAMO RAYA,9428,Kontrak/Sewa,0
PAPUA,MAMBERAMO RAYA,9428,Bebas Sewa,0
PAPUA,NDUGA,9429,Milik Sendiri,0
PAPUA,NDUGA,9429,Kontrak/Sewa,0
PAPUA,NDUGA,9429,Bebas Sewa,0
PAPUA,LANNY JAYA,9430,Milik Sendiri,"5,627"
PAPUA,LANNY JAYA,9430,Kontrak/Sewa,0
PAPUA,LANNY JAYA,9430,Bebas Sewa,2
PAPUA,MAMBERAMO TENGAH,9431,Milik Sendiri,687
PAPUA,MAMBERAMO TENGAH,9431,Kontrak/Sewa,0
PAPUA,MAMBERAMO TENGAH,9431,Bebas Sewa,0
PAPUA,YALIMO,9432,Milik Sendiri,"4,869"
PAPUA,YALIMO,9432,Kontrak/Sewa,0
PAPUA,YALIMO,9432,Bebas Sewa,13
PAPUA,PUNCAK,9433,Milik Sendiri,"11,295"
PAPUA,PUNCAK,9433,Kontrak/Sewa,2
PAPUA,PUNCAK,9433,Bebas Sewa,29
PAPUA,DOGIYAI,9434,Milik Sendiri,"4,580"
PAPUA,DOGIYAI,9434,Kontrak/Sewa,2
PAPUA,DOGIYAI,9434,Bebas Sewa,1
PAPUA,INTAN JAYA,9435,Milik Sendiri,205
PAPUA,INTAN JAYA,9435,Kontrak/Sewa,1
PAPUA,INTAN JAYA,9435,Bebas Sewa,0
PAPUA,DEIYAI,9436,Milik Sendiri,"2,991"
PAPUA,DEIYAI,9436,Kontrak/Sewa,0
PAPUA,DEIYAI,9436,Bebas Sewa,0
PAPUA,KOTA JAYAPURA,9471,Milik Sendiri,"9,816"
PAPUA,KOTA JAYAPURA,9471,Kontrak/Sewa,"2,540"
PAPUA,KOTA JAYAPURA,9471,Bebas Sewa,"2,908"
