Provinsi,NamaKab/Kota,KodeKab/Kota,Status bekerja,Jumlah IndividuUsia 5 - 14 tahun,Jumlah IndividuUsia 15 - 59 tahun,Jumlah IndividuUsia 60 tahun ke atas
ACEH,SIMEULUE,1101,Bekerja,145,"15,837","1,406"
ACEH,SIMEULUE,1101,Tidak Bekerja,"11,407","11,301","1,681"
ACEH,ACEH SINGKIL,1102,Bekerja,97,"14,981","1,145"
ACEH,ACEH SINGKIL,1102,Tidak Bekerja,"14,912","18,135","1,620"
ACEH,ACEH SELATAN,1103,Bekerja,96,"32,190","3,553"
ACEH,ACEH SELATAN,1103,Tidak Bekerja,"23,968","40,326","6,638"
ACEH,ACEH TENGGARA,1104,Bekerja,702,"29,532",979
ACEH,ACEH TENGGARA,1104,Tidak Bekerja,"20,111","17,988",652
ACEH,ACEH TIMUR,1105,Bekerja,466,"60,174","5,196"
ACEH,ACEH TIMUR,1105,Tidak Bekerja,"49,435","66,913","6,576"
ACEH,ACEH TENGAH,1106,Bekerja,705,"33,662","2,856"
ACEH,ACEH TENGAH,1106,Tidak Bekerja,"15,109","12,016","1,603"
ACEH,ACEH BARAT,1107,Bekerja,171,"28,909","2,768"
ACEH,ACEH BARAT,1107,Tidak Bekerja,"14,410","20,202","3,465"
ACEH,ACEH BESAR,1108,Bekerja,176,"46,102","4,985"
ACEH,ACEH BESAR,1108,Tidak Bekerja,"35,168","47,109","8,695"
ACEH,PIDIE,1109,Bekerja,298,"66,717","8,210"
ACEH,PIDIE,1109,Tidak Bekerja,"50,291","62,336","8,579"
ACEH,BIREUEN,1110,Bekerja,330,"70,866","7,415"
ACEH,BIREUEN,1110,Tidak Bekerja,"46,940","72,086","9,850"
ACEH,ACEH UTARA,1111,Bekerja,"1,227","94,573","10,222"
ACEH,ACEH UTARA,1111,Tidak Bekerja,"74,206","107,827","13,393"
ACEH,ACEH BARAT DAYA,1112,Bekerja,49,"21,632","1,816"
ACEH,ACEH BARAT DAYA,1112,Tidak Bekerja,"15,779","29,764","2,991"
ACEH,GAYO LUES,1113,Bekerja,911,"16,082",729
ACEH,GAYO LUES,1113,Tidak Bekerja,"7,433","5,664",443
ACEH,ACEH TAMIANG,1114,Bekerja,66,"31,553","3,086"
ACEH,ACEH TAMIANG,1114,Tidak Bekerja,"25,208","36,242","5,165"
ACEH,NAGAN RAYA,1115,Bekerja,130,"24,367","2,929"
ACEH,NAGAN RAYA,1115,Tidak Bekerja,"13,496","19,258","3,845"
ACEH,ACEH JAYA,1116,Bekerja,50,"11,577","1,297"
ACEH,ACEH JAYA,1116,Tidak Bekerja,"6,820","7,728","1,062"
ACEH,BENER MERIAH,1117,Bekerja,232,"17,563","1,089"
ACEH,BENER MERIAH,1117,Tidak Bekerja,"10,184","6,161",486
ACEH,PIDIE JAYA,1118,Bekerja,74,"25,643","3,548"
ACEH,PIDIE JAYA,1118,Tidak Bekerja,"17,823","23,058","4,062"
ACEH,KOTA BANDA ACEH,1171,Bekerja,22,"10,330",610
ACEH,KOTA BANDA ACEH,1171,Tidak Bekerja,"8,410","11,219","1,035"
ACEH,KOTA SABANG,1172,Bekerja,16,"2,697",240
ACEH,KOTA SABANG,1172,Tidak Bekerja,"2,132","2,619",471
ACEH,KOTA LANGSA,1173,Bekerja,27,"12,489",662
ACEH,KOTA LANGSA,1173,Tidak Bekerja,"11,596","17,864",915
ACEH,KOTA LHOKSEUMAWE,1174,Bekerja,18,"14,353","1,057"
ACEH,KOTA LHOKSEUMAWE,1174,Tidak Bekerja,"13,856","23,249","1,646"
ACEH,KOTA SUBULUSSALAM,1175,Bekerja,19,"7,185",402
ACEH,KOTA SUBULUSSALAM,1175,Tidak Bekerja,"10,476","12,487",832
SUMATERA UTARA,NIAS,1201,Bekerja,"3,843","47,385","3,471"
SUMATERA UTARA,NIAS,1201,Tidak Bekerja,"27,994","11,468","2,074"
SUMATERA UTARA,MANDAILING NATAL,1202,Bekerja,406,"44,207","4,131"
SUMATERA UTARA,MANDAILING NATAL,1202,Tidak Bekerja,"43,236","29,052","4,139"
SUMATERA UTARA,TAPANULI SELATAN,1203,Bekerja,"1,209","31,203","3,344"
SUMATERA UTARA,TAPANULI SELATAN,1203,Tidak Bekerja,"21,749","10,552","2,759"
SUMATERA UTARA,TAPANULI TENGAH,1204,Bekerja,"2,553","47,647","4,721"
SUMATERA UTARA,TAPANULI TENGAH,1204,Tidak Bekerja,"38,429","22,605","3,979"
SUMATERA UTARA,TAPANULI UTARA,1205,Bekerja,"8,044","49,670","5,685"
SUMATERA UTARA,TAPANULI UTARA,1205,Tidak Bekerja,"26,364","7,879","3,707"
SUMATERA UTARA,TOBA SAMOSIR,1206,Bekerja,"3,015","18,111",984
SUMATERA UTARA,TOBA SAMOSIR,1206,Tidak Bekerja,"12,041","2,533",549
SUMATERA UTARA,LABUHAN BATU,1207,Bekerja,69,"24,790","2,419"
SUMATERA UTARA,LABUHAN BATU,1207,Tidak Bekerja,"26,179","33,013","4,092"
SUMATERA UTARA,ASAHAN,1208,Bekerja,271,"39,866","3,538"
SUMATERA UTARA,ASAHAN,1208,Tidak Bekerja,"40,114","41,330","6,493"
SUMATERA UTARA,SIMALUNGUN,1209,Bekerja,"3,316","57,420","7,203"
SUMATERA UTARA,SIMALUNGUN,1209,Tidak Bekerja,"42,227","33,344","9,165"
SUMATERA UTARA,DAIRI,1210,Bekerja,"6,334","35,850","3,007"
SUMATERA UTARA,DAIRI,1210,Tidak Bekerja,"21,332","4,645","1,041"
SUMATERA UTARA,KARO,1211,Bekerja,"2,023","47,256","2,536"
SUMATERA UTARA,KARO,1211,Tidak Bekerja,"27,351","12,797","1,367"
SUMATERA UTARA,DELI SERDANG,1212,Bekerja,631,"105,780","13,098"
SUMATERA UTARA,DELI SERDANG,1212,Tidak Bekerja,"83,493","138,109","29,502"
SUMATERA UTARA,LANGKAT,1213,Bekerja,485,"104,597","9,375"
SUMATERA UTARA,LANGKAT,1213,Tidak Bekerja,"89,513","121,443","18,225"
SUMATERA UTARA,NIAS SELATAN,1214,Bekerja,"9,544","97,310","5,231"
SUMATERA UTARA,NIAS SELATAN,1214,Tidak Bekerja,"50,070","24,658","1,850"
SUMATERA UTARA,HUMBANG HASUNDUTAN,1215,Bekerja,"7,643","24,644","3,388"
SUMATERA UTARA,HUMBANG HASUNDUTAN,1215,Tidak Bekerja,"12,472","1,583","1,310"
SUMATERA UTARA,PAKPAK BHARAT,1216,Bekerja,563,"5,139",245
SUMATERA UTARA,PAKPAK BHARAT,1216,Tidak Bekerja,"4,067",947,82
SUMATERA UTARA,SAMOSIR,1217,Bekerja,"5,847","15,271",837
SUMATERA UTARA,SAMOSIR,1217,Tidak Bekerja,"8,069","1,314",473
SUMATERA UTARA,SERDANG BEDAGAI,1218,Bekerja,192,"42,633","4,270"
SUMATERA UTARA,SERDANG BEDAGAI,1218,Tidak Bekerja,"39,080","44,842","7,390"
SUMATERA UTARA,BATU BARA,1219,Bekerja,200,"45,482","4,768"
SUMATERA UTARA,BATU BARA,1219,Tidak Bekerja,"43,162","57,687","9,124"
SUMATERA UTARA,PADANG LAWAS UTARA,1220,Bekerja,619,"21,304",641
SUMATERA UTARA,PADANG LAWAS UTARA,1220,Tidak Bekerja,"18,496","7,844",539
SUMATERA UTARA,PADANG LAWAS,1221,Bekerja,"1,989","30,078","1,407"
SUMATERA UTARA,PADANG LAWAS,1221,Tidak Bekerja,"23,936","14,351","1,198"
SUMATERA UTARA,LABUHAN BATU SELATAN,1222,Bekerja,55,"13,254",669
SUMATERA UTARA,LABUHAN BATU SELATAN,1222,Tidak Bekerja,"12,052","11,161",772
SUMATERA UTARA,LABUHAN BATU UTARA,1223,Bekerja,282,"21,751","2,148"
SUMATERA UTARA,LABUHAN BATU UTARA,1223,Tidak Bekerja,"23,698","25,302","3,505"
SUMATERA UTARA,NIAS UTARA,1224,Bekerja,"1,390","42,228","3,311"
SUMATERA UTARA,NIAS UTARA,1224,Tidak Bekerja,"30,142","18,206","2,595"
SUMATERA UTARA,NIAS BARAT,1225,Bekerja,"1,890","29,997","2,037"
SUMATERA UTARA,NIAS BARAT,1225,Tidak Bekerja,"17,036","8,767","1,618"
SUMATERA UTARA,KOTA SIBOLGA,1271,Bekerja,53,"7,623",441
SUMATERA UTARA,KOTA SIBOLGA,1271,Tidak Bekerja,"7,303","6,930",849
SUMATERA UTARA,KOTA TANJUNG BALAI,1272,Bekerja,97,"19,090","1,492"
SUMATERA UTARA,KOTA TANJUNG BALAI,1272,Tidak Bekerja,"16,848","22,231","2,295"
SUMATERA UTARA,KOTA PEMATANG SIANTAR,1273,Bekerja,63,"23,361","2,548"
SUMATERA UTARA,KOTA PEMATANG SIANTAR,1273,Tidak Bekerja,"16,218","20,721","3,525"
SUMATERA UTARA,KOTA TEBING TINGGI,1274,Bekerja,61,"13,170","1,334"
SUMATERA UTARA,KOTA TEBING TINGGI,1274,Tidak Bekerja,"10,331","13,306","2,206"
SUMATERA UTARA,KOTA MEDAN,1275,Bekerja,293,"140,308","11,516"
SUMATERA UTARA,KOTA MEDAN,1275,Tidak Bekerja,"107,629","151,895","21,293"
SUMATERA UTARA,KOTA BINJAI,1276,Bekerja,38,"19,690","1,871"
SUMATERA UTARA,KOTA BINJAI,1276,Tidak Bekerja,"13,207","19,289","3,382"
SUMATERA UTARA,KOTA PADANGSIDIMPUAN,1277,Bekerja,179,"15,896","1,361"
SUMATERA UTARA,KOTA PADANGSIDIMPUAN,1277,Tidak Bekerja,"11,956","10,940","1,506"
SUMATERA UTARA,KOTA GUNUNGSITOLI,1278,Bekerja,375,"24,151","1,918"
SUMATERA UTARA,KOTA GUNUNGSITOLI,1278,Tidak Bekerja,"18,950","13,140","2,448"
SUMATERA BARAT,KEPULAUAN MENTAWAI,1301,Bekerja,309,"16,254",570
SUMATERA BARAT,KEPULAUAN MENTAWAI,1301,Tidak Bekerja,"12,542","6,075",208
SUMATERA BARAT,PESISIR SELATAN,1302,Bekerja,263,"45,367","4,841"
SUMATERA BARAT,PESISIR SELATAN,1302,Tidak Bekerja,"43,362","62,465","7,970"
SUMATERA BARAT,SOLOK,1303,Bekerja,553,"48,358","4,511"
SUMATERA BARAT,SOLOK,1303,Tidak Bekerja,"33,732","32,335","4,188"
SUMATERA BARAT,SIJUNJUNG,1304,Bekerja,83,"14,719","1,625"
SUMATERA BARAT,SIJUNJUNG,1304,Tidak Bekerja,"13,500","13,196","2,518"
SUMATERA BARAT,TANAH DATAR,1305,Bekerja,277,"27,325","3,388"
SUMATERA BARAT,TANAH DATAR,1305,Tidak Bekerja,"21,880","19,983","4,827"
SUMATERA BARAT,PADANG PARIAMAN,1306,Bekerja,331,"28,725","5,067"
SUMATERA BARAT,PADANG PARIAMAN,1306,Tidak Bekerja,"33,067","39,708","9,584"
SUMATERA BARAT,AGAM,1307,Bekerja,135,"28,068","4,396"
SUMATERA BARAT,AGAM,1307,Tidak Bekerja,"25,020","21,903","5,693"
SUMATERA BARAT,LIMA PULUH KOTA,1308,Bekerja,257,"42,172","6,687"
SUMATERA BARAT,LIMA PULUH KOTA,1308,Tidak Bekerja,"28,592","26,180","8,263"
SUMATERA BARAT,PASAMAN,1309,Bekerja,250,"39,919","3,803"
SUMATERA BARAT,PASAMAN,1309,Tidak Bekerja,"30,047","24,611","3,217"
SUMATERA BARAT,SOLOK SELATAN,1310,Bekerja,71,"14,249","1,272"
SUMATERA BARAT,SOLOK SELATAN,1310,Tidak Bekerja,"11,394","12,454","1,389"
SUMATERA BARAT,DHARMASRAYA,1311,Bekerja,56,"9,641",955
SUMATERA BARAT,DHARMASRAYA,1311,Tidak Bekerja,"7,522","6,905","1,463"
SUMATERA BARAT,PASAMAN BARAT,1312,Bekerja,282,"53,540","5,223"
SUMATERA BARAT,PASAMAN BARAT,1312,Tidak Bekerja,"40,174","43,126","5,984"
SUMATERA BARAT,KOTA PADANG,1371,Bekerja,187,"51,794","4,540"
SUMATERA BARAT,KOTA PADANG,1371,Tidak Bekerja,"46,728","69,050","9,905"
SUMATERA BARAT,KOTA SOLOK,1372,Bekerja,23,"3,469",251
SUMATERA BARAT,KOTA SOLOK,1372,Tidak Bekerja,"2,935","3,173",371
SUMATERA BARAT,KOTA SAWAH LUNTO,1373,Bekerja,27,"2,229",339
SUMATERA BARAT,KOTA SAWAH LUNTO,1373,Tidak Bekerja,"1,610","1,273",430
SUMATERA BARAT,KOTA PADANG PANJANG,1374,Bekerja,30,"2,883",347
SUMATERA BARAT,KOTA PADANG PANJANG,1374,Tidak Bekerja,"2,275","1,608",474
SUMATERA BARAT,KOTA BUKITTINGGI,1375,Bekerja,27,"5,446",468
SUMATERA BARAT,KOTA BUKITTINGGI,1375,Tidak Bekerja,"4,329","4,276",773
SUMATERA BARAT,KOTA PAYAKUMBUH,1376,Bekerja,92,"9,942",993
SUMATERA BARAT,KOTA PAYAKUMBUH,1376,Tidak Bekerja,"7,210","6,575","1,647"
SUMATERA BARAT,KOTA PARIAMAN,1377,Bekerja,86,"6,141",693
SUMATERA BARAT,KOTA PARIAMAN,1377,Tidak Bekerja,"5,511","5,551","1,557"
RIAU,KUANTAN SINGINGI,1401,Bekerja,62,"22,446","2,860"
RIAU,KUANTAN SINGINGI,1401,Tidak Bekerja,"15,613","20,665","5,024"
RIAU,INDRAGIRI HULU,1402,Bekerja,261,"46,057","3,772"
RIAU,INDRAGIRI HULU,1402,Tidak Bekerja,"30,708","39,180","5,205"
RIAU,INDRAGIRI HILIR,1403,Bekerja,438,"53,079","4,026"
RIAU,INDRAGIRI HILIR,1403,Tidak Bekerja,"37,437","51,587","5,211"
RIAU,PELALAWAN,1404,Bekerja,61,"25,878","1,786"
RIAU,PELALAWAN,1404,Tidak Bekerja,"19,316","23,089","2,115"
RIAU,S I A K,1405,Bekerja,86,"25,571","1,997"
RIAU,S I A K,1405,Tidak Bekerja,"20,948","28,696","3,214"
RIAU,KAMPAR,1406,Bekerja,325,"68,070","5,260"
RIAU,KAMPAR,1406,Tidak Bekerja,"54,841","77,372","7,891"
RIAU,ROKAN HULU,1407,Bekerja,154,"33,629","3,164"
RIAU,ROKAN HULU,1407,Tidak Bekerja,"25,680","32,895","4,761"
RIAU,BENGKALIS,1408,Bekerja,224,"37,005","3,862"
RIAU,BENGKALIS,1408,Tidak Bekerja,"26,182","33,885","5,905"
RIAU,ROKAN HILIR,1409,Bekerja,225,"56,738","4,717"
RIAU,ROKAN HILIR,1409,Tidak Bekerja,"51,964","73,152","7,015"
RIAU,KEPULAUAN MERANTI,1410,Bekerja,270,"37,304","3,710"
RIAU,KEPULAUAN MERANTI,1410,Tidak Bekerja,"20,638","25,739","4,119"
RIAU,KOTA PEKANBARU,1471,Bekerja,141,"35,557","2,013"
RIAU,KOTA PEKANBARU,1471,Tidak Bekerja,"32,188","32,598","3,858"
RIAU,KOTA DUMAI,1473,Bekerja,39,"19,309","1,433"
RIAU,KOTA DUMAI,1473,Tidak Bekerja,"16,853","21,908","3,035"
JAMBI,KERINCI,1501,Bekerja,133,"31,572","5,592"
JAMBI,KERINCI,1501,Tidak Bekerja,"15,530","21,077","7,009"
JAMBI,MERANGIN,1502,Bekerja,143,"31,499","3,001"
JAMBI,MERANGIN,1502,Tidak Bekerja,"17,902","21,178","3,630"
JAMBI,SAROLANGUN,1503,Bekerja,106,"28,580","2,967"
JAMBI,SAROLANGUN,1503,Tidak Bekerja,"19,113","22,755","3,829"
JAMBI,BATANG HARI,1504,Bekerja,88,"26,963","2,661"
JAMBI,BATANG HARI,1504,Tidak Bekerja,"17,714","24,244","3,705"
JAMBI,MUARO JAMBI,1505,Bekerja,168,"24,662","1,697"
JAMBI,MUARO JAMBI,1505,Tidak Bekerja,"16,628","20,651","2,348"
JAMBI,TANJUNG JABUNG TIMUR,1506,Bekerja,376,"25,193","3,342"
JAMBI,TANJUNG JABUNG TIMUR,1506,Tidak Bekerja,"12,503","14,253","3,217"
JAMBI,TANJUNG JABUNG BARAT,1507,Bekerja,501,"38,047","3,626"
JAMBI,TANJUNG JABUNG BARAT,1507,Tidak Bekerja,"20,203","22,710","3,455"
JAMBI,TEBO,1508,Bekerja,136,"27,648","2,831"
JAMBI,TEBO,1508,Tidak Bekerja,"15,190","18,677","4,348"
JAMBI,BUNGO,1509,Bekerja,68,"21,851","2,109"
JAMBI,BUNGO,1509,Tidak Bekerja,"16,032","17,994","3,687"
JAMBI,KOTA JAMBI,1571,Bekerja,123,"44,312","3,408"
JAMBI,KOTA JAMBI,1571,Tidak Bekerja,"26,890","41,480","6,638"
JAMBI,KOTA SUNGAI PENUH,1572,Bekerja,40,"6,259","1,105"
JAMBI,KOTA SUNGAI PENUH,1572,Tidak Bekerja,"3,935","5,924","1,565"
SUMATERA SELATAN,OGAN KOMERING ULU,1601,Bekerja,177,"35,013","3,850"
SUMATERA SELATAN,OGAN KOMERING ULU,1601,Tidak Bekerja,"18,872","24,191","4,316"
SUMATERA SELATAN,OGAN KOMERING ILIR,1602,Bekerja,793,"104,964","12,047"
SUMATERA SELATAN,OGAN KOMERING ILIR,1602,Tidak Bekerja,"56,898","65,289","10,614"
SUMATERA SELATAN,MUARA ENIM,1603,Bekerja,617,"86,919","9,041"
SUMATERA SELATAN,MUARA ENIM,1603,Tidak Bekerja,"48,030","46,246","8,390"
SUMATERA SELATAN,LAHAT,1604,Bekerja,288,"58,361","6,915"
SUMATERA SELATAN,LAHAT,1604,Tidak Bekerja,"31,044","31,116","5,698"
SUMATERA SELATAN,MUSI RAWAS,1605,Bekerja,226,"62,908","7,337"
SUMATERA SELATAN,MUSI RAWAS,1605,Tidak Bekerja,"30,575","32,568","6,360"
SUMATERA SELATAN,MUSI BANYUASIN,1606,Bekerja,364,"79,687","9,052"
SUMATERA SELATAN,MUSI BANYUASIN,1606,Tidak Bekerja,"41,326","46,270","8,378"
SUMATERA SELATAN,BANYU ASIN,1607,Bekerja,944,"115,836","12,843"
SUMATERA SELATAN,BANYU ASIN,1607,Tidak Bekerja,"67,787","89,086","14,800"
SUMATERA SELATAN,OGAN KOMERING ULU SELATAN,1608,Bekerja,445,"75,296","7,546"
SUMATERA SELATAN,OGAN KOMERING ULU SELATAN,1608,Tidak Bekerja,"32,644","25,973","3,396"
SUMATERA SELATAN,OGAN KOMERING ULU TIMUR,1609,Bekerja,516,"49,843","3,762"
SUMATERA SELATAN,OGAN KOMERING ULU TIMUR,1609,Tidak Bekerja,"29,409","33,302","5,317"
SUMATERA SELATAN,OGAN ILIR,1610,Bekerja,566,"72,073","8,909"
SUMATERA SELATAN,OGAN ILIR,1610,Tidak Bekerja,"36,307","37,805","7,887"
SUMATERA SELATAN,EMPAT LAWANG,1611,Bekerja,91,"34,734","4,802"
SUMATERA SELATAN,EMPAT LAWANG,1611,Tidak Bekerja,"17,289","18,246","3,460"
SUMATERA SELATAN,PENUKAL ABAB LEMATANG ILIR,1612,Bekerja,374,"30,671","2,648"
SUMATERA SELATAN,PENUKAL ABAB LEMATANG ILIR,1612,Tidak Bekerja,"17,048","11,918","2,333"
SUMATERA SELATAN,MUSI RAWAS UTARA,1613,Bekerja,105,"26,344","3,016"
SUMATERA SELATAN,MUSI RAWAS UTARA,1613,Tidak Bekerja,"13,815","14,945","2,079"
SUMATERA SELATAN,KOTA PALEMBANG,1671,Bekerja,312,"105,488","9,845"
SUMATERA SELATAN,KOTA PALEMBANG,1671,Tidak Bekerja,"81,788","137,414","21,212"
SUMATERA SELATAN,KOTA PRABUMULIH,1672,Bekerja,78,"16,025","1,450"
SUMATERA SELATAN,KOTA PRABUMULIH,1672,Tidak Bekerja,"9,562","9,400","1,906"
SUMATERA SELATAN,KOTA PAGAR ALAM,1673,Bekerja,53,"16,146","2,040"
SUMATERA SELATAN,KOTA PAGAR ALAM,1673,Tidak Bekerja,"7,247","6,676","1,508"
SUMATERA SELATAN,KOTA LUBUKLINGGAU,1674,Bekerja,56,"15,136","1,460"
SUMATERA SELATAN,KOTA LUBUKLINGGAU,1674,Tidak Bekerja,"10,429","16,187","1,922"
BENGKULU,BENGKULU SELATAN,1701,Bekerja,92,"19,667","2,829"
BENGKULU,BENGKULU SELATAN,1701,Tidak Bekerja,"9,798","8,292","2,889"
BENGKULU,REJANG LEBONG,1702,Bekerja,334,"43,067","4,761"
BENGKULU,REJANG LEBONG,1702,Tidak Bekerja,"18,051","17,217","3,521"
BENGKULU,BENGKULU UTARA,1703,Bekerja,137,"31,286","2,869"
BENGKULU,BENGKULU UTARA,1703,Tidak Bekerja,"19,170","20,135","3,482"
BENGKULU,KAUR,1704,Bekerja,89,"21,075","2,077"
BENGKULU,KAUR,1704,Tidak Bekerja,"10,643","9,927","2,230"
BENGKULU,SELUMA,1705,Bekerja,206,"30,654","3,316"
BENGKULU,SELUMA,1705,Tidak Bekerja,"15,449","14,222","3,137"
BENGKULU,MUKOMUKO,1706,Bekerja,91,"17,009","1,631"
BENGKULU,MUKOMUKO,1706,Tidak Bekerja,"11,381","14,154","2,586"
BENGKULU,LEBONG,1707,Bekerja,142,"15,887","1,757"
BENGKULU,LEBONG,1707,Tidak Bekerja,"7,752","6,997","1,601"
BENGKULU,KEPAHIANG,1708,Bekerja,131,"18,053","1,909"
BENGKULU,KEPAHIANG,1708,Tidak Bekerja,"7,895","6,509","1,525"
BENGKULU,BENGKULU TENGAH,1709,Bekerja,57,"16,271","1,495"
BENGKULU,BENGKULU TENGAH,1709,Tidak Bekerja,"9,301","11,338","2,153"
BENGKULU,KOTA BENGKULU,1771,Bekerja,110,"28,062","1,954"
BENGKULU,KOTA BENGKULU,1771,Tidak Bekerja,"17,658","24,901","3,215"
LAMPUNG,LAMPUNG BARAT,1801,Bekerja,"1,313","63,264","6,176"
LAMPUNG,LAMPUNG BARAT,1801,Tidak Bekerja,"22,562","16,304","2,651"
LAMPUNG,TANGGAMUS,1802,Bekerja,575,"99,450","12,208"
LAMPUNG,TANGGAMUS,1802,Tidak Bekerja,"52,523","66,656","10,871"
LAMPUNG,LAMPUNG SELATAN,1803,Bekerja,640,"158,529","19,528"
LAMPUNG,LAMPUNG SELATAN,1803,Tidak Bekerja,"94,704","144,204","25,356"
LAMPUNG,LAMPUNG TIMUR,1804,Bekerja,868,"134,201","20,241"
LAMPUNG,LAMPUNG TIMUR,1804,Tidak Bekerja,"71,122","97,961","23,763"
LAMPUNG,LAMPUNG TENGAH,1805,Bekerja,"1,319","160,504","20,362"
LAMPUNG,LAMPUNG TENGAH,1805,Tidak Bekerja,"78,619","105,349","24,686"
LAMPUNG,LAMPUNG UTARA,1806,Bekerja,426,"94,480","10,833"
LAMPUNG,LAMPUNG UTARA,1806,Tidak Bekerja,"57,715","79,897","12,157"
LAMPUNG,WAY KANAN,1807,Bekerja,365,"67,347","8,145"
LAMPUNG,WAY KANAN,1807,Tidak Bekerja,"34,070","41,493","7,029"
LAMPUNG,TULANGBAWANG,1808,Bekerja,333,"52,406","5,863"
LAMPUNG,TULANGBAWANG,1808,Tidak Bekerja,"30,718","44,243","7,281"
LAMPUNG,PESAWARAN,1809,Bekerja,222,"75,477","9,561"
LAMPUNG,PESAWARAN,1809,Tidak Bekerja,"44,679","71,029","11,620"
LAMPUNG,PRINGSEWU,1810,Bekerja,196,"45,351","5,129"
LAMPUNG,PRINGSEWU,1810,Tidak Bekerja,"26,251","39,690","8,131"
LAMPUNG,MESUJI,1811,Bekerja,208,"28,373","3,482"
LAMPUNG,MESUJI,1811,Tidak Bekerja,"14,305","19,015","4,644"
LAMPUNG,TULANG BAWANG BARAT,1812,Bekerja,180,"29,823","3,626"
LAMPUNG,TULANG BAWANG BARAT,1812,Tidak Bekerja,"15,726","18,322","5,389"
LAMPUNG,PESISIR BARAT,1813,Bekerja,452,"34,106","3,427"
LAMPUNG,PESISIR BARAT,1813,Tidak Bekerja,"17,123","17,475","2,554"
LAMPUNG,KOTA BANDAR LAMPUNG,1871,Bekerja,206,"102,294","8,506"
LAMPUNG,KOTA BANDAR LAMPUNG,1871,Tidak Bekerja,"65,583","113,146","16,024"
LAMPUNG,KOTA METRO,1872,Bekerja,30,"11,563","1,111"
LAMPUNG,KOTA METRO,1872,Tidak Bekerja,"6,052","9,890","2,156"
KEPULAUAN BANGKA BELITUNG,BANGKA,1901,Bekerja,124,"18,265","2,209"
KEPULAUAN BANGKA BELITUNG,BANGKA,1901,Tidak Bekerja,"9,833","12,371","5,217"
KEPULAUAN BANGKA BELITUNG,BELITUNG,1902,Bekerja,39,"10,644","1,904"
KEPULAUAN BANGKA BELITUNG,BELITUNG,1902,Tidak Bekerja,"4,675","8,008","4,266"
KEPULAUAN BANGKA BELITUNG,BANGKA BARAT,1903,Bekerja,107,"8,514",783
KEPULAUAN BANGKA BELITUNG,BANGKA BARAT,1903,Tidak Bekerja,"5,874","5,813","1,511"
KEPULAUAN BANGKA BELITUNG,BANGKA TENGAH,1904,Bekerja,72,"12,006","1,352"
KEPULAUAN BANGKA BELITUNG,BANGKA TENGAH,1904,Tidak Bekerja,"7,198","9,852","3,051"
KEPULAUAN BANGKA BELITUNG,BANGKA SELATAN,1905,Bekerja,77,"9,251","1,218"
KEPULAUAN BANGKA BELITUNG,BANGKA SELATAN,1905,Tidak Bekerja,"5,104","7,533","2,550"
KEPULAUAN BANGKA BELITUNG,BELITUNG TIMUR,1906,Bekerja,41,"8,227","1,744"
KEPULAUAN BANGKA BELITUNG,BELITUNG TIMUR,1906,Tidak Bekerja,"3,756","5,961","3,580"
KEPULAUAN BANGKA BELITUNG,KOTA PANGKAL PINANG,1971,Bekerja,24,"9,543",879
KEPULAUAN BANGKA BELITUNG,KOTA PANGKAL PINANG,1971,Tidak Bekerja,"5,657","9,777","2,944"
KEPULAUAN RIAU,KARIMUN,2101,Bekerja,84,"16,845","2,021"
KEPULAUAN RIAU,KARIMUN,2101,Tidak Bekerja,"9,991","16,532","3,753"
KEPULAUAN RIAU,BINTAN,2102,Bekerja,22,"7,828",414
KEPULAUAN RIAU,BINTAN,2102,Tidak Bekerja,"6,719","8,642","1,029"
KEPULAUAN RIAU,NATUNA,2103,Bekerja,8,"2,353",248
KEPULAUAN RIAU,NATUNA,2103,Tidak Bekerja,"2,573","3,977",659
KEPULAUAN RIAU,LINGGA,2104,Bekerja,20,"7,388","1,127"
KEPULAUAN RIAU,LINGGA,2104,Tidak Bekerja,"4,699","8,046","2,266"
KEPULAUAN RIAU,KEPULAUAN ANAMBAS,2105,Bekerja,2,966,54
KEPULAUAN RIAU,KEPULAUAN ANAMBAS,2105,Tidak Bekerja,"1,068","1,153",145
KEPULAUAN RIAU,KOTA BATAM,2171,Bekerja,62,"41,667","2,028"
KEPULAUAN RIAU,KOTA BATAM,2171,Tidak Bekerja,"43,844","48,874","3,517"
KEPULAUAN RIAU,KOTA TANJUNG PINANG,2172,Bekerja,18,"13,060",888
KEPULAUAN RIAU,KOTA TANJUNG PINANG,2172,Tidak Bekerja,"8,631","11,574","2,118"
DKI JAKARTA,KEPULAUAN SERIBU,3101,Bekerja,5,"2,176",162
DKI JAKARTA,KEPULAUAN SERIBU,3101,Tidak Bekerja,"1,398","2,499",399
DKI JAKARTA,KOTA JAKARTA SELATAN,3171,Bekerja,70,"45,812","3,138"
DKI JAKARTA,KOTA JAKARTA SELATAN,3171,Tidak Bekerja,"31,443","46,488","8,482"
DKI JAKARTA,KOTA JAKARTA TIMUR,3172,Bekerja,97,"74,990","5,588"
DKI JAKARTA,KOTA JAKARTA TIMUR,3172,Tidak Bekerja,"51,179","90,156","16,317"
DKI JAKARTA,KOTA JAKARTA PUSAT,3173,Bekerja,68,"41,907","3,551"
DKI JAKARTA,KOTA JAKARTA PUSAT,3173,Tidak Bekerja,"23,572","41,463","9,550"
DKI JAKARTA,KOTA JAKARTA BARAT,3174,Bekerja,108,"65,496","4,178"
DKI JAKARTA,KOTA JAKARTA BARAT,3174,Tidak Bekerja,"42,258","69,001","12,303"
DKI JAKARTA,KOTA JAKARTA UTARA,3175,Bekerja,185,"87,726","5,429"
DKI JAKARTA,KOTA JAKARTA UTARA,3175,Tidak Bekerja,"55,834","90,455","12,421"
JAWA BARAT,BOGOR,3201,Bekerja,912,"325,732","38,037"
JAWA BARAT,BOGOR,3201,Tidak Bekerja,"257,714","456,513","79,845"
JAWA BARAT,SUKABUMI,3202,Bekerja,470,"221,359","30,851"
JAWA BARAT,SUKABUMI,3202,Tidak Bekerja,"196,354","318,534","49,873"
JAWA BARAT,CIANJUR,3203,Bekerja,648,"265,393","39,785"
JAWA BARAT,CIANJUR,3203,Tidak Bekerja,"205,239","363,134","70,590"
JAWA BARAT,BANDUNG,3204,Bekerja,984,"335,049","35,715"
JAWA BARAT,BANDUNG,3204,Tidak Bekerja,"259,928","400,175","77,226"
JAWA BARAT,GARUT,3205,Bekerja,915,"317,857","40,029"
JAWA BARAT,GARUT,3205,Tidak Bekerja,"274,922","407,498","69,934"
JAWA BARAT,TASIKMALAYA,3206,Bekerja,412,"216,608","35,036"
JAWA BARAT,TASIKMALAYA,3206,Tidak Bekerja,"141,676","211,153","53,897"
JAWA BARAT,CIAMIS,3207,Bekerja,201,"124,664","26,261"
JAWA BARAT,CIAMIS,3207,Tidak Bekerja,"80,542","147,280","51,642"
JAWA BARAT,KUNINGAN,3208,Bekerja,168,"104,429","19,431"
JAWA BARAT,KUNINGAN,3208,Tidak Bekerja,"72,545","135,184","35,673"
JAWA BARAT,CIREBON,3209,Bekerja,403,"263,425","30,494"
JAWA BARAT,CIREBON,3209,Tidak Bekerja,"173,500","359,215","64,419"
JAWA BARAT,MAJALENGKA,3210,Bekerja,269,"137,172","29,958"
JAWA BARAT,MAJALENGKA,3210,Tidak Bekerja,"75,979","124,488","43,148"
JAWA BARAT,SUMEDANG,3211,Bekerja,137,"73,681","18,635"
JAWA BARAT,SUMEDANG,3211,Tidak Bekerja,"52,840","90,207","35,680"
JAWA BARAT,INDRAMAYU,3212,Bekerja,466,"212,987","31,731"
JAWA BARAT,INDRAMAYU,3212,Tidak Bekerja,"125,870","274,997","62,399"
JAWA BARAT,SUBANG,3213,Bekerja,207,"125,101","19,589"
JAWA BARAT,SUBANG,3213,Tidak Bekerja,"86,174","166,201","32,894"
JAWA BARAT,PURWAKARTA,3214,Bekerja,214,"57,492","8,852"
JAWA BARAT,PURWAKARTA,3214,Tidak Bekerja,"46,054","73,848","16,793"
JAWA BARAT,KARAWANG,3215,Bekerja,489,"198,410","30,220"
JAWA BARAT,KARAWANG,3215,Tidak Bekerja,"134,418","290,051","52,052"
JAWA BARAT,BEKASI,3216,Bekerja,237,"157,890","19,686"
JAWA BARAT,BEKASI,3216,Tidak Bekerja,"102,979","215,792","36,972"
JAWA BARAT,BANDUNG BARAT,3217,Bekerja,223,"124,207","16,973"
JAWA BARAT,BANDUNG BARAT,3217,Tidak Bekerja,"102,429","174,919","39,217"
JAWA BARAT,PANGANDARAN,3218,Bekerja,167,"42,864","9,150"
JAWA BARAT,PANGANDARAN,3218,Tidak Bekerja,"21,148","30,888","12,232"
JAWA BARAT,KOTA BOGOR,3271,Bekerja,153,"81,541","6,823"
JAWA BARAT,KOTA BOGOR,3271,Tidak Bekerja,"53,061","96,963","16,127"
JAWA BARAT,KOTA SUKABUMI,3272,Bekerja,42,"24,098","3,055"
JAWA BARAT,KOTA SUKABUMI,3272,Tidak Bekerja,"17,320","30,586","7,295"
JAWA BARAT,KOTA BANDUNG,3273,Bekerja,202,"123,973","11,301"
JAWA BARAT,KOTA BANDUNG,3273,Tidak Bekerja,"85,997","147,495","30,325"
JAWA BARAT,KOTA CIREBON,3274,Bekerja,83,"29,806","2,479"
JAWA BARAT,KOTA CIREBON,3274,Tidak Bekerja,"19,184","33,476","7,057"
JAWA BARAT,KOTA BEKASI,3275,Bekerja,162,"110,393","7,995"
JAWA BARAT,KOTA BEKASI,3275,Tidak Bekerja,"67,671","135,316","21,007"
JAWA BARAT,KOTA DEPOK,3276,Bekerja,148,"92,426","6,955"
JAWA BARAT,KOTA DEPOK,3276,Tidak Bekerja,"51,845","100,128","21,005"
JAWA BARAT,KOTA CIMAHI,3277,Bekerja,34,"26,069","2,155"
JAWA BARAT,KOTA CIMAHI,3277,Tidak Bekerja,"20,971","31,528","6,423"
JAWA BARAT,KOTA TASIKMALAYA,3278,Bekerja,214,"80,526","9,364"
JAWA BARAT,KOTA TASIKMALAYA,3278,Tidak Bekerja,"50,600","72,376","15,825"
JAWA BARAT,KOTA BANJAR,3279,Bekerja,19,"9,886","1,656"
JAWA BARAT,KOTA BANJAR,3279,Tidak Bekerja,"7,082","12,067","4,552"
JAWA TENGAH,CILACAP,3301,Bekerja,797,"233,802","42,225"
JAWA TENGAH,CILACAP,3301,Tidak Bekerja,"130,214","204,635","59,955"
JAWA TENGAH,BANYUMAS,3302,Bekerja,550,"268,918","51,769"
JAWA TENGAH,BANYUMAS,3302,Tidak Bekerja,"136,505","215,903","62,348"
JAWA TENGAH,PURBALINGGA,3303,Bekerja,570,"173,169","29,007"
JAWA TENGAH,PURBALINGGA,3303,Tidak Bekerja,"81,903","105,115","34,952"
JAWA TENGAH,BANJARNEGARA,3304,Bekerja,533,"137,152","25,353"
JAWA TENGAH,BANJARNEGARA,3304,Tidak Bekerja,"62,924","97,394","29,772"
JAWA TENGAH,KEBUMEN,3305,Bekerja,"1,296","214,913","38,430"
JAWA TENGAH,KEBUMEN,3305,Tidak Bekerja,"104,631","139,441","41,667"
JAWA TENGAH,PURWOREJO,3306,Bekerja,361,"101,027","20,886"
JAWA TENGAH,PURWOREJO,3306,Tidak Bekerja,"44,653","55,750","21,935"
JAWA TENGAH,WONOSOBO,3307,Bekerja,877,"119,310","25,032"
JAWA TENGAH,WONOSOBO,3307,Tidak Bekerja,"51,331","57,929","20,390"
JAWA TENGAH,MAGELANG,3308,Bekerja,"1,028","237,232","39,314"
JAWA TENGAH,MAGELANG,3308,Tidak Bekerja,"92,618","112,083","32,060"
JAWA TENGAH,BOYOLALI,3309,Bekerja,572,"125,132","32,901"
JAWA TENGAH,BOYOLALI,3309,Tidak Bekerja,"49,678","52,122","25,994"
JAWA TENGAH,KLATEN,3310,Bekerja,298,"197,880","41,371"
JAWA TENGAH,KLATEN,3310,Tidak Bekerja,"85,116","126,738","51,232"
JAWA TENGAH,SUKOHARJO,3311,Bekerja,167,"113,115","20,168"
JAWA TENGAH,SUKOHARJO,3311,Tidak Bekerja,"43,568","60,766","30,176"
JAWA TENGAH,WONOGIRI,3312,Bekerja,437,"128,738","41,785"
JAWA TENGAH,WONOGIRI,3312,Tidak Bekerja,"41,836","53,351","28,198"
JAWA TENGAH,KARANGANYAR,3313,Bekerja,172,"106,686","19,421"
JAWA TENGAH,KARANGANYAR,3313,Tidak Bekerja,"42,450","57,018","26,517"
JAWA TENGAH,SRAGEN,3314,Bekerja,336,"93,192","22,973"
JAWA TENGAH,SRAGEN,3314,Tidak Bekerja,"41,092","50,104","27,783"
JAWA TENGAH,GROBOGAN,3315,Bekerja,"1,509","228,508","45,704"
JAWA TENGAH,GROBOGAN,3315,Tidak Bekerja,"93,877","117,889","43,473"
JAWA TENGAH,BLORA,3316,Bekerja,959,"149,648","30,621"
JAWA TENGAH,BLORA,3316,Tidak Bekerja,"51,821","62,945","24,636"
JAWA TENGAH,REMBANG,3317,Bekerja,214,"124,381","18,759"
JAWA TENGAH,REMBANG,3317,Tidak Bekerja,"48,950","76,619","21,046"
JAWA TENGAH,PATI,3318,Bekerja,386,"202,578","36,628"
JAWA TENGAH,PATI,3318,Tidak Bekerja,"78,722","148,770","56,795"
JAWA TENGAH,KUDUS,3319,Bekerja,234,"94,045","8,592"
JAWA TENGAH,KUDUS,3319,Tidak Bekerja,"34,176","43,285","18,352"
JAWA TENGAH,JEPARA,3320,Bekerja,399,"191,722","27,080"
JAWA TENGAH,JEPARA,3320,Tidak Bekerja,"87,643","126,025","40,816"
JAWA TENGAH,DEMAK,3321,Bekerja,241,"186,926","24,818"
JAWA TENGAH,DEMAK,3321,Tidak Bekerja,"89,314","138,418","34,506"
JAWA TENGAH,SEMARANG,3322,Bekerja,271,"101,947","21,820"
JAWA TENGAH,SEMARANG,3322,Tidak Bekerja,"40,013","45,217","20,504"
JAWA TENGAH,TEMANGGUNG,3323,Bekerja,347,"129,185","22,323"
JAWA TENGAH,TEMANGGUNG,3323,Tidak Bekerja,"48,108","52,512","17,662"
JAWA TENGAH,KENDAL,3324,Bekerja,192,"117,679","18,754"
JAWA TENGAH,KENDAL,3324,Tidak Bekerja,"49,717","83,813","28,169"
JAWA TENGAH,BATANG,3325,Bekerja,249,"105,945","15,832"
JAWA TENGAH,BATANG,3325,Tidak Bekerja,"48,280","74,335","19,478"
JAWA TENGAH,PEKALONGAN,3326,Bekerja,684,"182,370","19,887"
JAWA TENGAH,PEKALONGAN,3326,Tidak Bekerja,"80,697","113,939","26,821"
JAWA TENGAH,PEMALANG,3327,Bekerja,675,"240,355","33,282"
JAWA TENGAH,PEMALANG,3327,Tidak Bekerja,"125,738","203,056","44,142"
JAWA TENGAH,TEGAL,3328,Bekerja,508,"226,299","28,509"
JAWA TENGAH,TEGAL,3328,Tidak Bekerja,"120,303","198,256","48,284"
JAWA TENGAH,BREBES,3329,Bekerja,"1,163","372,800","51,902"
JAWA TENGAH,BREBES,3329,Tidak Bekerja,"180,377","297,474","59,198"
JAWA TENGAH,KOTA MAGELANG,3371,Bekerja,9,"12,290","1,745"
JAWA TENGAH,KOTA MAGELANG,3371,Tidak Bekerja,"5,380","8,898","2,651"
JAWA TENGAH,KOTA SURAKARTA,3372,Bekerja,123,"57,141","6,718"
JAWA TENGAH,KOTA SURAKARTA,3372,Tidak Bekerja,"24,244","33,126","10,469"
JAWA TENGAH,KOTA SALATIGA,3373,Bekerja,32,"12,914","2,091"
JAWA TENGAH,KOTA SALATIGA,3373,Tidak Bekerja,"5,520","6,695","2,763"
JAWA TENGAH,KOTA SEMARANG,3374,Bekerja,204,"104,006","11,871"
JAWA TENGAH,KOTA SEMARANG,3374,Tidak Bekerja,"45,906","66,492","22,471"
JAWA TENGAH,KOTA PEKALONGAN,3375,Bekerja,161,"49,557","3,536"
JAWA TENGAH,KOTA PEKALONGAN,3375,Tidak Bekerja,"20,859","28,070","6,738"
JAWA TENGAH,KOTA TEGAL,3376,Bekerja,132,"31,057","2,774"
JAWA TENGAH,KOTA TEGAL,3376,Tidak Bekerja,"15,184","22,446","5,795"
DI YOGYAKARTA,KULON PROGO,3401,Bekerja,223,"55,710","20,362"
DI YOGYAKARTA,KULON PROGO,3401,Tidak Bekerja,"20,479","19,594","12,684"
DI YOGYAKARTA,BANTUL,3402,Bekerja,270,"127,884","29,617"
DI YOGYAKARTA,BANTUL,3402,Tidak Bekerja,"48,504","57,613","31,341"
DI YOGYAKARTA,GUNUNG KIDUL,3403,Bekerja,746,"140,357","55,644"
DI YOGYAKARTA,GUNUNG KIDUL,3403,Tidak Bekerja,"43,253","45,476","26,165"
DI YOGYAKARTA,SLEMAN,3404,Bekerja,225,"134,821","28,292"
DI YOGYAKARTA,SLEMAN,3404,Tidak Bekerja,"51,402","64,195","26,543"
DI YOGYAKARTA,KOTA YOGYAKARTA,3471,Bekerja,60,"34,811","5,278"
DI YOGYAKARTA,KOTA YOGYAKARTA,3471,Tidak Bekerja,"14,334","18,874","7,025"
JAWA TIMUR,PACITAN,3501,Bekerja,"1,003","79,425","26,807"
JAWA TIMUR,PACITAN,3501,Tidak Bekerja,"21,030","17,738","12,361"
JAWA TIMUR,PONOROGO,3502,Bekerja,400,"139,175","39,809"
JAWA TIMUR,PONOROGO,3502,Tidak Bekerja,"40,945","67,518","33,039"
JAWA TIMUR,TRENGGALEK,3503,Bekerja,415,"111,113","29,185"
JAWA TIMUR,TRENGGALEK,3503,Tidak Bekerja,"34,866","51,191","22,728"
JAWA TIMUR,TULUNGAGUNG,3504,Bekerja,286,"116,546","28,159"
JAWA TIMUR,TULUNGAGUNG,3504,Tidak Bekerja,"41,052","62,452","33,402"
JAWA TIMUR,BLITAR,3505,Bekerja,393,"119,603","29,631"
JAWA TIMUR,BLITAR,3505,Tidak Bekerja,"48,379","80,879","37,229"
JAWA TIMUR,KEDIRI,3506,Bekerja,468,"173,386","33,573"
JAWA TIMUR,KEDIRI,3506,Tidak Bekerja,"78,168","122,839","49,509"
JAWA TIMUR,MALANG,3507,Bekerja,792,"257,136","51,907"
JAWA TIMUR,MALANG,3507,Tidak Bekerja,"103,867","166,304","61,517"
JAWA TIMUR,LUMAJANG,3508,Bekerja,540,"173,378","35,940"
JAWA TIMUR,LUMAJANG,3508,Tidak Bekerja,"61,480","102,199","31,539"
JAWA TIMUR,JEMBER,3509,Bekerja,687,"307,714","74,514"
JAWA TIMUR,JEMBER,3509,Tidak Bekerja,"146,869","260,504","65,433"
JAWA TIMUR,BANYUWANGI,3510,Bekerja,596,"189,884","51,742"
JAWA TIMUR,BANYUWANGI,3510,Tidak Bekerja,"75,985","115,050","51,500"
JAWA TIMUR,BONDOWOSO,3511,Bekerja,812,"170,296","46,563"
JAWA TIMUR,BONDOWOSO,3511,Tidak Bekerja,"63,953","97,439","22,503"
JAWA TIMUR,SITUBONDO,3512,Bekerja,203,"103,592","34,152"
JAWA TIMUR,SITUBONDO,3512,Tidak Bekerja,"36,595","64,810","17,686"
JAWA TIMUR,PROBOLINGGO,3513,Bekerja,733,"225,693","45,110"
JAWA TIMUR,PROBOLINGGO,3513,Tidak Bekerja,"90,347","147,466","32,666"
JAWA TIMUR,PASURUAN,3514,Bekerja,487,"222,530","33,537"
JAWA TIMUR,PASURUAN,3514,Tidak Bekerja,"96,692","192,852","41,004"
JAWA TIMUR,SIDOARJO,3515,Bekerja,101,"138,539","18,003"
JAWA TIMUR,SIDOARJO,3515,Tidak Bekerja,"62,474","122,035","35,890"
JAWA TIMUR,MOJOKERTO,3516,Bekerja,145,"100,484","14,518"
JAWA TIMUR,MOJOKERTO,3516,Tidak Bekerja,"47,037","78,365","23,807"
JAWA TIMUR,JOMBANG,3517,Bekerja,378,"176,569","28,160"
JAWA TIMUR,JOMBANG,3517,Tidak Bekerja,"81,805","131,261","43,798"
JAWA TIMUR,NGANJUK,3518,Bekerja,399,"169,170","30,468"
JAWA TIMUR,NGANJUK,3518,Tidak Bekerja,"72,553","127,388","42,486"
JAWA TIMUR,MADIUN,3519,Bekerja,110,"70,521","19,204"
JAWA TIMUR,MADIUN,3519,Tidak Bekerja,"28,104","49,121","27,010"
JAWA TIMUR,MAGETAN,3520,Bekerja,279,"79,881","22,714"
JAWA TIMUR,MAGETAN,3520,Tidak Bekerja,"25,273","32,789","21,544"
JAWA TIMUR,NGAWI,3521,Bekerja,459,"145,935","33,920"
JAWA TIMUR,NGAWI,3521,Tidak Bekerja,"52,826","80,780","33,718"
JAWA TIMUR,BOJONEGORO,3522,Bekerja,542,"211,890","38,760"
JAWA TIMUR,BOJONEGORO,3522,Tidak Bekerja,"76,892","129,742","43,796"
JAWA TIMUR,TUBAN,3523,Bekerja,350,"159,258","24,823"
JAWA TIMUR,TUBAN,3523,Tidak Bekerja,"62,969","115,104","34,543"
JAWA TIMUR,LAMONGAN,3524,Bekerja,255,"164,984","29,883"
JAWA TIMUR,LAMONGAN,3524,Tidak Bekerja,"63,090","105,541","32,078"
JAWA TIMUR,GRESIK,3525,Bekerja,104,"128,178","16,537"
JAWA TIMUR,GRESIK,3525,Tidak Bekerja,"56,983","102,319","26,349"
JAWA TIMUR,BANGKALAN,3526,Bekerja,"1,793","207,988","40,482"
JAWA TIMUR,BANGKALAN,3526,Tidak Bekerja,"71,194","107,238","18,328"
JAWA TIMUR,SAMPANG,3527,Bekerja,"2,349","250,675","37,106"
JAWA TIMUR,SAMPANG,3527,Tidak Bekerja,"93,149","100,657","15,015"
JAWA TIMUR,PAMEKASAN,3528,Bekerja,"1,150","205,800","30,355"
JAWA TIMUR,PAMEKASAN,3528,Tidak Bekerja,"69,475","99,521","18,074"
JAWA TIMUR,SUMENEP,3529,Bekerja,601,"247,079","60,223"
JAWA TIMUR,SUMENEP,3529,Tidak Bekerja,"71,395","107,481","23,955"
JAWA TIMUR,KOTA KEDIRI,3571,Bekerja,44,"25,261","3,928"
JAWA TIMUR,KOTA KEDIRI,3571,Tidak Bekerja,"11,066","16,748","6,317"
JAWA TIMUR,KOTA BLITAR,3572,Bekerja,28,"9,579","1,748"
JAWA TIMUR,KOTA BLITAR,3572,Tidak Bekerja,"4,253","5,353","2,328"
JAWA TIMUR,KOTA MALANG,3573,Bekerja,83,"41,396","5,682"
JAWA TIMUR,KOTA MALANG,3573,Tidak Bekerja,"18,885","29,334","10,343"
JAWA TIMUR,KOTA PROBOLINGGO,3574,Bekerja,68,"23,004","3,303"
JAWA TIMUR,KOTA PROBOLINGGO,3574,Tidak Bekerja,"10,547","16,498","4,189"
JAWA TIMUR,KOTA PASURUAN,3575,Bekerja,75,"19,371","2,413"
JAWA TIMUR,KOTA PASURUAN,3575,Tidak Bekerja,"8,975","14,027","3,673"
JAWA TIMUR,KOTA MOJOKERTO,3576,Bekerja,13,"9,178","1,286"
JAWA TIMUR,KOTA MOJOKERTO,3576,Tidak Bekerja,"3,833","5,788","1,844"
JAWA TIMUR,KOTA MADIUN,3577,Bekerja,9,"8,682","1,727"
JAWA TIMUR,KOTA MADIUN,3577,Tidak Bekerja,"3,815","6,087","2,464"
JAWA TIMUR,KOTA SURABAYA,3578,Bekerja,250,"182,213","19,962"
JAWA TIMUR,KOTA SURABAYA,3578,Tidak Bekerja,"86,201","163,027","39,245"
JAWA TIMUR,KOTA BATU,3579,Bekerja,88,"17,135","3,238"
JAWA TIMUR,KOTA BATU,3579,Tidak Bekerja,"6,515","7,250","3,210"
BANTEN,PANDEGLANG,3601,Bekerja,524,"144,923","11,717"
BANTEN,PANDEGLANG,3601,Tidak Bekerja,"122,337","165,381","13,081"
BANTEN,LEBAK,3602,Bekerja,365,"128,714","12,549"
BANTEN,LEBAK,3602,Tidak Bekerja,"101,511","149,416","12,856"
BANTEN,TANGERANG,3603,Bekerja,378,"256,821","21,592"
BANTEN,TANGERANG,3603,Tidak Bekerja,"154,686","352,185","51,081"
BANTEN,SERANG,3604,Bekerja,145,"69,527","7,819"
BANTEN,SERANG,3604,Tidak Bekerja,"69,521","113,987","15,143"
BANTEN,KOTA TANGERANG,3671,Bekerja,112,"84,268","5,135"
BANTEN,KOTA TANGERANG,3671,Tidak Bekerja,"50,027","93,552","15,784"
BANTEN,KOTA CILEGON,3672,Bekerja,69,"17,031","1,371"
BANTEN,KOTA CILEGON,3672,Tidak Bekerja,"12,140","22,102","3,716"
BANTEN,KOTA SERANG,3673,Bekerja,129,"26,971","1,759"
BANTEN,KOTA SERANG,3673,Tidak Bekerja,"23,466","38,486","3,430"
BANTEN,KOTA TANGERANG SELATAN,3674,Bekerja,19,"39,562","3,566"
BANTEN,KOTA TANGERANG SELATAN,3674,Tidak Bekerja,"19,478","45,680","10,338"
BALI,JEMBRANA,5101,Bekerja,292,"24,925","3,819"
BALI,JEMBRANA,5101,Tidak Bekerja,"10,738","11,228","4,650"
BALI,TABANAN,5102,Bekerja,430,"57,863","10,038"
BALI,TABANAN,5102,Tidak Bekerja,"16,662","14,010","8,929"
BALI,BADUNG,5103,Bekerja,272,"24,248","4,826"
BALI,BADUNG,5103,Tidak Bekerja,"9,769","7,078","4,495"
BALI,GIANYAR,5104,Bekerja,324,"42,419","7,679"
BALI,GIANYAR,5104,Tidak Bekerja,"17,046","10,989","6,914"
BALI,KLUNGKUNG,5105,Bekerja,382,"17,396","4,798"
BALI,KLUNGKUNG,5105,Tidak Bekerja,"6,482","4,626","2,733"
BALI,BANGLI,5106,Bekerja,"1,136","32,762","5,604"
BALI,BANGLI,5106,Tidak Bekerja,"11,051","6,087","3,082"
BALI,KARANG ASEM,5107,Bekerja,"2,592","63,021","11,704"
BALI,KARANG ASEM,5107,Tidak Bekerja,"26,756","17,915","7,977"
BALI,BULELENG,5108,Bekerja,"2,049","95,812","13,727"
BALI,BULELENG,5108,Tidak Bekerja,"44,889","37,304","13,398"
BALI,KOTA DENPASAR,5171,Bekerja,61,"8,895",812
BALI,KOTA DENPASAR,5171,Tidak Bekerja,"4,956","3,641","1,146"
NUSA TENGGARA BARAT,LOMBOK BARAT,5201,Bekerja,313,"110,876","12,967"
NUSA TENGGARA BARAT,LOMBOK BARAT,5201,Tidak Bekerja,"71,590","106,033","17,911"
NUSA TENGGARA BARAT,LOMBOK TENGAH,5202,Bekerja,992,"150,772","17,860"
NUSA TENGGARA BARAT,LOMBOK TENGAH,5202,Tidak Bekerja,"100,979","159,597","32,424"
NUSA TENGGARA BARAT,LOMBOK TIMUR,5203,Bekerja,"1,259","207,107","23,651"
NUSA TENGGARA BARAT,LOMBOK TIMUR,5203,Tidak Bekerja,"151,226","221,631","39,680"
NUSA TENGGARA BARAT,SUMBAWA,5204,Bekerja,924,"53,465","6,653"
NUSA TENGGARA BARAT,SUMBAWA,5204,Tidak Bekerja,"33,723","41,389","8,979"
NUSA TENGGARA BARAT,DOMPU,5205,Bekerja,812,"33,681","3,800"
NUSA TENGGARA BARAT,DOMPU,5205,Tidak Bekerja,"26,930","33,325","4,732"
NUSA TENGGARA BARAT,BIMA,5206,Bekerja,"1,697","69,566","9,213"
NUSA TENGGARA BARAT,BIMA,5206,Tidak Bekerja,"52,922","62,159","12,364"
NUSA TENGGARA BARAT,SUMBAWA BARAT,5207,Bekerja,133,"16,096","1,854"
NUSA TENGGARA BARAT,SUMBAWA BARAT,5207,Tidak Bekerja,"12,004","17,167","3,230"
NUSA TENGGARA BARAT,LOMBOK UTARA,5208,Bekerja,744,"46,604","4,472"
NUSA TENGGARA BARAT,LOMBOK UTARA,5208,Tidak Bekerja,"25,770","32,907","5,189"
NUSA TENGGARA BARAT,KOTA MATARAM,5271,Bekerja,71,"44,883","3,699"
NUSA TENGGARA BARAT,KOTA MATARAM,5271,Tidak Bekerja,"27,877","42,996","7,487"
NUSA TENGGARA BARAT,KOTA BIMA,5272,Bekerja,257,"18,048","1,584"
NUSA TENGGARA BARAT,KOTA BIMA,5272,Tidak Bekerja,"12,647","18,303","3,018"
NUSA TENGGARA TIMUR,SUMBA BARAT,5301,Bekerja,"1,643","29,683","3,108"
NUSA TENGGARA TIMUR,SUMBA BARAT,5301,Tidak Bekerja,"23,335","15,473","2,888"
NUSA TENGGARA TIMUR,SUMBA TIMUR,5302,Bekerja,"3,617","49,352","5,937"
NUSA TENGGARA TIMUR,SUMBA TIMUR,5302,Tidak Bekerja,"32,245","17,562","3,128"
NUSA TENGGARA TIMUR,KUPANG,5303,Bekerja,"4,243","61,038","7,620"
NUSA TENGGARA TIMUR,KUPANG,5303,Tidak Bekerja,"45,818","35,942","5,034"
NUSA TENGGARA TIMUR,TIMOR TENGAH SELATAN,5304,Bekerja,"7,750","112,807","20,175"
NUSA TENGGARA TIMUR,TIMOR TENGAH SELATAN,5304,Tidak Bekerja,"78,454","53,327","8,440"
NUSA TENGGARA TIMUR,TIMOR TENGAH UTARA,5305,Bekerja,"2,457","51,579","10,578"
NUSA TENGGARA TIMUR,TIMOR TENGAH UTARA,5305,Tidak Bekerja,"32,530","16,229","3,214"
NUSA TENGGARA TIMUR,BELU,5306,Bekerja,973,"29,791","5,112"
NUSA TENGGARA TIMUR,BELU,5306,Tidak Bekerja,"25,148","19,473","2,389"
NUSA TENGGARA TIMUR,ALOR,5307,Bekerja,"2,798","49,091","6,798"
NUSA TENGGARA TIMUR,ALOR,5307,Tidak Bekerja,"29,165","16,219","3,368"
NUSA TENGGARA TIMUR,LEMBATA,5308,Bekerja,544,"21,558","5,533"
NUSA TENGGARA TIMUR,LEMBATA,5308,Tidak Bekerja,"16,245","12,223","4,606"
NUSA TENGGARA TIMUR,FLORES TIMUR,5309,Bekerja,"1,471","36,141","7,335"
NUSA TENGGARA TIMUR,FLORES TIMUR,5309,Tidak Bekerja,"26,677","17,298","5,160"
NUSA TENGGARA TIMUR,SIKKA,5310,Bekerja,"1,073","57,964","11,297"
NUSA TENGGARA TIMUR,SIKKA,5310,Tidak Bekerja,"37,514","27,228","7,041"
NUSA TENGGARA TIMUR,ENDE,5311,Bekerja,"1,041","50,025","8,403"
NUSA TENGGARA TIMUR,ENDE,5311,Tidak Bekerja,"30,559","17,740","5,005"
NUSA TENGGARA TIMUR,NGADA,5312,Bekerja,"1,373","23,287","2,782"
NUSA TENGGARA TIMUR,NGADA,5312,Tidak Bekerja,"14,162","7,871","2,764"
NUSA TENGGARA TIMUR,MANGGARAI,5313,Bekerja,"2,671","71,930","6,774"
NUSA TENGGARA TIMUR,MANGGARAI,5313,Tidak Bekerja,"50,714","24,333","5,383"
NUSA TENGGARA TIMUR,ROTE NDAO,5314,Bekerja,289,"25,957","4,828"
NUSA TENGGARA TIMUR,ROTE NDAO,5314,Tidak Bekerja,"21,555","14,863","3,295"
NUSA TENGGARA TIMUR,MANGGARAI BARAT,5315,Bekerja,"1,697","56,430","5,406"
NUSA TENGGARA TIMUR,MANGGARAI BARAT,5315,Tidak Bekerja,"44,955","27,769","4,241"
NUSA TENGGARA TIMUR,SUMBA TENGAH,5316,Bekerja,"2,373","20,740","2,441"
NUSA TENGGARA TIMUR,SUMBA TENGAH,5316,Tidak Bekerja,"12,168","4,748","1,123"
NUSA TENGGARA TIMUR,SUMBA BARAT DAYA,5317,Bekerja,"9,969","108,556","10,153"
NUSA TENGGARA TIMUR,SUMBA BARAT DAYA,5317,Tidak Bekerja,"69,385","27,786","3,407"
NUSA TENGGARA TIMUR,NAGEKEO,5318,Bekerja,843,"22,496","3,028"
NUSA TENGGARA TIMUR,NAGEKEO,5318,Tidak Bekerja,"14,858","8,212","3,075"
NUSA TENGGARA TIMUR,MANGGARAI TIMUR,5319,Bekerja,"1,636","85,212","7,472"
NUSA TENGGARA TIMUR,MANGGARAI TIMUR,5319,Tidak Bekerja,"50,086","22,685","4,872"
NUSA TENGGARA TIMUR,SABU RAIJUA,5320,Bekerja,540,"20,585","4,145"
NUSA TENGGARA TIMUR,SABU RAIJUA,5320,Tidak Bekerja,"16,704","12,570","2,109"
NUSA TENGGARA TIMUR,MALAKA,5321,Bekerja,946,"38,252","6,613"
NUSA TENGGARA TIMUR,MALAKA,5321,Tidak Bekerja,"28,458","17,889","1,831"
NUSA TENGGARA TIMUR,KOTA KUPANG,5371,Bekerja,228,"23,699","1,695"
NUSA TENGGARA TIMUR,KOTA KUPANG,5371,Tidak Bekerja,"24,394","28,190","2,772"
KALIMANTAN BARAT,SAMBAS,6101,Bekerja,434,"63,680","9,084"
KALIMANTAN BARAT,SAMBAS,6101,Tidak Bekerja,"34,047","30,295","9,367"
KALIMANTAN BARAT,BENGKAYANG,6102,Bekerja,250,"32,357","2,638"
KALIMANTAN BARAT,BENGKAYANG,6102,Tidak Bekerja,"20,652","16,065","2,338"
KALIMANTAN BARAT,LANDAK,6103,Bekerja,"1,073","94,009","8,387"
KALIMANTAN BARAT,LANDAK,6103,Tidak Bekerja,"43,828","35,297","5,447"
KALIMANTAN BARAT,MEMPAWAH,6104,Bekerja,118,"36,424","3,992"
KALIMANTAN BARAT,MEMPAWAH,6104,Tidak Bekerja,"23,744","32,527","5,843"
KALIMANTAN BARAT,SANGGAU,6105,Bekerja,359,"54,610","5,288"
KALIMANTAN BARAT,SANGGAU,6105,Tidak Bekerja,"23,447","22,701","5,020"
KALIMANTAN BARAT,KETAPANG,6106,Bekerja,224,"52,179","4,986"
KALIMANTAN BARAT,KETAPANG,6106,Tidak Bekerja,"27,653","38,924","7,861"
KALIMANTAN BARAT,SINTANG,6107,Bekerja,"1,101","78,494","8,470"
KALIMANTAN BARAT,SINTANG,6107,Tidak Bekerja,"33,792","21,885","4,322"
KALIMANTAN BARAT,KAPUAS HULU,6108,Bekerja,747,"51,562","5,331"
KALIMANTAN BARAT,KAPUAS HULU,6108,Tidak Bekerja,"21,391","15,854","3,565"
KALIMANTAN BARAT,SEKADAU,6109,Bekerja,284,"20,549","1,240"
KALIMANTAN BARAT,SEKADAU,6109,Tidak Bekerja,"10,902","6,841","1,038"
KALIMANTAN BARAT,MELAWI,6110,Bekerja,193,"28,780","2,871"
KALIMANTAN BARAT,MELAWI,6110,Tidak Bekerja,"13,035","11,876","2,408"
KALIMANTAN BARAT,KAYONG UTARA,6111,Bekerja,81,"13,837","1,374"
KALIMANTAN BARAT,KAYONG UTARA,6111,Tidak Bekerja,"9,779","10,461","1,683"
KALIMANTAN BARAT,KUBU RAYA,6112,Bekerja,"1,152","71,549","7,832"
KALIMANTAN BARAT,KUBU RAYA,6112,Tidak Bekerja,"44,486","61,836","8,807"
KALIMANTAN BARAT,KOTA PONTIANAK,6171,Bekerja,70,"28,442","2,219"
KALIMANTAN BARAT,KOTA PONTIANAK,6171,Tidak Bekerja,"19,429","33,141","6,427"
KALIMANTAN BARAT,KOTA SINGKAWANG,6172,Bekerja,117,"20,651","1,773"
KALIMANTAN BARAT,KOTA SINGKAWANG,6172,Tidak Bekerja,"13,794","15,012","3,033"
KALIMANTAN TENGAH,KOTAWARINGIN BARAT,6201,Bekerja,49,"10,397","1,485"
KALIMANTAN TENGAH,KOTAWARINGIN BARAT,6201,Tidak Bekerja,"5,998","9,892","3,586"
KALIMANTAN TENGAH,KOTAWARINGIN TIMUR,6202,Bekerja,224,"35,111","3,324"
KALIMANTAN TENGAH,KOTAWARINGIN TIMUR,6202,Tidak Bekerja,"21,749","29,778","5,740"
KALIMANTAN TENGAH,KAPUAS,6203,Bekerja,373,"45,014","4,289"
KALIMANTAN TENGAH,KAPUAS,6203,Tidak Bekerja,"25,403","28,125","3,758"
KALIMANTAN TENGAH,BARITO SELATAN,6204,Bekerja,82,"8,907","1,170"
KALIMANTAN TENGAH,BARITO SELATAN,6204,Tidak Bekerja,"5,253","6,283","1,609"
KALIMANTAN TENGAH,BARITO UTARA,6205,Bekerja,132,"9,889","1,387"
KALIMANTAN TENGAH,BARITO UTARA,6205,Tidak Bekerja,"4,439","4,623","1,595"
KALIMANTAN TENGAH,SUKAMARA,6206,Bekerja,12,"2,911",345
KALIMANTAN TENGAH,SUKAMARA,6206,Tidak Bekerja,"1,768","2,512",858
KALIMANTAN TENGAH,LAMANDAU,6207,Bekerja,21,"3,875",768
KALIMANTAN TENGAH,LAMANDAU,6207,Tidak Bekerja,"1,959","2,423","1,132"
KALIMANTAN TENGAH,SERUYAN,6208,Bekerja,18,"6,760",836
KALIMANTAN TENGAH,SERUYAN,6208,Tidak Bekerja,"4,154","7,203","2,010"
KALIMANTAN TENGAH,KATINGAN,6209,Bekerja,84,"10,732","1,524"
KALIMANTAN TENGAH,KATINGAN,6209,Tidak Bekerja,"6,297","8,951","2,700"
KALIMANTAN TENGAH,PULANG PISAU,6210,Bekerja,203,"15,821","2,777"
KALIMANTAN TENGAH,PULANG PISAU,6210,Tidak Bekerja,"8,337","8,799","2,357"
KALIMANTAN TENGAH,GUNUNG MAS,6211,Bekerja,71,"2,947",176
KALIMANTAN TENGAH,GUNUNG MAS,6211,Tidak Bekerja,"2,185","1,186",189
KALIMANTAN TENGAH,BARITO TIMUR,6212,Bekerja,233,"7,475","1,073"
KALIMANTAN TENGAH,BARITO TIMUR,6212,Tidak Bekerja,"3,234","2,641","1,183"
KALIMANTAN TENGAH,MURUNG RAYA,6213,Bekerja,154,"9,630",616
KALIMANTAN TENGAH,MURUNG RAYA,6213,Tidak Bekerja,"7,378","5,610",681
KALIMANTAN TENGAH,KOTA PALANGKA RAYA,6271,Bekerja,79,"11,866","1,081"
KALIMANTAN TENGAH,KOTA PALANGKA RAYA,6271,Tidak Bekerja,"8,186","9,965","1,401"
KALIMANTAN SELATAN,TANAH LAUT,6301,Bekerja,89,"18,642","2,157"
KALIMANTAN SELATAN,TANAH LAUT,6301,Tidak Bekerja,"12,680","17,256","3,841"
KALIMANTAN SELATAN,KOTA BARU,6302,Bekerja,196,"17,555","1,672"
KALIMANTAN SELATAN,KOTA BARU,6302,Tidak Bekerja,"13,810","17,619","2,479"
KALIMANTAN SELATAN,BANJAR,6303,Bekerja,272,"33,821","3,426"
KALIMANTAN SELATAN,BANJAR,6303,Tidak Bekerja,"19,066","23,625","3,960"
KALIMANTAN SELATAN,BARITO KUALA,6304,Bekerja,99,"24,333","2,119"
KALIMANTAN SELATAN,BARITO KUALA,6304,Tidak Bekerja,"15,966","20,269","2,354"
KALIMANTAN SELATAN,TAPIN,6305,Bekerja,54,"9,462",962
KALIMANTAN SELATAN,TAPIN,6305,Tidak Bekerja,"5,052","5,394",998
KALIMANTAN SELATAN,HULU SUNGAI SELATAN,6306,Bekerja,159,"25,949","3,462"
KALIMANTAN SELATAN,HULU SUNGAI SELATAN,6306,Tidak Bekerja,"12,661","15,435","4,507"
KALIMANTAN SELATAN,HULU SUNGAI TENGAH,6307,Bekerja,118,"31,735","4,162"
KALIMANTAN SELATAN,HULU SUNGAI TENGAH,6307,Tidak Bekerja,"14,773","18,112","5,394"
KALIMANTAN SELATAN,HULU SUNGAI UTARA,6308,Bekerja,268,"33,438","3,775"
KALIMANTAN SELATAN,HULU SUNGAI UTARA,6308,Tidak Bekerja,"16,184","21,444","5,161"
KALIMANTAN SELATAN,TABALONG,6309,Bekerja,201,"26,872","3,062"
KALIMANTAN SELATAN,TABALONG,6309,Tidak Bekerja,"10,678","12,062","3,928"
KALIMANTAN SELATAN,TANAH BUMBU,6310,Bekerja,110,"17,798","2,343"
KALIMANTAN SELATAN,TANAH BUMBU,6310,Tidak Bekerja,"11,734","16,952","4,938"
KALIMANTAN SELATAN,BALANGAN,6311,Bekerja,80,"11,580",899
KALIMANTAN SELATAN,BALANGAN,6311,Tidak Bekerja,"6,165","4,872",912
KALIMANTAN SELATAN,KOTA BANJARMASIN,6371,Bekerja,151,"42,401","3,745"
KALIMANTAN SELATAN,KOTA BANJARMASIN,6371,Tidak Bekerja,"25,709","44,095","8,405"
KALIMANTAN SELATAN,KOTA BANJAR BARU,6372,Bekerja,35,"12,533","1,170"
KALIMANTAN SELATAN,KOTA BANJAR BARU,6372,Tidak Bekerja,"7,621","11,734","2,116"
KALIMANTAN TIMUR,PASER,6401,Bekerja,49,"24,122","2,656"
KALIMANTAN TIMUR,PASER,6401,Tidak Bekerja,"15,860","24,618","3,618"
KALIMANTAN TIMUR,KUTAI BARAT,6402,Bekerja,95,"13,525","1,938"
KALIMANTAN TIMUR,KUTAI BARAT,6402,Tidak Bekerja,"8,242","10,608","1,952"
KALIMANTAN TIMUR,KUTAI KARTANEGARA,6403,Bekerja,133,"38,689","6,268"
KALIMANTAN TIMUR,KUTAI KARTANEGARA,6403,Tidak Bekerja,"24,813","40,894","9,454"
KALIMANTAN TIMUR,KUTAI TIMUR,6404,Bekerja,113,"25,674","2,817"
KALIMANTAN TIMUR,KUTAI TIMUR,6404,Tidak Bekerja,"17,732","26,990","3,387"
KALIMANTAN TIMUR,BERAU,6405,Bekerja,32,"8,790","1,180"
KALIMANTAN TIMUR,BERAU,6405,Tidak Bekerja,"6,536","8,989","2,079"
KALIMANTAN TIMUR,PENAJAM PASER UTARA,6409,Bekerja,58,"13,039","1,634"
KALIMANTAN TIMUR,PENAJAM PASER UTARA,6409,Tidak Bekerja,"9,903","14,142","2,124"
KALIMANTAN TIMUR,MAHAKAM HULU,6411,Bekerja,41,"3,709",574
KALIMANTAN TIMUR,MAHAKAM HULU,6411,Tidak Bekerja,"1,777","2,058",489
KALIMANTAN TIMUR,KOTA BALIKPAPAN,6471,Bekerja,65,"29,680","2,322"
KALIMANTAN TIMUR,KOTA BALIKPAPAN,6471,Tidak Bekerja,"20,194","32,685","6,018"
KALIMANTAN TIMUR,KOTA SAMARINDA,6472,Bekerja,159,"35,783","3,202"
KALIMANTAN TIMUR,KOTA SAMARINDA,6472,Tidak Bekerja,"21,719","31,954","5,942"
KALIMANTAN TIMUR,KOTA BONTANG,6474,Bekerja,56,"9,375",474
KALIMANTAN TIMUR,KOTA BONTANG,6474,Tidak Bekerja,"7,930","12,605",970
KALIMANTAN UTARA,MALINAU,6501,Bekerja,73,"7,918",990
KALIMANTAN UTARA,MALINAU,6501,Tidak Bekerja,"4,637","4,209",831
KALIMANTAN UTARA,BULUNGAN,6502,Bekerja,89,"7,284","1,121"
KALIMANTAN UTARA,BULUNGAN,6502,Tidak Bekerja,"4,785","5,298","1,388"
KALIMANTAN UTARA,TANA TIDUNG,6503,Bekerja,7,857,101
KALIMANTAN UTARA,TANA TIDUNG,6503,Tidak Bekerja,759,975,159
KALIMANTAN UTARA,NUNUKAN,6504,Bekerja,333,"18,743","1,291"
KALIMANTAN UTARA,NUNUKAN,6504,Tidak Bekerja,"14,717","17,717","1,617"
KALIMANTAN UTARA,KOTA TARAKAN,6571,Bekerja,52,"13,475",971
KALIMANTAN UTARA,KOTA TARAKAN,6571,Tidak Bekerja,"11,053","15,859","2,272"
SULAWESI UTARA,BOLAANG MONGONDOW,7101,Bekerja,187,"31,123","3,310"
SULAWESI UTARA,BOLAANG MONGONDOW,7101,Tidak Bekerja,"23,066","32,926","5,185"
SULAWESI UTARA,MINAHASA,7102,Bekerja,82,"24,259","2,457"
SULAWESI UTARA,MINAHASA,7102,Tidak Bekerja,"19,376","30,482","4,650"
SULAWESI UTARA,KEPULAUAN SANGIHE,7103,Bekerja,88,"13,720","1,574"
SULAWESI UTARA,KEPULAUAN SANGIHE,7103,Tidak Bekerja,"8,158","12,686","2,274"
SULAWESI UTARA,KEPULAUAN TALAUD,7104,Bekerja,218,"13,031","1,666"
SULAWESI UTARA,KEPULAUAN TALAUD,7104,Tidak Bekerja,"7,554","7,292","1,201"
SULAWESI UTARA,MINAHASA SELATAN,7105,Bekerja,142,"28,731","3,239"
SULAWESI UTARA,MINAHASA SELATAN,7105,Tidak Bekerja,"21,060","32,176","5,519"
SULAWESI UTARA,MINAHASA UTARA,7106,Bekerja,65,"19,626","1,895"
SULAWESI UTARA,MINAHASA UTARA,7106,Tidak Bekerja,"14,959","23,699","3,063"
SULAWESI UTARA,BOLAANG MONGONDOW UTARA,7107,Bekerja,45,"7,694",795
SULAWESI UTARA,BOLAANG MONGONDOW UTARA,7107,Tidak Bekerja,"6,967","9,172","1,392"
SULAWESI UTARA,SIAU TAGULANDANG BIARO,7108,Bekerja,24,"3,177",358
SULAWESI UTARA,SIAU TAGULANDANG BIARO,7108,Tidak Bekerja,"2,256","3,331",796
SULAWESI UTARA,MINAHASA TENGGARA,7109,Bekerja,128,"10,868","1,606"
SULAWESI UTARA,MINAHASA TENGGARA,7109,Tidak Bekerja,"8,398","10,222","2,378"
SULAWESI UTARA,BOLAANG MONGONDOW SELATAN,7110,Bekerja,37,"5,938",487
SULAWESI UTARA,BOLAANG MONGONDOW SELATAN,7110,Tidak Bekerja,"6,595","7,557",649
SULAWESI UTARA,BOLAANG MONGONDOW TIMUR,7111,Bekerja,28,"6,318",690
SULAWESI UTARA,BOLAANG MONGONDOW TIMUR,7111,Tidak Bekerja,"4,568","6,223","1,101"
SULAWESI UTARA,KOTA MANADO,7171,Bekerja,48,"19,935","1,830"
SULAWESI UTARA,KOTA MANADO,7171,Tidak Bekerja,"16,765","27,661","4,522"
SULAWESI UTARA,KOTA BITUNG,7172,Bekerja,30,"13,953","1,376"
SULAWESI UTARA,KOTA BITUNG,7172,Tidak Bekerja,"11,654","18,320","3,138"
SULAWESI UTARA,KOTA TOMOHON,7173,Bekerja,33,"8,714","1,369"
SULAWESI UTARA,KOTA TOMOHON,7173,Tidak Bekerja,"5,698","9,253","2,534"
SULAWESI UTARA,KOTAMOBAGU,7174,Bekerja,33,"10,244",975
SULAWESI UTARA,KOTAMOBAGU,7174,Tidak Bekerja,"6,990","10,860","1,655"
SULAWESI TENGAH,BANGGAI KEPULAUAN,7201,Bekerja,450,"16,985","2,272"
SULAWESI TENGAH,BANGGAI KEPULAUAN,7201,Tidak Bekerja,"11,122","10,205","1,926"
SULAWESI TENGAH,BANGGAI,7202,Bekerja,431,"42,745","5,310"
SULAWESI TENGAH,BANGGAI,7202,Tidak Bekerja,"28,864","34,446","7,261"
SULAWESI TENGAH,MOROWALI,7203,Bekerja,65,"10,374","1,164"
SULAWESI TENGAH,MOROWALI,7203,Tidak Bekerja,"8,661","12,765","2,407"
SULAWESI TENGAH,POSO,7204,Bekerja,395,"38,246","4,714"
SULAWESI TENGAH,POSO,7204,Tidak Bekerja,"21,297","20,410","4,437"
SULAWESI TENGAH,DONGGALA,7205,Bekerja,925,"43,775","3,910"
SULAWESI TENGAH,DONGGALA,7205,Tidak Bekerja,"36,647","37,683","4,762"
SULAWESI TENGAH,TOLI-TOLI,7206,Bekerja,296,"22,608","2,067"
SULAWESI TENGAH,TOLI-TOLI,7206,Tidak Bekerja,"21,947","23,675","3,347"
SULAWESI TENGAH,BUOL,7207,Bekerja,97,"16,116","1,472"
SULAWESI TENGAH,BUOL,7207,Tidak Bekerja,"17,323","18,349","2,131"
SULAWESI TENGAH,PARIGI MOUTONG,7208,Bekerja,"1,311","61,853","4,901"
SULAWESI TENGAH,PARIGI MOUTONG,7208,Tidak Bekerja,"47,120","50,037","6,175"
SULAWESI TENGAH,TOJO UNA-UNA,7209,Bekerja,322,"21,345","1,973"
SULAWESI TENGAH,TOJO UNA-UNA,7209,Tidak Bekerja,"16,866","15,718","1,882"
SULAWESI TENGAH,SIGI,7210,Bekerja,719,"35,679","3,032"
SULAWESI TENGAH,SIGI,7210,Tidak Bekerja,"21,710","20,338","2,384"
SULAWESI TENGAH,BANGGAI LAUT,7211,Bekerja,81,"4,750",532
SULAWESI TENGAH,BANGGAI LAUT,7211,Tidak Bekerja,"4,191","4,879",724
SULAWESI TENGAH,MOROWALI UTARA,7212,Bekerja,190,"14,296","1,725"
SULAWESI TENGAH,MOROWALI UTARA,7212,Tidak Bekerja,"9,254","8,238","2,062"
SULAWESI TENGAH,KOTA PALU,7271,Bekerja,102,"18,162","1,596"
SULAWESI TENGAH,KOTA PALU,7271,Tidak Bekerja,"14,328","15,813","2,121"
SULAWESI SELATAN,KEPULAUAN SELAYAR,7301,Bekerja,169,"14,427","2,550"
SULAWESI SELATAN,KEPULAUAN SELAYAR,7301,Tidak Bekerja,"11,207","13,312","3,680"
SULAWESI SELATAN,BULUKUMBA,7302,Bekerja,401,"36,227","5,946"
SULAWESI SELATAN,BULUKUMBA,7302,Tidak Bekerja,"26,606","39,646","10,902"
SULAWESI SELATAN,BANTAENG,7303,Bekerja,534,"21,730","2,561"
SULAWESI SELATAN,BANTAENG,7303,Tidak Bekerja,"13,307","17,698","3,374"
SULAWESI SELATAN,JENEPONTO,7304,Bekerja,"2,180","67,257","7,943"
SULAWESI SELATAN,JENEPONTO,7304,Tidak Bekerja,"40,261","60,000","10,258"
SULAWESI SELATAN,TAKALAR,7305,Bekerja,549,"37,834","2,920"
SULAWESI SELATAN,TAKALAR,7305,Tidak Bekerja,"29,729","49,337","9,524"
SULAWESI SELATAN,GOWA,7306,Bekerja,"1,043","83,594","10,381"
SULAWESI SELATAN,GOWA,7306,Tidak Bekerja,"58,551","83,051","17,657"
SULAWESI SELATAN,SINJAI,7307,Bekerja,891,"27,909","3,746"
SULAWESI SELATAN,SINJAI,7307,Tidak Bekerja,"18,160","20,238","5,972"
SULAWESI SELATAN,MAROS,7308,Bekerja,631,"34,638","3,702"
SULAWESI SELATAN,MAROS,7308,Tidak Bekerja,"28,354","42,144","8,569"
SULAWESI SELATAN,PANGKAJENE DAN KEPULAUAN,7309,Bekerja,431,"34,628","3,344"
SULAWESI SELATAN,PANGKAJENE DAN KEPULAUAN,7309,Tidak Bekerja,"30,679","47,304","8,408"
SULAWESI SELATAN,BARRU,7310,Bekerja,91,"13,147","2,182"
SULAWESI SELATAN,BARRU,7310,Tidak Bekerja,"13,090","22,106","6,228"
SULAWESI SELATAN,BONE,7311,Bekerja,"2,370","102,132","16,330"
SULAWESI SELATAN,BONE,7311,Tidak Bekerja,"63,230","82,608","25,655"
SULAWESI SELATAN,SOPPENG,7312,Bekerja,187,"21,550","4,462"
SULAWESI SELATAN,SOPPENG,7312,Tidak Bekerja,"14,177","23,429","8,140"
SULAWESI SELATAN,WAJO,7313,Bekerja,334,"31,955","3,837"
SULAWESI SELATAN,WAJO,7313,Tidak Bekerja,"22,555","37,671","8,538"
SULAWESI SELATAN,SIDENRENG RAPPANG,7314,Bekerja,148,"20,842","2,668"
SULAWESI SELATAN,SIDENRENG RAPPANG,7314,Tidak Bekerja,"17,704","28,343","7,379"
SULAWESI SELATAN,PINRANG,7315,Bekerja,402,"23,948","3,300"
SULAWESI SELATAN,PINRANG,7315,Tidak Bekerja,"21,301","26,941","7,169"
SULAWESI SELATAN,ENREKANG,7316,Bekerja,"1,475","30,501","5,023"
SULAWESI SELATAN,ENREKANG,7316,Tidak Bekerja,"20,725","15,603","4,266"
SULAWESI SELATAN,LUWU,7317,Bekerja,"1,082","41,856","4,968"
SULAWESI SELATAN,LUWU,7317,Tidak Bekerja,"38,635","41,599","6,597"
SULAWESI SELATAN,TANA TORAJA,7318,Bekerja,"3,873","46,977","6,638"
SULAWESI SELATAN,TANA TORAJA,7318,Tidak Bekerja,"26,001","12,623","3,772"
SULAWESI SELATAN,LUWU UTARA,7322,Bekerja,"1,444","46,835","5,354"
SULAWESI SELATAN,LUWU UTARA,7322,Tidak Bekerja,"30,862","30,313","6,055"
SULAWESI SELATAN,LUWU TIMUR,7325,Bekerja,320,"23,330","2,814"
SULAWESI SELATAN,LUWU TIMUR,7325,Tidak Bekerja,"18,635","20,650","3,844"
SULAWESI SELATAN,TORAJA UTARA,7326,Bekerja,"3,203","39,957","6,387"
SULAWESI SELATAN,TORAJA UTARA,7326,Tidak Bekerja,"27,930","18,705","5,396"
SULAWESI SELATAN,KOTA MAKASSAR,7371,Bekerja,277,"54,807","4,168"
SULAWESI SELATAN,KOTA MAKASSAR,7371,Tidak Bekerja,"59,294","79,193","11,102"
SULAWESI SELATAN,KOTA PAREPARE,7372,Bekerja,94,"8,461",774
SULAWESI SELATAN,KOTA PAREPARE,7372,Tidak Bekerja,"7,657","9,495","1,776"
SULAWESI SELATAN,KOTA PALOPO,7373,Bekerja,40,"7,776",534
SULAWESI SELATAN,KOTA PALOPO,7373,Tidak Bekerja,"9,777","13,523","1,145"
SULAWESI TENGGARA,BUTON,7401,Bekerja,427,"14,172","2,121"
SULAWESI TENGGARA,BUTON,7401,Tidak Bekerja,"13,472","11,793","1,912"
SULAWESI TENGGARA,MUNA,7402,Bekerja,"1,383","34,084","5,350"
SULAWESI TENGGARA,MUNA,7402,Tidak Bekerja,"27,692","23,024","4,134"
SULAWESI TENGGARA,KONAWE,7403,Bekerja,606,"29,664","2,985"
SULAWESI TENGGARA,KONAWE,7403,Tidak Bekerja,"23,125","22,141","3,271"
SULAWESI TENGGARA,KOLAKA,7404,Bekerja,532,"17,963","1,955"
SULAWESI TENGGARA,KOLAKA,7404,Tidak Bekerja,"15,583","13,867","2,136"
SULAWESI TENGGARA,KONAWE SELATAN,7405,Bekerja,538,"32,621","3,666"
SULAWESI TENGGARA,KONAWE SELATAN,7405,Tidak Bekerja,"26,471","22,188","3,188"
SULAWESI TENGGARA,BOMBANA,7406,Bekerja,625,"23,136","2,224"
SULAWESI TENGGARA,BOMBANA,7406,Tidak Bekerja,"16,622","15,825","2,777"
SULAWESI TENGGARA,WAKATOBI,7407,Bekerja,396,"11,042","1,508"
SULAWESI TENGGARA,WAKATOBI,7407,Tidak Bekerja,"8,823","8,233","1,034"
SULAWESI TENGGARA,KOLAKA UTARA,7408,Bekerja,"1,603","30,099","2,078"
SULAWESI TENGGARA,KOLAKA UTARA,7408,Tidak Bekerja,"14,961","13,758","1,517"
SULAWESI TENGGARA,BUTON UTARA,7409,Bekerja,239,"9,645","1,308"
SULAWESI TENGGARA,BUTON UTARA,7409,Tidak Bekerja,"7,859","6,012",939
SULAWESI TENGGARA,KONAWE UTARA,7410,Bekerja,218,"8,984",484
SULAWESI TENGGARA,KONAWE UTARA,7410,Tidak Bekerja,"7,034","6,403",418
SULAWESI TENGGARA,KOLAKA TIMUR,7411,Bekerja,726,"16,107","1,733"
SULAWESI TENGGARA,KOLAKA TIMUR,7411,Tidak Bekerja,"9,103","6,789","1,243"
SULAWESI TENGGARA,KONAWE KEPULAUAN,7412,Bekerja,174,"8,648",770
SULAWESI TENGGARA,KONAWE KEPULAUAN,7412,Tidak Bekerja,"5,731","4,712",625
SULAWESI TENGGARA,MUNA BARAT,7413,Bekerja,705,"17,926","2,504"
SULAWESI TENGGARA,MUNA BARAT,7413,Tidak Bekerja,"11,391","9,136","1,554"
SULAWESI TENGGARA,BUTON TENGAH,7414,Bekerja,406,"13,180","2,650"
SULAWESI TENGGARA,BUTON TENGAH,7414,Tidak Bekerja,"14,673","14,687","3,056"
SULAWESI TENGGARA,BUTON SELATAN,7415,Bekerja,301,"12,147","1,877"
SULAWESI TENGGARA,BUTON SELATAN,7415,Tidak Bekerja,"13,650","12,499","2,139"
SULAWESI TENGGARA,KOTA KENDARI,7471,Bekerja,136,"22,398","1,196"
SULAWESI TENGGARA,KOTA KENDARI,7471,Tidak Bekerja,"20,289","27,644","1,784"
SULAWESI TENGGARA,KOTA BAUBAU,7472,Bekerja,208,"15,213","1,687"
SULAWESI TENGGARA,KOTA BAUBAU,7472,Tidak Bekerja,"14,099","16,726","2,259"
GORONTALO,BOALEMO,7501,Bekerja,95,"19,326","1,825"
GORONTALO,BOALEMO,7501,Tidak Bekerja,"15,022","19,088","2,506"
GORONTALO,GORONTALO,7502,Bekerja,344,"60,980","6,571"
GORONTALO,GORONTALO,7502,Tidak Bekerja,"42,373","59,678","8,248"
GORONTALO,POHUWATO,7503,Bekerja,88,"15,633","1,509"
GORONTALO,POHUWATO,7503,Tidak Bekerja,"12,850","16,204","1,646"
GORONTALO,BONE BOLANGO,7504,Bekerja,78,"16,750","1,868"
GORONTALO,BONE BOLANGO,7504,Tidak Bekerja,"15,034","20,031","2,941"
GORONTALO,GORONTALO UTARA,7505,Bekerja,162,"15,477","1,671"
GORONTALO,GORONTALO UTARA,7505,Tidak Bekerja,"13,020","15,451","1,969"
GORONTALO,KOTA GORONTALO,7571,Bekerja,63,"16,091","1,167"
GORONTALO,KOTA GORONTALO,7571,Tidak Bekerja,"13,584","17,529","2,581"
SULAWESI BARAT,MAJENE,7601,Bekerja,521,"26,010","2,531"
SULAWESI BARAT,MAJENE,7601,Tidak Bekerja,"23,592","22,697","3,368"
SULAWESI BARAT,POLEWALI MANDAR,7602,Bekerja,"1,366","66,036","7,687"
SULAWESI BARAT,POLEWALI MANDAR,7602,Tidak Bekerja,"46,113","40,871","7,321"
SULAWESI BARAT,MAMASA,7603,Bekerja,"1,328","37,539","4,660"
SULAWESI BARAT,MAMASA,7603,Tidak Bekerja,"22,040","14,679","2,144"
SULAWESI BARAT,MAMUJU,7604,Bekerja,403,"27,997","2,772"
SULAWESI BARAT,MAMUJU,7604,Tidak Bekerja,"22,175","17,335","2,076"
SULAWESI BARAT,MAMUJU UTARA,7605,Bekerja,337,"14,497","1,075"
SULAWESI BARAT,MAMUJU UTARA,7605,Tidak Bekerja,"12,070","10,927",913
SULAWESI BARAT,MAMUJU TENGAH,7606,Bekerja,353,"10,184","1,102"
SULAWESI BARAT,MAMUJU TENGAH,7606,Tidak Bekerja,"7,674","6,761",856
MALUKU,MALUKU TENGGARA BARAT,8101,Bekerja,273,"22,433","3,776"
MALUKU,MALUKU TENGGARA BARAT,8101,Tidak Bekerja,"16,741","9,799","1,605"
MALUKU,MALUKU TENGGARA,8102,Bekerja,424,"14,530","1,752"
MALUKU,MALUKU TENGGARA,8102,Tidak Bekerja,"12,723","7,644",951
MALUKU,MALUKU TENGAH,8103,Bekerja,287,"43,196","6,468"
MALUKU,MALUKU TENGAH,8103,Tidak Bekerja,"46,329","59,962","7,227"
MALUKU,BURU,8104,Bekerja,400,"13,726","1,041"
MALUKU,BURU,8104,Tidak Bekerja,"12,645","9,466",920
MALUKU,KEPULAUAN ARU,8105,Bekerja,251,"12,696","1,392"
MALUKU,KEPULAUAN ARU,8105,Tidak Bekerja,"11,205","6,684",734
MALUKU,SERAM BAGIAN BARAT,8106,Bekerja,357,"30,495","3,394"
MALUKU,SERAM BAGIAN BARAT,8106,Tidak Bekerja,"29,517","24,909","2,420"
MALUKU,SERAM BAGIAN TIMUR,8107,Bekerja,454,"12,654","1,092"
MALUKU,SERAM BAGIAN TIMUR,8107,Tidak Bekerja,"14,012","11,092","1,199"
MALUKU,MALUKU BARAT DAYA,8108,Bekerja,548,"18,692","3,007"
MALUKU,MALUKU BARAT DAYA,8108,Tidak Bekerja,"12,612","6,704","1,776"
MALUKU,BURU SELATAN,8109,Bekerja,257,"9,815",877
MALUKU,BURU SELATAN,8109,Tidak Bekerja,"8,814","6,740",532
MALUKU,KOTA AMBON,8171,Bekerja,93,"21,020","2,315"
MALUKU,KOTA AMBON,8171,Tidak Bekerja,"21,352","30,932","4,037"
MALUKU,KOTA TUAL,8172,Bekerja,43,"6,424",824
MALUKU,KOTA TUAL,8172,Tidak Bekerja,"6,866","6,921",646
MALUKU UTARA,HALMAHERA BARAT,8201,Bekerja,83,"12,022","1,361"
MALUKU UTARA,HALMAHERA BARAT,8201,Tidak Bekerja,"9,192","6,553",923
MALUKU UTARA,HALMAHERA TENGAH,8202,Bekerja,298,"6,321",654
MALUKU UTARA,HALMAHERA TENGAH,8202,Tidak Bekerja,"5,596","5,043",647
MALUKU UTARA,KEPULAUAN SULA,8203,Bekerja,80,"5,530",390
MALUKU UTARA,KEPULAUAN SULA,8203,Tidak Bekerja,"6,424","6,263",666
MALUKU UTARA,HALMAHERA SELATAN,8204,Bekerja,131,"14,641","1,522"
MALUKU UTARA,HALMAHERA SELATAN,8204,Tidak Bekerja,"14,929","13,870","1,385"
MALUKU UTARA,HALMAHERA UTARA,8205,Bekerja,86,"9,507",814
MALUKU UTARA,HALMAHERA UTARA,8205,Tidak Bekerja,"10,436","8,110",669
MALUKU UTARA,HALMAHERA TIMUR,8206,Bekerja,327,"10,249","1,240"
MALUKU UTARA,HALMAHERA TIMUR,8206,Tidak Bekerja,"6,535","6,630",922
MALUKU UTARA,PULAU MOROTAI,8207,Bekerja,77,"5,396",386
MALUKU UTARA,PULAU MOROTAI,8207,Tidak Bekerja,"5,734","4,253",440
MALUKU UTARA,PULAU TALIABU,8208,Bekerja,78,"3,518",347
MALUKU UTARA,PULAU TALIABU,8208,Tidak Bekerja,"3,177","2,595",390
MALUKU UTARA,KOTA TERNATE,8271,Bekerja,59,"5,009",492
MALUKU UTARA,KOTA TERNATE,8271,Tidak Bekerja,"4,069","3,945",755
MALUKU UTARA,KOTA TIDORE KEPULAUAN,8272,Bekerja,146,"10,085","1,001"
MALUKU UTARA,KOTA TIDORE KEPULAUAN,8272,Tidak Bekerja,"5,906","6,440","1,210"
PAPUA BARAT,FAKFAK,9101,Bekerja,21,"11,289","1,029"
PAPUA BARAT,FAKFAK,9101,Tidak Bekerja,"9,425","10,240",579
PAPUA BARAT,KAIMANA,9102,Bekerja,122,"8,334",362
PAPUA BARAT,KAIMANA,9102,Tidak Bekerja,"5,896","2,945",223
PAPUA BARAT,TELUK WONDAMA,9103,Bekerja,186,"4,436",303
PAPUA BARAT,TELUK WONDAMA,9103,Tidak Bekerja,"3,660","2,324",189
PAPUA BARAT,TELUK BINTUNI,9104,Bekerja,116,"7,682",347
PAPUA BARAT,TELUK BINTUNI,9104,Tidak Bekerja,"6,681","5,804",295
PAPUA BARAT,MANOKWARI,9105,Bekerja,581,"17,089","1,402"
PAPUA BARAT,MANOKWARI,9105,Tidak Bekerja,"9,886","8,939",774
PAPUA BARAT,SORONG SELATAN,9106,Bekerja,132,"7,745",409
PAPUA BARAT,SORONG SELATAN,9106,Tidak Bekerja,"5,417","2,208",99
PAPUA BARAT,SORONG,9107,Bekerja,62,"11,069","1,273"
PAPUA BARAT,SORONG,9107,Tidak Bekerja,"8,792","8,117",755
PAPUA BARAT,RAJA AMPAT,9108,Bekerja,49,"5,859",359
PAPUA BARAT,RAJA AMPAT,9108,Tidak Bekerja,"7,280","6,320",445
PAPUA BARAT,TAMBRAUW,9109,Bekerja,109,"4,459",261
PAPUA BARAT,TAMBRAUW,9109,Tidak Bekerja,"2,903","1,456",59
PAPUA BARAT,MAYBRAT,9110,Bekerja,302,"8,239",829
PAPUA BARAT,MAYBRAT,9110,Tidak Bekerja,"3,064","1,334",213
PAPUA BARAT,MANOKWARI SELATAN,9111,Bekerja,608,"8,401",398
PAPUA BARAT,MANOKWARI SELATAN,9111,Tidak Bekerja,"2,848","1,213",150
PAPUA BARAT,PEGUNUNGAN ARFAK,9112,Bekerja,445,"14,562",224
PAPUA BARAT,PEGUNUNGAN ARFAK,9112,Tidak Bekerja,"4,417","1,099",22
PAPUA BARAT,KOTA SORONG,9171,Bekerja,14,"10,307",764
PAPUA BARAT,KOTA SORONG,9171,Tidak Bekerja,"15,298","21,802","1,512"
PAPUA,MERAUKE,9401,Bekerja,225,"20,633","1,689"
PAPUA,MERAUKE,9401,Tidak Bekerja,"13,943","15,097","1,449"
PAPUA,JAYAWIJAYA,9402,Bekerja,637,"26,607",377
PAPUA,JAYAWIJAYA,9402,Tidak Bekerja,"4,346",295,7
PAPUA,JAYAPURA,9403,Bekerja,103,"13,695","1,490"
PAPUA,JAYAPURA,9403,Tidak Bekerja,"10,486","9,638",622
PAPUA,NABIRE,9404,Bekerja,69,"12,688","1,274"
PAPUA,NABIRE,9404,Tidak Bekerja,"6,680","9,564",591
PAPUA,KEPULAUAN YAPEN,9408,Bekerja,265,"13,185","1,027"
PAPUA,KEPULAUAN YAPEN,9408,Tidak Bekerja,"6,601","6,029",455
PAPUA,BIAK NUMFOR,9409,Bekerja,341,"20,163","1,983"
PAPUA,BIAK NUMFOR,9409,Tidak Bekerja,"13,905","14,181","1,248"
PAPUA,PANIAI,9410,Bekerja,"1,860","14,109",98
PAPUA,PANIAI,9410,Tidak Bekerja,"5,360",998,115
PAPUA,PUNCAK JAYA,9411,Bekerja,"2,059","16,431",96
PAPUA,PUNCAK JAYA,9411,Tidak Bekerja,"3,717",716,32
PAPUA,MIMIKA,9412,Bekerja,96,"17,631",829
PAPUA,MIMIKA,9412,Tidak Bekerja,"13,210","14,946",475
PAPUA,BOVEN DIGOEL,9413,Bekerja,"1,289","10,506",290
PAPUA,BOVEN DIGOEL,9413,Tidak Bekerja,"5,168","2,320",121
PAPUA,MAPPI,9414,Bekerja,"1,422","23,675",634
PAPUA,MAPPI,9414,Tidak Bekerja,"12,317","4,542",197
PAPUA,ASMAT,9415,Bekerja,800,"22,768",616
PAPUA,ASMAT,9415,Tidak Bekerja,"10,946","3,807",148
PAPUA,YAHUKIMO,9416,Bekerja,"1,878","22,737",265
PAPUA,YAHUKIMO,9416,Tidak Bekerja,"5,134",567,43
PAPUA,PEGUNUNGAN BINTANG,9417,Bekerja,"4,402","28,139",332
PAPUA,PEGUNUNGAN BINTANG,9417,Tidak Bekerja,"7,831",859,31
PAPUA,TOLIKARA,9418,Bekerja,850,"9,237",68
PAPUA,TOLIKARA,9418,Tidak Bekerja,"1,390",327,14
PAPUA,SARMI,9419,Bekerja,30,"3,703",177
PAPUA,SARMI,9419,Tidak Bekerja,"2,308","1,600",112
PAPUA,KEEROM,9420,Bekerja,36,"10,317",911
PAPUA,KEEROM,9420,Tidak Bekerja,"4,866","4,197",291
PAPUA,WAROPEN,9426,Bekerja,11,"1,420",161
PAPUA,WAROPEN,9426,Tidak Bekerja,"1,499","2,574",229
PAPUA,SUPIORI,9427,Bekerja,6,"2,660",286
PAPUA,SUPIORI,9427,Tidak Bekerja,"2,743","2,495",337
PAPUA,MAMBERAMO RAYA,9428,Bekerja,11,"1,504",51
PAPUA,MAMBERAMO RAYA,9428,Tidak Bekerja,"1,023",523,18
PAPUA,NDUGA,9429,Bekerja,0,0,0
PAPUA,NDUGA,9429,Tidak Bekerja,0,0,0
PAPUA,LANNY JAYA,9430,Bekerja,179,"11,737",121
PAPUA,LANNY JAYA,9430,Tidak Bekerja,"4,520",791,38
PAPUA,MAMBERAMO TENGAH,9431,Bekerja,265,"1,432",16
PAPUA,MAMBERAMO TENGAH,9431,Tidak Bekerja,319,33,0
PAPUA,YALIMO,9432,Bekerja,"4,171","15,489",303
PAPUA,YALIMO,9432,Tidak Bekerja,"3,224",5,0
PAPUA,PUNCAK,9433,Bekerja,720,"27,234",216
PAPUA,PUNCAK,9433,Tidak Bekerja,"2,402","1,908",128
PAPUA,DOGIYAI,9434,Bekerja,168,"7,600",140
PAPUA,DOGIYAI,9434,Tidak Bekerja,"2,254","1,366",10
PAPUA,INTAN JAYA,9435,Bekerja,13,433,0
PAPUA,INTAN JAYA,9435,Tidak Bekerja,122,15,0
PAPUA,DEIYAI,9436,Bekerja,"2,329","6,352",12
PAPUA,DEIYAI,9436,Tidak Bekerja,"1,411",266,0
PAPUA,KOTA JAYAPURA,9471,Bekerja,116,"17,260","1,600"
PAPUA,KOTA JAYAPURA,9471,Tidak Bekerja,"14,850","25,091","2,021"
