Provinsi,NamaKab/Kota,KodeKab/Kota,Sumber air minum,Jumlah rumah tangga
ACEH,SIMEULUE,1101,Listrik PLN,"11,279"
ACEH,SIMEULUE,1101,Listrik non-PLN,88
ACEH,SIMEULUE,1101,Tidak ada listrik,399
ACEH,ACEH SINGKIL,1102,Listrik PLN,"11,797"
ACEH,ACEH SINGKIL,1102,Listrik non-PLN,266
ACEH,ACEH SINGKIL,1102,Tidak ada listrik,404
ACEH,ACEH SELATAN,1103,Listrik PLN,"27,762"
ACEH,ACEH SELATAN,1103,Listrik non-PLN,200
ACEH,ACEH SELATAN,1103,Tidak ada listrik,"1,433"
ACEH,ACEH TENGGARA,1104,Listrik PLN,"14,169"
ACEH,ACEH TENGGARA,1104,Listrik non-PLN,220
ACEH,ACEH TENGGARA,1104,Tidak ada listrik,"1,197"
ACEH,ACEH TIMUR,1105,Listrik PLN,"43,664"
ACEH,ACEH TIMUR,1105,Listrik non-PLN,804
ACEH,ACEH TIMUR,1105,Tidak ada listrik,"3,121"
ACEH,ACEH TENGAH,1106,Listrik PLN,"18,416"
ACEH,ACEH TENGAH,1106,Listrik non-PLN,421
ACEH,ACEH TENGAH,1106,Tidak ada listrik,962
ACEH,ACEH BARAT,1107,Listrik PLN,"18,835"
ACEH,ACEH BARAT,1107,Listrik non-PLN,125
ACEH,ACEH BARAT,1107,Tidak ada listrik,982
ACEH,ACEH BESAR,1108,Listrik PLN,"38,484"
ACEH,ACEH BESAR,1108,Listrik non-PLN,202
ACEH,ACEH BESAR,1108,Tidak ada listrik,825
ACEH,PIDIE,1109,Listrik PLN,"47,911"
ACEH,PIDIE,1109,Listrik non-PLN,257
ACEH,PIDIE,1109,Tidak ada listrik,"1,938"
ACEH,BIREUEN,1110,Listrik PLN,"50,023"
ACEH,BIREUEN,1110,Listrik non-PLN,422
ACEH,BIREUEN,1110,Tidak ada listrik,"2,777"
ACEH,ACEH UTARA,1111,Listrik PLN,"76,820"
ACEH,ACEH UTARA,1111,Listrik non-PLN,639
ACEH,ACEH UTARA,1111,Tidak ada listrik,"3,163"
ACEH,ACEH BARAT DAYA,1112,Listrik PLN,"17,414"
ACEH,ACEH BARAT DAYA,1112,Listrik non-PLN,125
ACEH,ACEH BARAT DAYA,1112,Tidak ada listrik,534
ACEH,GAYO LUES,1113,Listrik PLN,"5,631"
ACEH,GAYO LUES,1113,Listrik non-PLN,"1,977"
ACEH,GAYO LUES,1113,Tidak ada listrik,266
ACEH,ACEH TAMIANG,1114,Listrik PLN,"28,221"
ACEH,ACEH TAMIANG,1114,Listrik non-PLN,160
ACEH,ACEH TAMIANG,1114,Tidak ada listrik,374
ACEH,NAGAN RAYA,1115,Listrik PLN,"18,985"
ACEH,NAGAN RAYA,1115,Listrik non-PLN,115
ACEH,NAGAN RAYA,1115,Tidak ada listrik,638
ACEH,ACEH JAYA,1116,Listrik PLN,"7,752"
ACEH,ACEH JAYA,1116,Listrik non-PLN,21
ACEH,ACEH JAYA,1116,Tidak ada listrik,179
ACEH,BENER MERIAH,1117,Listrik PLN,"8,507"
ACEH,BENER MERIAH,1117,Listrik non-PLN,105
ACEH,BENER MERIAH,1117,Tidak ada listrik,866
ACEH,PIDIE JAYA,1118,Listrik PLN,"18,279"
ACEH,PIDIE JAYA,1118,Listrik non-PLN,13
ACEH,PIDIE JAYA,1118,Tidak ada listrik,691
ACEH,KOTA BANDA ACEH,1171,Listrik PLN,"8,394"
ACEH,KOTA BANDA ACEH,1171,Listrik non-PLN,6
ACEH,KOTA BANDA ACEH,1171,Tidak ada listrik,20
ACEH,KOTA SABANG,1172,Listrik PLN,"2,238"
ACEH,KOTA SABANG,1172,Listrik non-PLN,1
ACEH,KOTA SABANG,1172,Tidak ada listrik,14
ACEH,KOTA LANGSA,1173,Listrik PLN,"9,581"
ACEH,KOTA LANGSA,1173,Listrik non-PLN,2
ACEH,KOTA LANGSA,1173,Tidak ada listrik,107
ACEH,KOTA LHOKSEUMAWE,1174,Listrik PLN,"12,014"
ACEH,KOTA LHOKSEUMAWE,1174,Listrik non-PLN,1
ACEH,KOTA LHOKSEUMAWE,1174,Tidak ada listrik,168
ACEH,KOTA SUBULUSSALAM,1175,Listrik PLN,"7,137"
ACEH,KOTA SUBULUSSALAM,1175,Listrik non-PLN,49
ACEH,KOTA SUBULUSSALAM,1175,Tidak ada listrik,124
ACEH,TOTAL,"503,313",Listrik PLN,"6,219"
ACEH,TOTAL,"503,313",Listrik non-PLN,"21,182"
SUMATERA UTARA,NIAS,1201,Listrik PLN,"7,271"
SUMATERA UTARA,NIAS,1201,Listrik non-PLN,584
SUMATERA UTARA,NIAS,1201,Tidak ada listrik,"13,148"
SUMATERA UTARA,MANDAILING NATAL,1202,Listrik PLN,"21,846"
SUMATERA UTARA,MANDAILING NATAL,1202,Listrik non-PLN,"1,498"
SUMATERA UTARA,MANDAILING NATAL,1202,Tidak ada listrik,"8,218"
SUMATERA UTARA,TAPANULI SELATAN,1203,Listrik PLN,"15,034"
SUMATERA UTARA,TAPANULI SELATAN,1203,Listrik non-PLN,"1,203"
SUMATERA UTARA,TAPANULI SELATAN,1203,Tidak ada listrik,"3,837"
SUMATERA UTARA,TAPANULI TENGAH,1204,Listrik PLN,"25,424"
SUMATERA UTARA,TAPANULI TENGAH,1204,Listrik non-PLN,889
SUMATERA UTARA,TAPANULI TENGAH,1204,Tidak ada listrik,"3,374"
SUMATERA UTARA,TAPANULI UTARA,1205,Listrik PLN,"23,512"
SUMATERA UTARA,TAPANULI UTARA,1205,Listrik non-PLN,549
SUMATERA UTARA,TAPANULI UTARA,1205,Tidak ada listrik,"1,977"
SUMATERA UTARA,TOBA SAMOSIR,1206,Listrik PLN,"7,427"
SUMATERA UTARA,TOBA SAMOSIR,1206,Listrik non-PLN,164
SUMATERA UTARA,TOBA SAMOSIR,1206,Tidak ada listrik,835
SUMATERA UTARA,LABUHAN BATU,1207,Listrik PLN,"20,029"
SUMATERA UTARA,LABUHAN BATU,1207,Listrik non-PLN,"1,037"
SUMATERA UTARA,LABUHAN BATU,1207,Tidak ada listrik,"2,178"
SUMATERA UTARA,ASAHAN,1208,Listrik PLN,"31,294"
SUMATERA UTARA,ASAHAN,1208,Listrik non-PLN,856
SUMATERA UTARA,ASAHAN,1208,Tidak ada listrik,"1,481"
SUMATERA UTARA,SIMALUNGUN,1209,Listrik PLN,"40,375"
SUMATERA UTARA,SIMALUNGUN,1209,Listrik non-PLN,417
SUMATERA UTARA,SIMALUNGUN,1209,Tidak ada listrik,"1,818"
SUMATERA UTARA,DAIRI,1210,Listrik PLN,"14,786"
SUMATERA UTARA,DAIRI,1210,Listrik non-PLN,261
SUMATERA UTARA,DAIRI,1210,Tidak ada listrik,"2,274"
SUMATERA UTARA,KARO,1211,Listrik PLN,"22,901"
SUMATERA UTARA,KARO,1211,Listrik non-PLN,251
SUMATERA UTARA,KARO,1211,Tidak ada listrik,"1,038"
SUMATERA UTARA,DELI SERDANG,1212,Listrik PLN,"106,752"
SUMATERA UTARA,DELI SERDANG,1212,Listrik non-PLN,"1,460"
SUMATERA UTARA,DELI SERDANG,1212,Tidak ada listrik,"1,962"
SUMATERA UTARA,LANGKAT,1213,Listrik PLN,"93,166"
SUMATERA UTARA,LANGKAT,1213,Listrik non-PLN,"1,335"
SUMATERA UTARA,LANGKAT,1213,Tidak ada listrik,"2,435"
SUMATERA UTARA,NIAS SELATAN,1214,Listrik PLN,"13,059"
SUMATERA UTARA,NIAS SELATAN,1214,Listrik non-PLN,"1,154"
SUMATERA UTARA,NIAS SELATAN,1214,Tidak ada listrik,"29,865"
SUMATERA UTARA,HUMBANG HASUNDUTAN,1215,Listrik PLN,"11,887"
SUMATERA UTARA,HUMBANG HASUNDUTAN,1215,Listrik non-PLN,122
SUMATERA UTARA,HUMBANG HASUNDUTAN,1215,Tidak ada listrik,"1,159"
SUMATERA UTARA,PAKPAK BHARAT,1216,Listrik PLN,"1,812"
SUMATERA UTARA,PAKPAK BHARAT,1216,Listrik non-PLN,206
SUMATERA UTARA,PAKPAK BHARAT,1216,Tidak ada listrik,318
SUMATERA UTARA,SAMOSIR,1217,Listrik PLN,"6,136"
SUMATERA UTARA,SAMOSIR,1217,Listrik non-PLN,238
SUMATERA UTARA,SAMOSIR,1217,Tidak ada listrik,363
SUMATERA UTARA,SERDANG BEDAGAI,1218,Listrik PLN,"34,962"
SUMATERA UTARA,SERDANG BEDAGAI,1218,Listrik non-PLN,224
SUMATERA UTARA,SERDANG BEDAGAI,1218,Tidak ada listrik,876
SUMATERA UTARA,BATU BARA,1219,Listrik PLN,"41,133"
SUMATERA UTARA,BATU BARA,1219,Listrik non-PLN,774
SUMATERA UTARA,BATU BARA,1219,Tidak ada listrik,"1,185"
SUMATERA UTARA,PADANG LAWAS UTARA,1220,Listrik PLN,"7,892"
SUMATERA UTARA,PADANG LAWAS UTARA,1220,Listrik non-PLN,471
SUMATERA UTARA,PADANG LAWAS UTARA,1220,Tidak ada listrik,"2,854"
SUMATERA UTARA,PADANG LAWAS,1221,Listrik PLN,"13,351"
SUMATERA UTARA,PADANG LAWAS,1221,Listrik non-PLN,183
SUMATERA UTARA,PADANG LAWAS,1221,Tidak ada listrik,"3,271"
SUMATERA UTARA,LABUHAN BATU SELATAN,1222,Listrik PLN,"7,891"
SUMATERA UTARA,LABUHAN BATU SELATAN,1222,Listrik non-PLN,595
SUMATERA UTARA,LABUHAN BATU SELATAN,1222,Tidak ada listrik,570
SUMATERA UTARA,LABUHAN BATU UTARA,1223,Listrik PLN,"16,344"
SUMATERA UTARA,LABUHAN BATU UTARA,1223,Listrik non-PLN,"1,171"
SUMATERA UTARA,LABUHAN BATU UTARA,1223,Tidak ada listrik,"1,947"
SUMATERA UTARA,NIAS UTARA,1224,Listrik PLN,"10,533"
SUMATERA UTARA,NIAS UTARA,1224,Listrik non-PLN,368
SUMATERA UTARA,NIAS UTARA,1224,Tidak ada listrik,"12,145"
SUMATERA UTARA,NIAS BARAT,1225,Listrik PLN,"7,881"
SUMATERA UTARA,NIAS BARAT,1225,Listrik non-PLN,383
SUMATERA UTARA,NIAS BARAT,1225,Tidak ada listrik,"5,531"
SUMATERA UTARA,KOTA SIBOLGA,1271,Listrik PLN,"5,369"
SUMATERA UTARA,KOTA SIBOLGA,1271,Listrik non-PLN,1
SUMATERA UTARA,KOTA SIBOLGA,1271,Tidak ada listrik,38
SUMATERA UTARA,KOTA TANJUNG BALAI,1272,Listrik PLN,"14,056"
SUMATERA UTARA,KOTA TANJUNG BALAI,1272,Listrik non-PLN,37
SUMATERA UTARA,KOTA TANJUNG BALAI,1272,Tidak ada listrik,207
SUMATERA UTARA,KOTA PEMATANG SIANTAR,1273,Listrik PLN,"17,568"
SUMATERA UTARA,KOTA PEMATANG SIANTAR,1273,Listrik non-PLN,62
SUMATERA UTARA,KOTA PEMATANG SIANTAR,1273,Tidak ada listrik,132
SUMATERA UTARA,KOTA TEBING TINGGI,1274,Listrik PLN,"10,671"
SUMATERA UTARA,KOTA TEBING TINGGI,1274,Listrik non-PLN,8
SUMATERA UTARA,KOTA TEBING TINGGI,1274,Tidak ada listrik,35
SUMATERA UTARA,KOTA MEDAN,1275,Listrik PLN,"109,408"
SUMATERA UTARA,KOTA MEDAN,1275,Listrik non-PLN,470
SUMATERA UTARA,KOTA MEDAN,1275,Tidak ada listrik,271
SUMATERA UTARA,KOTA BINJAI,1276,Listrik PLN,"15,725"
SUMATERA UTARA,KOTA BINJAI,1276,Listrik non-PLN,38
SUMATERA UTARA,KOTA BINJAI,1276,Tidak ada listrik,96
SUMATERA UTARA,KOTA PADANGSIDIMPUAN,1277,Listrik PLN,"9,978"
SUMATERA UTARA,KOTA PADANGSIDIMPUAN,1277,Listrik non-PLN,45
SUMATERA UTARA,KOTA PADANGSIDIMPUAN,1277,Tidak ada listrik,438
SUMATERA UTARA,KOTA GUNUNGSITOLI,1278,Listrik PLN,"11,460"
SUMATERA UTARA,KOTA GUNUNGSITOLI,1278,Listrik non-PLN,124
SUMATERA UTARA,KOTA GUNUNGSITOLI,1278,Tidak ada listrik,"2,456"
SUMATERA UTARA,TOTAL,"796,933",Listrik PLN,"17,178"
SUMATERA UTARA,TOTAL,"796,933",Listrik non-PLN,"108,332"
SUMATERA BARAT,KEPULAUAN MENTAWAI,1301,Listrik PLN,783
SUMATERA BARAT,KEPULAUAN MENTAWAI,1301,Listrik non-PLN,"1,252"
SUMATERA BARAT,KEPULAUAN MENTAWAI,1301,Tidak ada listrik,"6,013"
SUMATERA BARAT,PESISIR SELATAN,1302,Listrik PLN,"33,851"
SUMATERA BARAT,PESISIR SELATAN,1302,Listrik non-PLN,"1,122"
SUMATERA BARAT,PESISIR SELATAN,1302,Tidak ada listrik,"3,028"
SUMATERA BARAT,SOLOK,1303,Listrik PLN,"24,394"
SUMATERA BARAT,SOLOK,1303,Listrik non-PLN,"1,899"
SUMATERA BARAT,SOLOK,1303,Tidak ada listrik,"3,753"
SUMATERA BARAT,SIJUNJUNG,1304,Listrik PLN,"9,890"
SUMATERA BARAT,SIJUNJUNG,1304,Listrik non-PLN,287
SUMATERA BARAT,SIJUNJUNG,1304,Tidak ada listrik,"1,838"
SUMATERA BARAT,TANAH DATAR,1305,Listrik PLN,"18,114"
SUMATERA BARAT,TANAH DATAR,1305,Listrik non-PLN,251
SUMATERA BARAT,TANAH DATAR,1305,Tidak ada listrik,"1,616"
SUMATERA BARAT,PADANG PARIAMAN,1306,Listrik PLN,"25,277"
SUMATERA BARAT,PADANG PARIAMAN,1306,Listrik non-PLN,431
SUMATERA BARAT,PADANG PARIAMAN,1306,Tidak ada listrik,"2,785"
SUMATERA BARAT,AGAM,1307,Listrik PLN,"18,811"
SUMATERA BARAT,AGAM,1307,Listrik non-PLN,659
SUMATERA BARAT,AGAM,1307,Tidak ada listrik,"1,978"
SUMATERA BARAT,LIMA PULUH KOTA,1308,Listrik PLN,"28,906"
SUMATERA BARAT,LIMA PULUH KOTA,1308,Listrik non-PLN,448
SUMATERA BARAT,LIMA PULUH KOTA,1308,Tidak ada listrik,"2,795"
SUMATERA BARAT,PASAMAN,1309,Listrik PLN,"18,425"
SUMATERA BARAT,PASAMAN,1309,Listrik non-PLN,"2,334"
SUMATERA BARAT,PASAMAN,1309,Tidak ada listrik,"4,728"
SUMATERA BARAT,SOLOK SELATAN,1310,Listrik PLN,"7,366"
SUMATERA BARAT,SOLOK SELATAN,1310,Listrik non-PLN,"1,110"
SUMATERA BARAT,SOLOK SELATAN,1310,Tidak ada listrik,857
SUMATERA BARAT,DHARMASRAYA,1311,Listrik PLN,"6,506"
SUMATERA BARAT,DHARMASRAYA,1311,Listrik non-PLN,180
SUMATERA BARAT,DHARMASRAYA,1311,Tidak ada listrik,359
SUMATERA BARAT,PASAMAN BARAT,1312,Listrik PLN,"35,803"
SUMATERA BARAT,PASAMAN BARAT,1312,Listrik non-PLN,"1,757"
SUMATERA BARAT,PASAMAN BARAT,1312,Tidak ada listrik,"2,471"
SUMATERA BARAT,KOTA PADANG,1371,Listrik PLN,"42,352"
SUMATERA BARAT,KOTA PADANG,1371,Listrik non-PLN,169
SUMATERA BARAT,KOTA PADANG,1371,Tidak ada listrik,584
SUMATERA BARAT,KOTA SOLOK,1372,Listrik PLN,"2,382"
SUMATERA BARAT,KOTA SOLOK,1372,Listrik non-PLN,1
SUMATERA BARAT,KOTA SOLOK,1372,Tidak ada listrik,71
SUMATERA BARAT,KOTA SAWAH LUNTO,1373,Listrik PLN,"1,370"
SUMATERA BARAT,KOTA SAWAH LUNTO,1373,Listrik non-PLN,13
SUMATERA BARAT,KOTA SAWAH LUNTO,1373,Tidak ada listrik,201
SUMATERA BARAT,KOTA PADANG PANJANG,1374,Listrik PLN,"2,048"
SUMATERA BARAT,KOTA PADANG PANJANG,1374,Listrik non-PLN,0
SUMATERA BARAT,KOTA PADANG PANJANG,1374,Tidak ada listrik,45
SUMATERA BARAT,KOTA BUKITTINGGI,1375,Listrik PLN,"3,834"
SUMATERA BARAT,KOTA BUKITTINGGI,1375,Listrik non-PLN,5
SUMATERA BARAT,KOTA BUKITTINGGI,1375,Tidak ada listrik,42
SUMATERA BARAT,KOTA PAYAKUMBUH,1376,Listrik PLN,"6,261"
SUMATERA BARAT,KOTA PAYAKUMBUH,1376,Listrik non-PLN,25
SUMATERA BARAT,KOTA PAYAKUMBUH,1376,Tidak ada listrik,146
SUMATERA BARAT,KOTA PARIAMAN,1377,Listrik PLN,"4,416"
SUMATERA BARAT,KOTA PARIAMAN,1377,Listrik non-PLN,2
SUMATERA BARAT,KOTA PARIAMAN,1377,Tidak ada listrik,96
SUMATERA BARAT,TOTAL,"290,789",Listrik PLN,"11,945"
SUMATERA BARAT,TOTAL,"290,789",Listrik non-PLN,"33,406"
RIAU,KUANTAN SINGINGI,1401,Listrik PLN,"17,689"
RIAU,KUANTAN SINGINGI,1401,Listrik non-PLN,522
RIAU,KUANTAN SINGINGI,1401,Tidak ada listrik,"1,459"
RIAU,INDRAGIRI HULU,1402,Listrik PLN,"23,654"
RIAU,INDRAGIRI HULU,1402,Listrik non-PLN,"3,725"
RIAU,INDRAGIRI HULU,1402,Tidak ada listrik,"6,485"
RIAU,INDRAGIRI HILIR,1403,Listrik PLN,"15,078"
RIAU,INDRAGIRI HILIR,1403,Listrik non-PLN,"9,351"
RIAU,INDRAGIRI HILIR,1403,Tidak ada listrik,"15,905"
RIAU,PELALAWAN,1404,Listrik PLN,"9,825"
RIAU,PELALAWAN,1404,Listrik non-PLN,"5,711"
RIAU,PELALAWAN,1404,Tidak ada listrik,"4,611"
RIAU,S I A K,1405,Listrik PLN,"14,180"
RIAU,S I A K,1405,Listrik non-PLN,"5,483"
RIAU,S I A K,1405,Tidak ada listrik,"2,387"
RIAU,KAMPAR,1406,Listrik PLN,"50,362"
RIAU,KAMPAR,1406,Listrik non-PLN,"4,552"
RIAU,KAMPAR,1406,Tidak ada listrik,"2,557"
RIAU,ROKAN HULU,1407,Listrik PLN,"18,705"
RIAU,ROKAN HULU,1407,Listrik non-PLN,"7,047"
RIAU,ROKAN HULU,1407,Tidak ada listrik,"3,764"
RIAU,BENGKALIS,1408,Listrik PLN,"22,221"
RIAU,BENGKALIS,1408,Listrik non-PLN,"3,718"
RIAU,BENGKALIS,1408,Tidak ada listrik,"3,104"
RIAU,ROKAN HILIR,1409,Listrik PLN,"38,606"
RIAU,ROKAN HILIR,1409,Listrik non-PLN,"6,641"
RIAU,ROKAN HILIR,1409,Tidak ada listrik,"5,249"
RIAU,KEPULAUAN MERANTI,1410,Listrik PLN,"12,805"
RIAU,KEPULAUAN MERANTI,1410,Listrik non-PLN,"6,504"
RIAU,KEPULAUAN MERANTI,1410,Tidak ada listrik,"4,311"
RIAU,KOTA PEKANBARU,1471,Listrik PLN,"26,473"
RIAU,KOTA PEKANBARU,1471,Listrik non-PLN,208
RIAU,KOTA PEKANBARU,1471,Tidak ada listrik,307
RIAU,KOTA DUMAI,1473,Listrik PLN,"14,629"
RIAU,KOTA DUMAI,1473,Listrik non-PLN,768
RIAU,KOTA DUMAI,1473,Tidak ada listrik,485
RIAU,TOTAL,"264,227",Listrik PLN,"54,230"
RIAU,TOTAL,"264,227",Listrik non-PLN,"50,624"
JAMBI,KERINCI,1501,Listrik PLN,"26,272"
JAMBI,KERINCI,1501,Listrik non-PLN,492
JAMBI,KERINCI,1501,Tidak ada listrik,"1,695"
JAMBI,MERANGIN,1502,Listrik PLN,"15,672"
JAMBI,MERANGIN,1502,Listrik non-PLN,"4,924"
JAMBI,MERANGIN,1502,Tidak ada listrik,"2,545"
JAMBI,SAROLANGUN,1503,Listrik PLN,"18,061"
JAMBI,SAROLANGUN,1503,Listrik non-PLN,"1,843"
JAMBI,SAROLANGUN,1503,Tidak ada listrik,"2,769"
JAMBI,BATANG HARI,1504,Listrik PLN,"18,138"
JAMBI,BATANG HARI,1504,Listrik non-PLN,536
JAMBI,BATANG HARI,1504,Tidak ada listrik,"2,361"
JAMBI,MUARO JAMBI,1505,Listrik PLN,"15,150"
JAMBI,MUARO JAMBI,1505,Listrik non-PLN,754
JAMBI,MUARO JAMBI,1505,Tidak ada listrik,"1,633"
JAMBI,TANJUNG JABUNG TIMUR,1506,Listrik PLN,"11,428"
JAMBI,TANJUNG JABUNG TIMUR,1506,Listrik non-PLN,"2,404"
JAMBI,TANJUNG JABUNG TIMUR,1506,Tidak ada listrik,"3,087"
JAMBI,TANJUNG JABUNG BARAT,1507,Listrik PLN,"13,283"
JAMBI,TANJUNG JABUNG BARAT,1507,Listrik non-PLN,"5,393"
JAMBI,TANJUNG JABUNG BARAT,1507,Tidak ada listrik,"6,161"
JAMBI,TEBO,1508,Listrik PLN,"17,175"
JAMBI,TEBO,1508,Listrik non-PLN,777
JAMBI,TEBO,1508,Tidak ada listrik,"2,779"
JAMBI,BUNGO,1509,Listrik PLN,"14,416"
JAMBI,BUNGO,1509,Listrik non-PLN,563
JAMBI,BUNGO,1509,Tidak ada listrik,"2,519"
JAMBI,KOTA JAMBI,1571,Listrik PLN,"31,300"
JAMBI,KOTA JAMBI,1571,Listrik non-PLN,228
JAMBI,KOTA JAMBI,1571,Tidak ada listrik,180
JAMBI,KOTA SUNGAI PENUH,1572,Listrik PLN,"5,126"
JAMBI,KOTA SUNGAI PENUH,1572,Listrik non-PLN,10
JAMBI,KOTA SUNGAI PENUH,1572,Tidak ada listrik,329
JAMBI,TOTAL,"186,021",Listrik PLN,"17,924"
JAMBI,TOTAL,"186,021",Listrik non-PLN,"26,058"
SUMATERA SELATAN,OGAN KOMERING ULU,1601,Listrik PLN,"22,304"
SUMATERA SELATAN,OGAN KOMERING ULU,1601,Listrik non-PLN,404
SUMATERA SELATAN,OGAN KOMERING ULU,1601,Tidak ada listrik,"2,216"
SUMATERA SELATAN,OGAN KOMERING ILIR,1602,Listrik PLN,"56,595"
SUMATERA SELATAN,OGAN KOMERING ILIR,1602,Listrik non-PLN,"7,313"
SUMATERA SELATAN,OGAN KOMERING ILIR,1602,Tidak ada listrik,"8,416"
SUMATERA SELATAN,MUARA ENIM,1603,Listrik PLN,"50,221"
SUMATERA SELATAN,MUARA ENIM,1603,Listrik non-PLN,"2,509"
SUMATERA SELATAN,MUARA ENIM,1603,Tidak ada listrik,"2,972"
SUMATERA SELATAN,LAHAT,1604,Listrik PLN,"35,392"
SUMATERA SELATAN,LAHAT,1604,Listrik non-PLN,509
SUMATERA SELATAN,LAHAT,1604,Tidak ada listrik,"1,771"
SUMATERA SELATAN,MUSI RAWAS,1605,Listrik PLN,"38,394"
SUMATERA SELATAN,MUSI RAWAS,1605,Listrik non-PLN,721
SUMATERA SELATAN,MUSI RAWAS,1605,Tidak ada listrik,"3,808"
SUMATERA SELATAN,MUSI BANYUASIN,1606,Listrik PLN,"34,243"
SUMATERA SELATAN,MUSI BANYUASIN,1606,Listrik non-PLN,"15,775"
SUMATERA SELATAN,MUSI BANYUASIN,1606,Tidak ada listrik,"4,726"
SUMATERA SELATAN,BANYU ASIN,1607,Listrik PLN,"70,146"
SUMATERA SELATAN,BANYU ASIN,1607,Listrik non-PLN,"6,276"
SUMATERA SELATAN,BANYU ASIN,1607,Tidak ada listrik,"6,133"
SUMATERA SELATAN,OGAN KOMERING ULU SELATAN,1608,Listrik PLN,"22,453"
SUMATERA SELATAN,OGAN KOMERING ULU SELATAN,1608,Listrik non-PLN,"8,013"
SUMATERA SELATAN,OGAN KOMERING ULU SELATAN,1608,Tidak ada listrik,"11,285"
SUMATERA SELATAN,OGAN KOMERING ULU TIMUR,1609,Listrik PLN,"32,604"
SUMATERA SELATAN,OGAN KOMERING ULU TIMUR,1609,Listrik non-PLN,518
SUMATERA SELATAN,OGAN KOMERING ULU TIMUR,1609,Tidak ada listrik,"1,104"
SUMATERA SELATAN,OGAN ILIR,1610,Listrik PLN,"39,529"
SUMATERA SELATAN,OGAN ILIR,1610,Listrik non-PLN,"1,432"
SUMATERA SELATAN,OGAN ILIR,1610,Tidak ada listrik,"5,206"
SUMATERA SELATAN,EMPAT LAWANG,1611,Listrik PLN,"19,635"
SUMATERA SELATAN,EMPAT LAWANG,1611,Listrik non-PLN,208
SUMATERA SELATAN,EMPAT LAWANG,1611,Tidak ada listrik,"2,528"
SUMATERA SELATAN,PENUKAL ABAB LEMATANG ILIR,1612,Listrik PLN,"16,503"
SUMATERA SELATAN,PENUKAL ABAB LEMATANG ILIR,1612,Listrik non-PLN,431
SUMATERA SELATAN,PENUKAL ABAB LEMATANG ILIR,1612,Tidak ada listrik,834
SUMATERA SELATAN,MUSI RAWAS UTARA,1613,Listrik PLN,"11,274"
SUMATERA SELATAN,MUSI RAWAS UTARA,1613,Listrik non-PLN,"3,172"
SUMATERA SELATAN,MUSI RAWAS UTARA,1613,Tidak ada listrik,"3,844"
SUMATERA SELATAN,KOTA PALEMBANG,1671,Listrik PLN,"87,642"
SUMATERA SELATAN,KOTA PALEMBANG,1671,Listrik non-PLN,"1,878"
SUMATERA SELATAN,KOTA PALEMBANG,1671,Tidak ada listrik,820
SUMATERA SELATAN,KOTA PRABUMULIH,1672,Listrik PLN,"10,514"
SUMATERA SELATAN,KOTA PRABUMULIH,1672,Listrik non-PLN,38
SUMATERA SELATAN,KOTA PRABUMULIH,1672,Tidak ada listrik,299
SUMATERA SELATAN,KOTA PAGAR ALAM,1673,Listrik PLN,"9,121"
SUMATERA SELATAN,KOTA PAGAR ALAM,1673,Listrik non-PLN,65
SUMATERA SELATAN,KOTA PAGAR ALAM,1673,Tidak ada listrik,224
SUMATERA SELATAN,KOTA LUBUKLINGGAU,1674,Listrik PLN,"11,490"
SUMATERA SELATAN,KOTA LUBUKLINGGAU,1674,Listrik non-PLN,103
SUMATERA SELATAN,KOTA LUBUKLINGGAU,1674,Tidak ada listrik,271
SUMATERA SELATAN,TOTAL,"568,060",Listrik PLN,"49,365"
SUMATERA SELATAN,TOTAL,"568,060",Listrik non-PLN,"56,457"
BENGKULU,BENGKULU SELATAN,1701,Listrik PLN,"10,786"
BENGKULU,BENGKULU SELATAN,1701,Listrik non-PLN,312
BENGKULU,BENGKULU SELATAN,1701,Tidak ada listrik,"1,139"
BENGKULU,REJANG LEBONG,1702,Listrik PLN,"21,941"
BENGKULU,REJANG LEBONG,1702,Listrik non-PLN,306
BENGKULU,REJANG LEBONG,1702,Tidak ada listrik,"5,677"
BENGKULU,BENGKULU UTARA,1703,Listrik PLN,"18,774"
BENGKULU,BENGKULU UTARA,1703,Listrik non-PLN,688
BENGKULU,BENGKULU UTARA,1703,Tidak ada listrik,"2,715"
BENGKULU,KAUR,1704,Listrik PLN,"10,674"
BENGKULU,KAUR,1704,Listrik non-PLN,687
BENGKULU,KAUR,1704,Tidak ada listrik,786
BENGKULU,SELUMA,1705,Listrik PLN,"17,013"
BENGKULU,SELUMA,1705,Listrik non-PLN,543
BENGKULU,SELUMA,1705,Tidak ada listrik,"2,409"
BENGKULU,MUKOMUKO,1706,Listrik PLN,"11,741"
BENGKULU,MUKOMUKO,1706,Listrik non-PLN,540
BENGKULU,MUKOMUKO,1706,Tidak ada listrik,"1,001"
BENGKULU,LEBONG,1707,Listrik PLN,"8,914"
BENGKULU,LEBONG,1707,Listrik non-PLN,317
BENGKULU,LEBONG,1707,Tidak ada listrik,989
BENGKULU,KEPAHIANG,1708,Listrik PLN,"9,387"
BENGKULU,KEPAHIANG,1708,Listrik non-PLN,142
BENGKULU,KEPAHIANG,1708,Tidak ada listrik,"1,257"
BENGKULU,BENGKULU TENGAH,1709,Listrik PLN,"10,923"
BENGKULU,BENGKULU TENGAH,1709,Listrik non-PLN,210
BENGKULU,BENGKULU TENGAH,1709,Tidak ada listrik,"1,272"
BENGKULU,KOTA BENGKULU,1771,Listrik PLN,"20,095"
BENGKULU,KOTA BENGKULU,1771,Listrik non-PLN,96
BENGKULU,KOTA BENGKULU,1771,Tidak ada listrik,106
BENGKULU,TOTAL,"140,248",Listrik PLN,"3,841"
BENGKULU,TOTAL,"140,248",Listrik non-PLN,"17,351"
LAMPUNG,LAMPUNG BARAT,1801,Listrik PLN,"17,787"
LAMPUNG,LAMPUNG BARAT,1801,Listrik non-PLN,"10,226"
LAMPUNG,LAMPUNG BARAT,1801,Tidak ada listrik,"5,432"
LAMPUNG,TANGGAMUS,1802,Listrik PLN,"52,677"
LAMPUNG,TANGGAMUS,1802,Listrik non-PLN,"5,840"
LAMPUNG,TANGGAMUS,1802,Tidak ada listrik,"7,594"
LAMPUNG,LAMPUNG SELATAN,1803,Listrik PLN,"128,446"
LAMPUNG,LAMPUNG SELATAN,1803,Listrik non-PLN,"2,508"
LAMPUNG,LAMPUNG SELATAN,1803,Tidak ada listrik,"1,184"
LAMPUNG,LAMPUNG TIMUR,1804,Listrik PLN,"105,304"
LAMPUNG,LAMPUNG TIMUR,1804,Listrik non-PLN,"1,986"
LAMPUNG,LAMPUNG TIMUR,1804,Tidak ada listrik,"1,826"
LAMPUNG,LAMPUNG TENGAH,1805,Listrik PLN,"116,855"
LAMPUNG,LAMPUNG TENGAH,1805,Listrik non-PLN,"4,424"
LAMPUNG,LAMPUNG TENGAH,1805,Tidak ada listrik,"1,621"
LAMPUNG,LAMPUNG UTARA,1806,Listrik PLN,"68,657"
LAMPUNG,LAMPUNG UTARA,1806,Listrik non-PLN,"1,466"
LAMPUNG,LAMPUNG UTARA,1806,Tidak ada listrik,"3,336"
LAMPUNG,WAY KANAN,1807,Listrik PLN,"40,363"
LAMPUNG,WAY KANAN,1807,Listrik non-PLN,"3,166"
LAMPUNG,WAY KANAN,1807,Tidak ada listrik,"3,512"
LAMPUNG,TULANGBAWANG,1808,Listrik PLN,"27,713"
LAMPUNG,TULANGBAWANG,1808,Listrik non-PLN,"10,664"
LAMPUNG,TULANGBAWANG,1808,Tidak ada listrik,"3,479"
LAMPUNG,PESAWARAN,1809,Listrik PLN,"57,097"
LAMPUNG,PESAWARAN,1809,Listrik non-PLN,"2,207"
LAMPUNG,PESAWARAN,1809,Tidak ada listrik,"2,617"
LAMPUNG,PRINGSEWU,1810,Listrik PLN,"35,303"
LAMPUNG,PRINGSEWU,1810,Listrik non-PLN,415
LAMPUNG,PRINGSEWU,1810,Tidak ada listrik,774
LAMPUNG,MESUJI,1811,Listrik PLN,"11,856"
LAMPUNG,MESUJI,1811,Listrik non-PLN,"8,728"
LAMPUNG,MESUJI,1811,Tidak ada listrik,"1,639"
LAMPUNG,TULANG BAWANG BARAT,1812,Listrik PLN,"21,058"
LAMPUNG,TULANG BAWANG BARAT,1812,Listrik non-PLN,618
LAMPUNG,TULANG BAWANG BARAT,1812,Tidak ada listrik,"1,069"
LAMPUNG,PESISIR BARAT,1813,Listrik PLN,"10,305"
LAMPUNG,PESISIR BARAT,1813,Listrik non-PLN,"3,419"
LAMPUNG,PESISIR BARAT,1813,Tidak ada listrik,"5,906"
LAMPUNG,KOTA BANDAR LAMPUNG,1871,Listrik PLN,"79,408"
LAMPUNG,KOTA BANDAR LAMPUNG,1871,Listrik non-PLN,922
LAMPUNG,KOTA BANDAR LAMPUNG,1871,Tidak ada listrik,321
LAMPUNG,KOTA METRO,1872,Listrik PLN,"8,515"
LAMPUNG,KOTA METRO,1872,Listrik non-PLN,0
LAMPUNG,KOTA METRO,1872,Tidak ada listrik,0
LAMPUNG,TOTAL,"781,344",Listrik PLN,"56,589"
LAMPUNG,TOTAL,"781,344",Listrik non-PLN,"40,310"
KEPULAUAN BANGKA BELITUNG,BANGKA,1901,Listrik PLN,"14,370"
KEPULAUAN BANGKA BELITUNG,BANGKA,1901,Listrik non-PLN,211
KEPULAUAN BANGKA BELITUNG,BANGKA,1901,Tidak ada listrik,433
KEPULAUAN BANGKA BELITUNG,BELITUNG,1902,Listrik PLN,"9,078"
KEPULAUAN BANGKA BELITUNG,BELITUNG,1902,Listrik non-PLN,278
KEPULAUAN BANGKA BELITUNG,BELITUNG,1902,Tidak ada listrik,592
KEPULAUAN BANGKA BELITUNG,BANGKA BARAT,1903,Listrik PLN,"5,691"
KEPULAUAN BANGKA BELITUNG,BANGKA BARAT,1903,Listrik non-PLN,184
KEPULAUAN BANGKA BELITUNG,BANGKA BARAT,1903,Tidak ada listrik,324
KEPULAUAN BANGKA BELITUNG,BANGKA TENGAH,1904,Listrik PLN,"9,759"
KEPULAUAN BANGKA BELITUNG,BANGKA TENGAH,1904,Listrik non-PLN,292
KEPULAUAN BANGKA BELITUNG,BANGKA TENGAH,1904,Tidak ada listrik,279
KEPULAUAN BANGKA BELITUNG,BANGKA SELATAN,1905,Listrik PLN,"7,016"
KEPULAUAN BANGKA BELITUNG,BANGKA SELATAN,1905,Listrik non-PLN,664
KEPULAUAN BANGKA BELITUNG,BANGKA SELATAN,1905,Tidak ada listrik,365
KEPULAUAN BANGKA BELITUNG,BELITUNG TIMUR,1906,Listrik PLN,"6,663"
KEPULAUAN BANGKA BELITUNG,BELITUNG TIMUR,1906,Listrik non-PLN,378
KEPULAUAN BANGKA BELITUNG,BELITUNG TIMUR,1906,Tidak ada listrik,373
KEPULAUAN BANGKA BELITUNG,KOTA PANGKAL PINANG,1971,Listrik PLN,"8,535"
KEPULAUAN BANGKA BELITUNG,KOTA PANGKAL PINANG,1971,Listrik non-PLN,87
KEPULAUAN BANGKA BELITUNG,KOTA PANGKAL PINANG,1971,Tidak ada listrik,20
KEPULAUAN BANGKA BELITUNG,TOTAL,"61,112",Listrik PLN,"2,094"
KEPULAUAN BANGKA BELITUNG,TOTAL,"61,112",Listrik non-PLN,"2,386"
KEPULAUAN RIAU,KARIMUN,2101,Listrik PLN,"10,017"
KEPULAUAN RIAU,KARIMUN,2101,Listrik non-PLN,"2,251"
KEPULAUAN RIAU,KARIMUN,2101,Tidak ada listrik,"1,501"
KEPULAUAN RIAU,BINTAN,2102,Listrik PLN,"4,895"
KEPULAUAN RIAU,BINTAN,2102,Listrik non-PLN,803
KEPULAUAN RIAU,BINTAN,2102,Tidak ada listrik,233
KEPULAUAN RIAU,NATUNA,2103,Listrik PLN,"1,394"
KEPULAUAN RIAU,NATUNA,2103,Listrik non-PLN,884
KEPULAUAN RIAU,NATUNA,2103,Tidak ada listrik,302
KEPULAUAN RIAU,LINGGA,2104,Listrik PLN,"3,477"
KEPULAUAN RIAU,LINGGA,2104,Listrik non-PLN,"2,977"
KEPULAUAN RIAU,LINGGA,2104,Tidak ada listrik,749
KEPULAUAN RIAU,KEPULAUAN ANAMBAS,2105,Listrik PLN,347
KEPULAUAN RIAU,KEPULAUAN ANAMBAS,2105,Listrik non-PLN,338
KEPULAUAN RIAU,KEPULAUAN ANAMBAS,2105,Tidak ada listrik,20
KEPULAUAN RIAU,KOTA BATAM,2171,Listrik PLN,"33,335"
KEPULAUAN RIAU,KOTA BATAM,2171,Listrik non-PLN,"5,373"
KEPULAUAN RIAU,KOTA BATAM,2171,Tidak ada listrik,"1,195"
KEPULAUAN RIAU,KOTA TANJUNG PINANG,2172,Listrik PLN,"9,905"
KEPULAUAN RIAU,KOTA TANJUNG PINANG,2172,Listrik non-PLN,215
KEPULAUAN RIAU,KOTA TANJUNG PINANG,2172,Tidak ada listrik,97
KEPULAUAN RIAU,TOTAL,"63,370",Listrik PLN,"12,841"
KEPULAUAN RIAU,TOTAL,"63,370",Listrik non-PLN,"4,097"
DKI JAKARTA,KEPULAUAN SERIBU,3101,Listrik PLN,"1,727"
DKI JAKARTA,KEPULAUAN SERIBU,3101,Listrik non-PLN,24
DKI JAKARTA,KEPULAUAN SERIBU,3101,Tidak ada listrik,1
DKI JAKARTA,KOTA JAKARTA SELATAN,3171,Listrik PLN,"38,004"
DKI JAKARTA,KOTA JAKARTA SELATAN,3171,Listrik non-PLN,22
DKI JAKARTA,KOTA JAKARTA SELATAN,3171,Tidak ada listrik,51
DKI JAKARTA,KOTA JAKARTA TIMUR,3172,Listrik PLN,"67,598"
DKI JAKARTA,KOTA JAKARTA TIMUR,3172,Listrik non-PLN,0
DKI JAKARTA,KOTA JAKARTA TIMUR,3172,Tidak ada listrik,126
DKI JAKARTA,KOTA JAKARTA PUSAT,3173,Listrik PLN,"34,719"
DKI JAKARTA,KOTA JAKARTA PUSAT,3173,Listrik non-PLN,0
DKI JAKARTA,KOTA JAKARTA PUSAT,3173,Tidak ada listrik,82
DKI JAKARTA,KOTA JAKARTA BARAT,3174,Listrik PLN,"52,910"
DKI JAKARTA,KOTA JAKARTA BARAT,3174,Listrik non-PLN,2
DKI JAKARTA,KOTA JAKARTA BARAT,3174,Tidak ada listrik,59
DKI JAKARTA,KOTA JAKARTA UTARA,3175,Listrik PLN,"69,463"
DKI JAKARTA,KOTA JAKARTA UTARA,3175,Listrik non-PLN,0
DKI JAKARTA,KOTA JAKARTA UTARA,3175,Tidak ada listrik,0
DKI JAKARTA,TOTAL,"264,421",Listrik PLN,48
DKI JAKARTA,TOTAL,"264,421",Listrik non-PLN,319
JAWA BARAT,BOGOR,3201,Listrik PLN,"314,756"
JAWA BARAT,BOGOR,3201,Listrik non-PLN,"2,623"
JAWA BARAT,BOGOR,3201,Tidak ada listrik,"1,636"
JAWA BARAT,SUKABUMI,3202,Listrik PLN,"231,901"
JAWA BARAT,SUKABUMI,3202,Listrik non-PLN,"1,868"
JAWA BARAT,SUKABUMI,3202,Tidak ada listrik,"1,716"
JAWA BARAT,CIANJUR,3203,Listrik PLN,"292,508"
JAWA BARAT,CIANJUR,3203,Listrik non-PLN,"7,092"
JAWA BARAT,CIANJUR,3203,Tidak ada listrik,"4,842"
JAWA BARAT,BANDUNG,3204,Listrik PLN,"324,687"
JAWA BARAT,BANDUNG,3204,Listrik non-PLN,"2,171"
JAWA BARAT,BANDUNG,3204,Tidak ada listrik,173
JAWA BARAT,GARUT,3205,Listrik PLN,"310,958"
JAWA BARAT,GARUT,3205,Listrik non-PLN,"3,319"
JAWA BARAT,GARUT,3205,Tidak ada listrik,"1,131"
JAWA BARAT,TASIKMALAYA,3206,Listrik PLN,"210,295"
JAWA BARAT,TASIKMALAYA,3206,Listrik non-PLN,682
JAWA BARAT,TASIKMALAYA,3206,Tidak ada listrik,829
JAWA BARAT,CIAMIS,3207,Listrik PLN,"150,502"
JAWA BARAT,CIAMIS,3207,Listrik non-PLN,64
JAWA BARAT,CIAMIS,3207,Tidak ada listrik,565
JAWA BARAT,KUNINGAN,3208,Listrik PLN,"108,732"
JAWA BARAT,KUNINGAN,3208,Listrik non-PLN,0
JAWA BARAT,KUNINGAN,3208,Tidak ada listrik,0
JAWA BARAT,CIREBON,3209,Listrik PLN,"249,697"
JAWA BARAT,CIREBON,3209,Listrik non-PLN,67
JAWA BARAT,CIREBON,3209,Tidak ada listrik,37
JAWA BARAT,MAJALENGKA,3210,Listrik PLN,"137,711"
JAWA BARAT,MAJALENGKA,3210,Listrik non-PLN,0
JAWA BARAT,MAJALENGKA,3210,Tidak ada listrik,306
JAWA BARAT,SUMEDANG,3211,Listrik PLN,"96,349"
JAWA BARAT,SUMEDANG,3211,Listrik non-PLN,341
JAWA BARAT,SUMEDANG,3211,Tidak ada listrik,231
JAWA BARAT,INDRAMAYU,3212,Listrik PLN,"234,569"
JAWA BARAT,INDRAMAYU,3212,Listrik non-PLN,"1,898"
JAWA BARAT,INDRAMAYU,3212,Tidak ada listrik,934
JAWA BARAT,SUBANG,3213,Listrik PLN,"129,625"
JAWA BARAT,SUBANG,3213,Listrik non-PLN,932
JAWA BARAT,SUBANG,3213,Tidak ada listrik,344
JAWA BARAT,PURWAKARTA,3214,Listrik PLN,"59,042"
JAWA BARAT,PURWAKARTA,3214,Listrik non-PLN,314
JAWA BARAT,PURWAKARTA,3214,Tidak ada listrik,294
JAWA BARAT,KARAWANG,3215,Listrik PLN,"216,316"
JAWA BARAT,KARAWANG,3215,Listrik non-PLN,"1,760"
JAWA BARAT,KARAWANG,3215,Tidak ada listrik,"1,579"
JAWA BARAT,BEKASI,3216,Listrik PLN,"157,390"
JAWA BARAT,BEKASI,3216,Listrik non-PLN,946
JAWA BARAT,BEKASI,3216,Tidak ada listrik,516
JAWA BARAT,BANDUNG BARAT,3217,Listrik PLN,"140,368"
JAWA BARAT,BANDUNG BARAT,3217,Listrik non-PLN,"1,189"
JAWA BARAT,BANDUNG BARAT,3217,Tidak ada listrik,465
JAWA BARAT,PANGANDARAN,3218,Listrik PLN,"43,142"
JAWA BARAT,PANGANDARAN,3218,Listrik non-PLN,9
JAWA BARAT,PANGANDARAN,3218,Tidak ada listrik,276
JAWA BARAT,KOTA BOGOR,3271,Listrik PLN,"70,931"
JAWA BARAT,KOTA BOGOR,3271,Listrik non-PLN,294
JAWA BARAT,KOTA BOGOR,3271,Tidak ada listrik,81
JAWA BARAT,KOTA SUKABUMI,3272,Listrik PLN,"22,541"
JAWA BARAT,KOTA SUKABUMI,3272,Listrik non-PLN,1
JAWA BARAT,KOTA SUKABUMI,3272,Tidak ada listrik,46
JAWA BARAT,KOTA BANDUNG,3273,Listrik PLN,"115,568"
JAWA BARAT,KOTA BANDUNG,3273,Listrik non-PLN,"1,638"
JAWA BARAT,KOTA BANDUNG,3273,Tidak ada listrik,5
JAWA BARAT,KOTA CIREBON,3274,Listrik PLN,"26,082"
JAWA BARAT,KOTA CIREBON,3274,Listrik non-PLN,47
JAWA BARAT,KOTA CIREBON,3274,Tidak ada listrik,41
JAWA BARAT,KOTA BEKASI,3275,Listrik PLN,"95,067"
JAWA BARAT,KOTA BEKASI,3275,Listrik non-PLN,380
JAWA BARAT,KOTA BEKASI,3275,Tidak ada listrik,67
JAWA BARAT,KOTA DEPOK,3276,Listrik PLN,"74,050"
JAWA BARAT,KOTA DEPOK,3276,Listrik non-PLN,183
JAWA BARAT,KOTA DEPOK,3276,Tidak ada listrik,44
JAWA BARAT,KOTA CIMAHI,3277,Listrik PLN,"25,456"
JAWA BARAT,KOTA CIMAHI,3277,Listrik non-PLN,105
JAWA BARAT,KOTA CIMAHI,3277,Tidak ada listrik,6
JAWA BARAT,KOTA TASIKMALAYA,3278,Listrik PLN,"66,726"
JAWA BARAT,KOTA TASIKMALAYA,3278,Listrik non-PLN,4
JAWA BARAT,KOTA TASIKMALAYA,3278,Tidak ada listrik,5
JAWA BARAT,KOTA BANJAR,3279,Listrik PLN,"11,772"
JAWA BARAT,KOTA BANJAR,3279,Listrik non-PLN,44
JAWA BARAT,KOTA BANJAR,3279,Tidak ada listrik,18
JAWA BARAT,TOTAL,"3,916,741",Listrik PLN,"27,971"
JAWA BARAT,TOTAL,"3,916,741",Listrik non-PLN,"16,187"
JAWA TENGAH,CILACAP,3301,Listrik PLN,"208,230"
JAWA TENGAH,CILACAP,3301,Listrik non-PLN,16
JAWA TENGAH,CILACAP,3301,Tidak ada listrik,"1,091"
JAWA TENGAH,BANYUMAS,3302,Listrik PLN,"219,987"
JAWA TENGAH,BANYUMAS,3302,Listrik non-PLN,687
JAWA TENGAH,BANYUMAS,3302,Tidak ada listrik,777
JAWA TENGAH,PURBALINGGA,3303,Listrik PLN,"116,844"
JAWA TENGAH,PURBALINGGA,3303,Listrik non-PLN,5
JAWA TENGAH,PURBALINGGA,3303,Tidak ada listrik,801
JAWA TENGAH,BANJARNEGARA,3304,Listrik PLN,"105,056"
JAWA TENGAH,BANJARNEGARA,3304,Listrik non-PLN,511
JAWA TENGAH,BANJARNEGARA,3304,Tidak ada listrik,616
JAWA TENGAH,KEBUMEN,3305,Listrik PLN,"155,619"
JAWA TENGAH,KEBUMEN,3305,Listrik non-PLN,0
JAWA TENGAH,KEBUMEN,3305,Tidak ada listrik,"1,031"
JAWA TENGAH,PURWOREJO,3306,Listrik PLN,"80,911"
JAWA TENGAH,PURWOREJO,3306,Listrik non-PLN,9
JAWA TENGAH,PURWOREJO,3306,Tidak ada listrik,576
JAWA TENGAH,WONOSOBO,3307,Listrik PLN,"87,562"
JAWA TENGAH,WONOSOBO,3307,Listrik non-PLN,151
JAWA TENGAH,WONOSOBO,3307,Tidak ada listrik,324
JAWA TENGAH,MAGELANG,3308,Listrik PLN,"152,481"
JAWA TENGAH,MAGELANG,3308,Listrik non-PLN,536
JAWA TENGAH,MAGELANG,3308,Tidak ada listrik,560
JAWA TENGAH,BOYOLALI,3309,Listrik PLN,"96,330"
JAWA TENGAH,BOYOLALI,3309,Listrik non-PLN,219
JAWA TENGAH,BOYOLALI,3309,Tidak ada listrik,263
JAWA TENGAH,KLATEN,3310,Listrik PLN,"167,988"
JAWA TENGAH,KLATEN,3310,Listrik non-PLN,0
JAWA TENGAH,KLATEN,3310,Tidak ada listrik,508
JAWA TENGAH,SUKOHARJO,3311,Listrik PLN,"84,578"
JAWA TENGAH,SUKOHARJO,3311,Listrik non-PLN,16
JAWA TENGAH,SUKOHARJO,3311,Tidak ada listrik,46
JAWA TENGAH,WONOGIRI,3312,Listrik PLN,"92,534"
JAWA TENGAH,WONOGIRI,3312,Listrik non-PLN,474
JAWA TENGAH,WONOGIRI,3312,Tidak ada listrik,328
JAWA TENGAH,KARANGANYAR,3313,Listrik PLN,"76,993"
JAWA TENGAH,KARANGANYAR,3313,Listrik non-PLN,0
JAWA TENGAH,KARANGANYAR,3313,Tidak ada listrik,159
JAWA TENGAH,SRAGEN,3314,Listrik PLN,"81,039"
JAWA TENGAH,SRAGEN,3314,Listrik non-PLN,293
JAWA TENGAH,SRAGEN,3314,Tidak ada listrik,264
JAWA TENGAH,GROBOGAN,3315,Listrik PLN,"189,218"
JAWA TENGAH,GROBOGAN,3315,Listrik non-PLN,75
JAWA TENGAH,GROBOGAN,3315,Tidak ada listrik,377
JAWA TENGAH,BLORA,3316,Listrik PLN,"110,852"
JAWA TENGAH,BLORA,3316,Listrik non-PLN,495
JAWA TENGAH,BLORA,3316,Tidak ada listrik,313
JAWA TENGAH,REMBANG,3317,Listrik PLN,"91,040"
JAWA TENGAH,REMBANG,3317,Listrik non-PLN,72
JAWA TENGAH,REMBANG,3317,Tidak ada listrik,59
JAWA TENGAH,PATI,3318,Listrik PLN,"177,824"
JAWA TENGAH,PATI,3318,Listrik non-PLN,0
JAWA TENGAH,PATI,3318,Tidak ada listrik,2
JAWA TENGAH,KUDUS,3319,Listrik PLN,"57,596"
JAWA TENGAH,KUDUS,3319,Listrik non-PLN,1
JAWA TENGAH,KUDUS,3319,Tidak ada listrik,55
JAWA TENGAH,JEPARA,3320,Listrik PLN,"150,794"
JAWA TENGAH,JEPARA,3320,Listrik non-PLN,612
JAWA TENGAH,JEPARA,3320,Tidak ada listrik,348
JAWA TENGAH,DEMAK,3321,Listrik PLN,"150,288"
JAWA TENGAH,DEMAK,3321,Listrik non-PLN,0
JAWA TENGAH,DEMAK,3321,Tidak ada listrik,0
JAWA TENGAH,SEMARANG,3322,Listrik PLN,"73,540"
JAWA TENGAH,SEMARANG,3322,Listrik non-PLN,0
JAWA TENGAH,SEMARANG,3322,Tidak ada listrik,55
JAWA TENGAH,TEMANGGUNG,3323,Listrik PLN,"80,946"
JAWA TENGAH,TEMANGGUNG,3323,Listrik non-PLN,173
JAWA TENGAH,TEMANGGUNG,3323,Tidak ada listrik,118
JAWA TENGAH,KENDAL,3324,Listrik PLN,"97,329"
JAWA TENGAH,KENDAL,3324,Listrik non-PLN,0
JAWA TENGAH,KENDAL,3324,Tidak ada listrik,221
JAWA TENGAH,BATANG,3325,Listrik PLN,"74,746"
JAWA TENGAH,BATANG,3325,Listrik non-PLN,74
JAWA TENGAH,BATANG,3325,Tidak ada listrik,176
JAWA TENGAH,PEKALONGAN,3326,Listrik PLN,"101,105"
JAWA TENGAH,PEKALONGAN,3326,Listrik non-PLN,"1,570"
JAWA TENGAH,PEKALONGAN,3326,Tidak ada listrik,433
JAWA TENGAH,PEMALANG,3327,Listrik PLN,"167,819"
JAWA TENGAH,PEMALANG,3327,Listrik non-PLN,0
JAWA TENGAH,PEMALANG,3327,Tidak ada listrik,679
JAWA TENGAH,TEGAL,3328,Listrik PLN,"164,794"
JAWA TENGAH,TEGAL,3328,Listrik non-PLN,"1,602"
JAWA TENGAH,TEGAL,3328,Tidak ada listrik,674
JAWA TENGAH,BREBES,3329,Listrik PLN,"261,551"
JAWA TENGAH,BREBES,3329,Listrik non-PLN,"1,446"
JAWA TENGAH,BREBES,3329,Tidak ada listrik,982
JAWA TENGAH,KOTA MAGELANG,3371,Listrik PLN,"9,116"
JAWA TENGAH,KOTA MAGELANG,3371,Listrik non-PLN,0
JAWA TENGAH,KOTA MAGELANG,3371,Tidak ada listrik,21
JAWA TENGAH,KOTA SURAKARTA,3372,Listrik PLN,"40,849"
JAWA TENGAH,KOTA SURAKARTA,3372,Listrik non-PLN,133
JAWA TENGAH,KOTA SURAKARTA,3372,Tidak ada listrik,85
JAWA TENGAH,KOTA SALATIGA,3373,Listrik PLN,"9,132"
JAWA TENGAH,KOTA SALATIGA,3373,Listrik non-PLN,18
JAWA TENGAH,KOTA SALATIGA,3373,Tidak ada listrik,20
JAWA TENGAH,KOTA SEMARANG,3374,Listrik PLN,"77,643"
JAWA TENGAH,KOTA SEMARANG,3374,Listrik non-PLN,340
JAWA TENGAH,KOTA SEMARANG,3374,Tidak ada listrik,0
JAWA TENGAH,KOTA PEKALONGAN,3375,Listrik PLN,"29,514"
JAWA TENGAH,KOTA PEKALONGAN,3375,Listrik non-PLN,69
JAWA TENGAH,KOTA PEKALONGAN,3375,Tidak ada listrik,43
JAWA TENGAH,KOTA TEGAL,3376,Listrik PLN,"21,945"
JAWA TENGAH,KOTA TEGAL,3376,Listrik non-PLN,0
JAWA TENGAH,KOTA TEGAL,3376,Tidak ada listrik,45
JAWA TENGAH,TOTAL,"3,863,793",Listrik PLN,"9,597"
JAWA TENGAH,TOTAL,"3,863,793",Listrik non-PLN,"12,050"
DI YOGYAKARTA,KULON PROGO,3401,Listrik PLN,"43,765"
DI YOGYAKARTA,KULON PROGO,3401,Listrik non-PLN,9
DI YOGYAKARTA,KULON PROGO,3401,Tidak ada listrik,382
DI YOGYAKARTA,BANTUL,3402,Listrik PLN,"97,752"
DI YOGYAKARTA,BANTUL,3402,Listrik non-PLN,284
DI YOGYAKARTA,BANTUL,3402,Tidak ada listrik,563
DI YOGYAKARTA,GUNUNG KIDUL,3403,Listrik PLN,"96,294"
DI YOGYAKARTA,GUNUNG KIDUL,3403,Listrik non-PLN,524
DI YOGYAKARTA,GUNUNG KIDUL,3403,Tidak ada listrik,392
DI YOGYAKARTA,SLEMAN,3404,Listrik PLN,"100,730"
DI YOGYAKARTA,SLEMAN,3404,Listrik non-PLN,334
DI YOGYAKARTA,SLEMAN,3404,Tidak ada listrik,382
DI YOGYAKARTA,KOTA YOGYAKARTA,3471,Listrik PLN,"26,016"
DI YOGYAKARTA,KOTA YOGYAKARTA,3471,Listrik non-PLN,20
DI YOGYAKARTA,KOTA YOGYAKARTA,3471,Tidak ada listrik,91
DI YOGYAKARTA,TOTAL,"364,557",Listrik PLN,"1,171"
DI YOGYAKARTA,TOTAL,"364,557",Listrik non-PLN,"1,810"
JAWA TIMUR,PACITAN,3501,Listrik PLN,"53,317"
JAWA TIMUR,PACITAN,3501,Listrik non-PLN,154
JAWA TIMUR,PACITAN,3501,Tidak ada listrik,814
JAWA TIMUR,PONOROGO,3502,Listrik PLN,"108,966"
JAWA TIMUR,PONOROGO,3502,Listrik non-PLN,571
JAWA TIMUR,PONOROGO,3502,Tidak ada listrik,498
JAWA TIMUR,TRENGGALEK,3503,Listrik PLN,"82,368"
JAWA TIMUR,TRENGGALEK,3503,Listrik non-PLN,398
JAWA TIMUR,TRENGGALEK,3503,Tidak ada listrik,312
JAWA TIMUR,TULUNGAGUNG,3504,Listrik PLN,"95,597"
JAWA TIMUR,TULUNGAGUNG,3504,Listrik non-PLN,"1,061"
JAWA TIMUR,TULUNGAGUNG,3504,Tidak ada listrik,363
JAWA TIMUR,BLITAR,3505,Listrik PLN,"111,138"
JAWA TIMUR,BLITAR,3505,Listrik non-PLN,668
JAWA TIMUR,BLITAR,3505,Tidak ada listrik,495
JAWA TIMUR,KEDIRI,3506,Listrik PLN,"153,072"
JAWA TIMUR,KEDIRI,3506,Listrik non-PLN,"1,361"
JAWA TIMUR,KEDIRI,3506,Tidak ada listrik,649
JAWA TIMUR,MALANG,3507,Listrik PLN,"209,734"
JAWA TIMUR,MALANG,3507,Listrik non-PLN,"1,902"
JAWA TIMUR,MALANG,3507,Tidak ada listrik,778
JAWA TIMUR,LUMAJANG,3508,Listrik PLN,"131,878"
JAWA TIMUR,LUMAJANG,3508,Listrik non-PLN,317
JAWA TIMUR,LUMAJANG,3508,Tidak ada listrik,501
JAWA TIMUR,JEMBER,3509,Listrik PLN,"288,442"
JAWA TIMUR,JEMBER,3509,Listrik non-PLN,"5,429"
JAWA TIMUR,JEMBER,3509,Tidak ada listrik,"1,419"
JAWA TIMUR,BANYUWANGI,3510,Listrik PLN,"179,788"
JAWA TIMUR,BANYUWANGI,3510,Listrik non-PLN,"2,428"
JAWA TIMUR,BANYUWANGI,3510,Tidak ada listrik,476
JAWA TIMUR,BONDOWOSO,3511,Listrik PLN,"148,440"
JAWA TIMUR,BONDOWOSO,3511,Listrik non-PLN,"2,378"
JAWA TIMUR,BONDOWOSO,3511,Tidak ada listrik,"1,530"
JAWA TIMUR,SITUBONDO,3512,Listrik PLN,"107,025"
JAWA TIMUR,SITUBONDO,3512,Listrik non-PLN,"1,420"
JAWA TIMUR,SITUBONDO,3512,Tidak ada listrik,747
JAWA TIMUR,PROBOLINGGO,3513,Listrik PLN,"180,224"
JAWA TIMUR,PROBOLINGGO,3513,Listrik non-PLN,"2,864"
JAWA TIMUR,PROBOLINGGO,3513,Tidak ada listrik,"1,265"
JAWA TIMUR,PASURUAN,3514,Listrik PLN,"194,665"
JAWA TIMUR,PASURUAN,3514,Listrik non-PLN,"3,037"
JAWA TIMUR,PASURUAN,3514,Tidak ada listrik,867
JAWA TIMUR,SIDOARJO,3515,Listrik PLN,"116,683"
JAWA TIMUR,SIDOARJO,3515,Listrik non-PLN,425
JAWA TIMUR,SIDOARJO,3515,Tidak ada listrik,128
JAWA TIMUR,MOJOKERTO,3516,Listrik PLN,"79,146"
JAWA TIMUR,MOJOKERTO,3516,Listrik non-PLN,538
JAWA TIMUR,MOJOKERTO,3516,Tidak ada listrik,145
JAWA TIMUR,JOMBANG,3517,Listrik PLN,"150,973"
JAWA TIMUR,JOMBANG,3517,Listrik non-PLN,751
JAWA TIMUR,JOMBANG,3517,Tidak ada listrik,356
JAWA TIMUR,NGANJUK,3518,Listrik PLN,"144,762"
JAWA TIMUR,NGANJUK,3518,Listrik non-PLN,"1,033"
JAWA TIMUR,NGANJUK,3518,Tidak ada listrik,396
JAWA TIMUR,MADIUN,3519,Listrik PLN,"72,683"
JAWA TIMUR,MADIUN,3519,Listrik non-PLN,342
JAWA TIMUR,MADIUN,3519,Tidak ada listrik,193
JAWA TIMUR,MAGETAN,3520,Listrik PLN,"61,623"
JAWA TIMUR,MAGETAN,3520,Listrik non-PLN,0
JAWA TIMUR,MAGETAN,3520,Tidak ada listrik,105
JAWA TIMUR,NGAWI,3521,Listrik PLN,"117,764"
JAWA TIMUR,NGAWI,3521,Listrik non-PLN,596
JAWA TIMUR,NGAWI,3521,Tidak ada listrik,425
JAWA TIMUR,BOJONEGORO,3522,Listrik PLN,"162,473"
JAWA TIMUR,BOJONEGORO,3522,Listrik non-PLN,"1,467"
JAWA TIMUR,BOJONEGORO,3522,Tidak ada listrik,681
JAWA TIMUR,TUBAN,3523,Listrik PLN,"122,800"
JAWA TIMUR,TUBAN,3523,Listrik non-PLN,"1,575"
JAWA TIMUR,TUBAN,3523,Tidak ada listrik,471
JAWA TIMUR,LAMONGAN,3524,Listrik PLN,"115,096"
JAWA TIMUR,LAMONGAN,3524,Listrik non-PLN,0
JAWA TIMUR,LAMONGAN,3524,Tidak ada listrik,84
JAWA TIMUR,GRESIK,3525,Listrik PLN,"94,372"
JAWA TIMUR,GRESIK,3525,Listrik non-PLN,"1,088"
JAWA TIMUR,GRESIK,3525,Tidak ada listrik,361
JAWA TIMUR,BANGKALAN,3526,Listrik PLN,"125,153"
JAWA TIMUR,BANGKALAN,3526,Listrik non-PLN,"1,889"
JAWA TIMUR,BANGKALAN,3526,Tidak ada listrik,"1,047"
JAWA TIMUR,SAMPANG,3527,Listrik PLN,"135,414"
JAWA TIMUR,SAMPANG,3527,Listrik non-PLN,444
JAWA TIMUR,SAMPANG,3527,Tidak ada listrik,413
JAWA TIMUR,PAMEKASAN,3528,Listrik PLN,"123,533"
JAWA TIMUR,PAMEKASAN,3528,Listrik non-PLN,675
JAWA TIMUR,PAMEKASAN,3528,Tidak ada listrik,319
JAWA TIMUR,SUMENEP,3529,Listrik PLN,"148,281"
JAWA TIMUR,SUMENEP,3529,Listrik non-PLN,"21,586"
JAWA TIMUR,SUMENEP,3529,Tidak ada listrik,"10,695"
JAWA TIMUR,KOTA KEDIRI,3571,Listrik PLN,"21,146"
JAWA TIMUR,KOTA KEDIRI,3571,Listrik non-PLN,40
JAWA TIMUR,KOTA KEDIRI,3571,Tidak ada listrik,42
JAWA TIMUR,KOTA BLITAR,3572,Listrik PLN,"7,106"
JAWA TIMUR,KOTA BLITAR,3572,Listrik non-PLN,14
JAWA TIMUR,KOTA BLITAR,3572,Tidak ada listrik,33
JAWA TIMUR,KOTA MALANG,3573,Listrik PLN,"30,901"
JAWA TIMUR,KOTA MALANG,3573,Listrik non-PLN,177
JAWA TIMUR,KOTA MALANG,3573,Tidak ada listrik,99
JAWA TIMUR,KOTA PROBOLINGGO,3574,Listrik PLN,"17,534"
JAWA TIMUR,KOTA PROBOLINGGO,3574,Listrik non-PLN,0
JAWA TIMUR,KOTA PROBOLINGGO,3574,Tidak ada listrik,12
JAWA TIMUR,KOTA PASURUAN,3575,Listrik PLN,"14,321"
JAWA TIMUR,KOTA PASURUAN,3575,Listrik non-PLN,0
JAWA TIMUR,KOTA PASURUAN,3575,Tidak ada listrik,14
JAWA TIMUR,KOTA MOJOKERTO,3576,Listrik PLN,"6,965"
JAWA TIMUR,KOTA MOJOKERTO,3576,Listrik non-PLN,0
JAWA TIMUR,KOTA MOJOKERTO,3576,Tidak ada listrik,8
JAWA TIMUR,KOTA MADIUN,3577,Listrik PLN,"7,499"
JAWA TIMUR,KOTA MADIUN,3577,Listrik non-PLN,14
JAWA TIMUR,KOTA MADIUN,3577,Tidak ada listrik,15
JAWA TIMUR,KOTA SURABAYA,3578,Listrik PLN,"146,796"
JAWA TIMUR,KOTA SURABAYA,3578,Listrik non-PLN,"2,108"
JAWA TIMUR,KOTA SURABAYA,3578,Tidak ada listrik,236
JAWA TIMUR,KOTA BATU,3579,Listrik PLN,"11,448"
JAWA TIMUR,KOTA BATU,3579,Listrik non-PLN,35
JAWA TIMUR,KOTA BATU,3579,Tidak ada listrik,37
JAWA TIMUR,TOTAL,"4,079,126",Listrik PLN,"58,785"
JAWA TIMUR,TOTAL,"4,079,126",Listrik non-PLN,"27,029"
BANTEN,PANDEGLANG,3601,Listrik PLN,"111,242"
BANTEN,PANDEGLANG,3601,Listrik non-PLN,"1,287"
BANTEN,PANDEGLANG,3601,Tidak ada listrik,813
BANTEN,LEBAK,3602,Listrik PLN,"102,597"
BANTEN,LEBAK,3602,Listrik non-PLN,577
BANTEN,LEBAK,3602,Tidak ada listrik,"2,028"
BANTEN,TANGERANG,3603,Listrik PLN,"223,876"
BANTEN,TANGERANG,3603,Listrik non-PLN,"4,858"
BANTEN,TANGERANG,3603,Tidak ada listrik,611
BANTEN,SERANG,3604,Listrik PLN,"67,925"
BANTEN,SERANG,3604,Listrik non-PLN,699
BANTEN,SERANG,3604,Tidak ada listrik,689
BANTEN,KOTA TANGERANG,3671,Listrik PLN,"68,244"
BANTEN,KOTA TANGERANG,3671,Listrik non-PLN,247
BANTEN,KOTA TANGERANG,3671,Tidak ada listrik,74
BANTEN,KOTA CILEGON,3672,Listrik PLN,"13,840"
BANTEN,KOTA CILEGON,3672,Listrik non-PLN,24
BANTEN,KOTA CILEGON,3672,Tidak ada listrik,17
BANTEN,KOTA SERANG,3673,Listrik PLN,"20,274"
BANTEN,KOTA SERANG,3673,Listrik non-PLN,155
BANTEN,KOTA SERANG,3673,Tidak ada listrik,60
BANTEN,KOTA TANGERANG SELATAN,3674,Listrik PLN,"34,144"
BANTEN,KOTA TANGERANG SELATAN,3674,Listrik non-PLN,268
BANTEN,KOTA TANGERANG SELATAN,3674,Tidak ada listrik,41
BANTEN,TOTAL,"642,142",Listrik PLN,"8,115"
BANTEN,TOTAL,"642,142",Listrik non-PLN,"4,333"
BALI,JEMBRANA,5101,Listrik PLN,"17,638"
BALI,JEMBRANA,5101,Listrik non-PLN,13
BALI,JEMBRANA,5101,Tidak ada listrik,59
BALI,TABANAN,5102,Listrik PLN,"28,927"
BALI,TABANAN,5102,Listrik non-PLN,4
BALI,TABANAN,5102,Tidak ada listrik,228
BALI,BADUNG,5103,Listrik PLN,"12,260"
BALI,BADUNG,5103,Listrik non-PLN,0
BALI,BADUNG,5103,Tidak ada listrik,41
BALI,GIANYAR,5104,Listrik PLN,"19,055"
BALI,GIANYAR,5104,Listrik non-PLN,9
BALI,GIANYAR,5104,Tidak ada listrik,35
BALI,KLUNGKUNG,5105,Listrik PLN,"10,796"
BALI,KLUNGKUNG,5105,Listrik non-PLN,186
BALI,KLUNGKUNG,5105,Tidak ada listrik,207
BALI,BANGLI,5106,Listrik PLN,"16,428"
BALI,BANGLI,5106,Listrik non-PLN,173
BALI,BANGLI,5106,Tidak ada listrik,715
BALI,KARANG ASEM,5107,Listrik PLN,"37,110"
BALI,KARANG ASEM,5107,Listrik non-PLN,164
BALI,KARANG ASEM,5107,Tidak ada listrik,"1,162"
BALI,BULELENG,5108,Listrik PLN,"60,302"
BALI,BULELENG,5108,Listrik non-PLN,363
BALI,BULELENG,5108,Tidak ada listrik,"1,317"
BALI,KOTA DENPASAR,5171,Listrik PLN,"4,703"
BALI,KOTA DENPASAR,5171,Listrik non-PLN,0
BALI,KOTA DENPASAR,5171,Tidak ada listrik,14
BALI,TOTAL,"207,219",Listrik PLN,912
BALI,TOTAL,"207,219",Listrik non-PLN,"3,778"
NUSA TENGGARA BARAT,LOMBOK BARAT,5201,Listrik PLN,"98,393"
NUSA TENGGARA BARAT,LOMBOK BARAT,5201,Listrik non-PLN,"2,425"
NUSA TENGGARA BARAT,LOMBOK BARAT,5201,Tidak ada listrik,"2,447"
NUSA TENGGARA BARAT,LOMBOK TENGAH,5202,Listrik PLN,"160,013"
NUSA TENGGARA BARAT,LOMBOK TENGAH,5202,Listrik non-PLN,"1,564"
NUSA TENGGARA BARAT,LOMBOK TENGAH,5202,Tidak ada listrik,"1,749"
NUSA TENGGARA BARAT,LOMBOK TIMUR,5203,Listrik PLN,"215,638"
NUSA TENGGARA BARAT,LOMBOK TIMUR,5203,Listrik non-PLN,"1,906"
NUSA TENGGARA BARAT,LOMBOK TIMUR,5203,Tidak ada listrik,"2,706"
NUSA TENGGARA BARAT,SUMBAWA,5204,Listrik PLN,"38,179"
NUSA TENGGARA BARAT,SUMBAWA,5204,Listrik non-PLN,"1,756"
NUSA TENGGARA BARAT,SUMBAWA,5204,Tidak ada listrik,"2,874"
NUSA TENGGARA BARAT,DOMPU,5205,Listrik PLN,"28,770"
NUSA TENGGARA BARAT,DOMPU,5205,Listrik non-PLN,309
NUSA TENGGARA BARAT,DOMPU,5205,Tidak ada listrik,"1,628"
NUSA TENGGARA BARAT,BIMA,5206,Listrik PLN,"56,596"
NUSA TENGGARA BARAT,BIMA,5206,Listrik non-PLN,"1,328"
NUSA TENGGARA BARAT,BIMA,5206,Tidak ada listrik,"3,991"
NUSA TENGGARA BARAT,SUMBAWA BARAT,5207,Listrik PLN,"13,837"
NUSA TENGGARA BARAT,SUMBAWA BARAT,5207,Listrik non-PLN,420
NUSA TENGGARA BARAT,SUMBAWA BARAT,5207,Tidak ada listrik,324
NUSA TENGGARA BARAT,LOMBOK UTARA,5208,Listrik PLN,"34,333"
NUSA TENGGARA BARAT,LOMBOK UTARA,5208,Listrik non-PLN,"1,211"
NUSA TENGGARA BARAT,LOMBOK UTARA,5208,Tidak ada listrik,977
NUSA TENGGARA BARAT,KOTA MATARAM,5271,Listrik PLN,"35,410"
NUSA TENGGARA BARAT,KOTA MATARAM,5271,Listrik non-PLN,219
NUSA TENGGARA BARAT,KOTA MATARAM,5271,Tidak ada listrik,91
NUSA TENGGARA BARAT,KOTA BIMA,5272,Listrik PLN,"15,308"
NUSA TENGGARA BARAT,KOTA BIMA,5272,Listrik non-PLN,118
NUSA TENGGARA BARAT,KOTA BIMA,5272,Tidak ada listrik,214
NUSA TENGGARA BARAT,TOTAL,"696,477",Listrik PLN,"11,256"
NUSA TENGGARA BARAT,TOTAL,"696,477",Listrik non-PLN,"17,001"
NUSA TENGGARA TIMUR,SUMBA BARAT,5301,Listrik PLN,"3,846"
NUSA TENGGARA TIMUR,SUMBA BARAT,5301,Listrik non-PLN,784
NUSA TENGGARA TIMUR,SUMBA BARAT,5301,Tidak ada listrik,"11,383"
NUSA TENGGARA TIMUR,SUMBA TIMUR,5302,Listrik PLN,"6,175"
NUSA TENGGARA TIMUR,SUMBA TIMUR,5302,Listrik non-PLN,"1,666"
NUSA TENGGARA TIMUR,SUMBA TIMUR,5302,Tidak ada listrik,"18,018"
NUSA TENGGARA TIMUR,KUPANG,5303,Listrik PLN,"20,452"
NUSA TENGGARA TIMUR,KUPANG,5303,Listrik non-PLN,"1,761"
NUSA TENGGARA TIMUR,KUPANG,5303,Tidak ada listrik,"13,667"
NUSA TENGGARA TIMUR,TIMOR TENGAH SELATAN,5304,Listrik PLN,"21,665"
NUSA TENGGARA TIMUR,TIMOR TENGAH SELATAN,5304,Listrik non-PLN,"4,888"
NUSA TENGGARA TIMUR,TIMOR TENGAH SELATAN,5304,Tidak ada listrik,"48,782"
NUSA TENGGARA TIMUR,TIMOR TENGAH UTARA,5305,Listrik PLN,"15,787"
NUSA TENGGARA TIMUR,TIMOR TENGAH UTARA,5305,Listrik non-PLN,"1,725"
NUSA TENGGARA TIMUR,TIMOR TENGAH UTARA,5305,Tidak ada listrik,"13,871"
NUSA TENGGARA TIMUR,BELU,5306,Listrik PLN,"11,054"
NUSA TENGGARA TIMUR,BELU,5306,Listrik non-PLN,"1,450"
NUSA TENGGARA TIMUR,BELU,5306,Tidak ada listrik,"8,464"
NUSA TENGGARA TIMUR,ALOR,5307,Listrik PLN,"11,850"
NUSA TENGGARA TIMUR,ALOR,5307,Listrik non-PLN,"4,057"
NUSA TENGGARA TIMUR,ALOR,5307,Tidak ada listrik,"10,270"
NUSA TENGGARA TIMUR,LEMBATA,5308,Listrik PLN,"9,303"
NUSA TENGGARA TIMUR,LEMBATA,5308,Listrik non-PLN,"3,901"
NUSA TENGGARA TIMUR,LEMBATA,5308,Tidak ada listrik,"4,003"
NUSA TENGGARA TIMUR,FLORES TIMUR,5309,Listrik PLN,"16,971"
NUSA TENGGARA TIMUR,FLORES TIMUR,5309,Listrik non-PLN,957
NUSA TENGGARA TIMUR,FLORES TIMUR,5309,Tidak ada listrik,"4,194"
NUSA TENGGARA TIMUR,SIKKA,5310,Listrik PLN,"18,828"
NUSA TENGGARA TIMUR,SIKKA,5310,Listrik non-PLN,"1,261"
NUSA TENGGARA TIMUR,SIKKA,5310,Tidak ada listrik,"14,152"
NUSA TENGGARA TIMUR,ENDE,5311,Listrik PLN,"21,403"
NUSA TENGGARA TIMUR,ENDE,5311,Listrik non-PLN,816
NUSA TENGGARA TIMUR,ENDE,5311,Tidak ada listrik,"5,539"
NUSA TENGGARA TIMUR,NGADA,5312,Listrik PLN,"7,814"
NUSA TENGGARA TIMUR,NGADA,5312,Listrik non-PLN,489
NUSA TENGGARA TIMUR,NGADA,5312,Tidak ada listrik,"3,571"
NUSA TENGGARA TIMUR,MANGGARAI,5313,Listrik PLN,"18,264"
NUSA TENGGARA TIMUR,MANGGARAI,5313,Listrik non-PLN,"3,006"
NUSA TENGGARA TIMUR,MANGGARAI,5313,Tidak ada listrik,"15,418"
NUSA TENGGARA TIMUR,ROTE NDAO,5314,Listrik PLN,"11,023"
NUSA TENGGARA TIMUR,ROTE NDAO,5314,Listrik non-PLN,"2,198"
NUSA TENGGARA TIMUR,ROTE NDAO,5314,Tidak ada listrik,"5,390"
NUSA TENGGARA TIMUR,MANGGARAI BARAT,5315,Listrik PLN,"10,943"
NUSA TENGGARA TIMUR,MANGGARAI BARAT,5315,Listrik non-PLN,"3,107"
NUSA TENGGARA TIMUR,MANGGARAI BARAT,5315,Tidak ada listrik,"20,166"
NUSA TENGGARA TIMUR,SUMBA TENGAH,5316,Listrik PLN,"1,591"
NUSA TENGGARA TIMUR,SUMBA TENGAH,5316,Listrik non-PLN,"1,283"
NUSA TENGGARA TIMUR,SUMBA TENGAH,5316,Tidak ada listrik,"6,577"
NUSA TENGGARA TIMUR,SUMBA BARAT DAYA,5317,Listrik PLN,"6,336"
NUSA TENGGARA TIMUR,SUMBA BARAT DAYA,5317,Listrik non-PLN,"1,698"
NUSA TENGGARA TIMUR,SUMBA BARAT DAYA,5317,Tidak ada listrik,"38,099"
NUSA TENGGARA TIMUR,NAGEKEO,5318,Listrik PLN,"7,093"
NUSA TENGGARA TIMUR,NAGEKEO,5318,Listrik non-PLN,492
NUSA TENGGARA TIMUR,NAGEKEO,5318,Tidak ada listrik,"3,664"
NUSA TENGGARA TIMUR,MANGGARAI TIMUR,5319,Listrik PLN,"6,497"
NUSA TENGGARA TIMUR,MANGGARAI TIMUR,5319,Listrik non-PLN,"5,237"
NUSA TENGGARA TIMUR,MANGGARAI TIMUR,5319,Tidak ada listrik,"27,928"
NUSA TENGGARA TIMUR,SABU RAIJUA,5320,Listrik PLN,"3,764"
NUSA TENGGARA TIMUR,SABU RAIJUA,5320,Listrik non-PLN,"2,360"
NUSA TENGGARA TIMUR,SABU RAIJUA,5320,Tidak ada listrik,"8,564"
NUSA TENGGARA TIMUR,MALAKA,5321,Listrik PLN,"9,126"
NUSA TENGGARA TIMUR,MALAKA,5321,Listrik non-PLN,440
NUSA TENGGARA TIMUR,MALAKA,5321,Tidak ada listrik,"12,789"
NUSA TENGGARA TIMUR,KOTA KUPANG,5371,Listrik PLN,"19,060"
NUSA TENGGARA TIMUR,KOTA KUPANG,5371,Listrik non-PLN,128
NUSA TENGGARA TIMUR,KOTA KUPANG,5371,Tidak ada listrik,371
NUSA TENGGARA TIMUR,TOTAL,"258,845",Listrik PLN,"43,704"
NUSA TENGGARA TIMUR,TOTAL,"258,845",Listrik non-PLN,"294,880"
KALIMANTAN BARAT,SAMBAS,6101,Listrik PLN,"38,360"
KALIMANTAN BARAT,SAMBAS,6101,Listrik non-PLN,880
KALIMANTAN BARAT,SAMBAS,6101,Tidak ada listrik,"1,860"
KALIMANTAN BARAT,BENGKAYANG,6102,Listrik PLN,"10,375"
KALIMANTAN BARAT,BENGKAYANG,6102,Listrik non-PLN,"1,199"
KALIMANTAN BARAT,BENGKAYANG,6102,Tidak ada listrik,"5,869"
KALIMANTAN BARAT,LANDAK,6103,Listrik PLN,"22,137"
KALIMANTAN BARAT,LANDAK,6103,Listrik non-PLN,"2,935"
KALIMANTAN BARAT,LANDAK,6103,Tidak ada listrik,"21,180"
KALIMANTAN BARAT,MEMPAWAH,6104,Listrik PLN,"24,147"
KALIMANTAN BARAT,MEMPAWAH,6104,Listrik non-PLN,421
KALIMANTAN BARAT,MEMPAWAH,6104,Tidak ada listrik,"1,469"
KALIMANTAN BARAT,SANGGAU,6105,Listrik PLN,"14,391"
KALIMANTAN BARAT,SANGGAU,6105,Listrik non-PLN,"3,527"
KALIMANTAN BARAT,SANGGAU,6105,Tidak ada listrik,"13,072"
KALIMANTAN BARAT,KETAPANG,6106,Listrik PLN,"22,967"
KALIMANTAN BARAT,KETAPANG,6106,Listrik non-PLN,"5,156"
KALIMANTAN BARAT,KETAPANG,6106,Tidak ada listrik,"11,777"
KALIMANTAN BARAT,SINTANG,6107,Listrik PLN,"14,706"
KALIMANTAN BARAT,SINTANG,6107,Listrik non-PLN,"5,191"
KALIMANTAN BARAT,SINTANG,6107,Tidak ada listrik,"23,028"
KALIMANTAN BARAT,KAPUAS HULU,6108,Listrik PLN,"14,680"
KALIMANTAN BARAT,KAPUAS HULU,6108,Listrik non-PLN,"4,283"
KALIMANTAN BARAT,KAPUAS HULU,6108,Tidak ada listrik,"7,598"
KALIMANTAN BARAT,SEKADAU,6109,Listrik PLN,"2,225"
KALIMANTAN BARAT,SEKADAU,6109,Listrik non-PLN,"1,722"
KALIMANTAN BARAT,SEKADAU,6109,Tidak ada listrik,"5,077"
KALIMANTAN BARAT,MELAWI,6110,Listrik PLN,"6,681"
KALIMANTAN BARAT,MELAWI,6110,Listrik non-PLN,"1,440"
KALIMANTAN BARAT,MELAWI,6110,Tidak ada listrik,"9,141"
KALIMANTAN BARAT,KAYONG UTARA,6111,Listrik PLN,"6,662"
KALIMANTAN BARAT,KAYONG UTARA,6111,Listrik non-PLN,452
KALIMANTAN BARAT,KAYONG UTARA,6111,Tidak ada listrik,"1,492"
KALIMANTAN BARAT,KUBU RAYA,6112,Listrik PLN,"45,031"
KALIMANTAN BARAT,KUBU RAYA,6112,Listrik non-PLN,"1,799"
KALIMANTAN BARAT,KUBU RAYA,6112,Tidak ada listrik,"3,943"
KALIMANTAN BARAT,KOTA PONTIANAK,6171,Listrik PLN,"23,181"
KALIMANTAN BARAT,KOTA PONTIANAK,6171,Listrik non-PLN,164
KALIMANTAN BARAT,KOTA PONTIANAK,6171,Tidak ada listrik,106
KALIMANTAN BARAT,KOTA SINGKAWANG,6172,Listrik PLN,"12,627"
KALIMANTAN BARAT,KOTA SINGKAWANG,6172,Listrik non-PLN,501
KALIMANTAN BARAT,KOTA SINGKAWANG,6172,Tidak ada listrik,666
KALIMANTAN BARAT,TOTAL,"258,170",Listrik PLN,"29,670"
KALIMANTAN BARAT,TOTAL,"258,170",Listrik non-PLN,"106,278"
KALIMANTAN TENGAH,KOTAWARINGIN BARAT,6201,Listrik PLN,"8,388"
KALIMANTAN TENGAH,KOTAWARINGIN BARAT,6201,Listrik non-PLN,856
KALIMANTAN TENGAH,KOTAWARINGIN BARAT,6201,Tidak ada listrik,598
KALIMANTAN TENGAH,KOTAWARINGIN TIMUR,6202,Listrik PLN,"20,128"
KALIMANTAN TENGAH,KOTAWARINGIN TIMUR,6202,Listrik non-PLN,"2,831"
KALIMANTAN TENGAH,KOTAWARINGIN TIMUR,6202,Tidak ada listrik,"5,101"
KALIMANTAN TENGAH,KAPUAS,6203,Listrik PLN,"23,199"
KALIMANTAN TENGAH,KAPUAS,6203,Listrik non-PLN,"1,222"
KALIMANTAN TENGAH,KAPUAS,6203,Tidak ada listrik,"6,177"
KALIMANTAN TENGAH,BARITO SELATAN,6204,Listrik PLN,"3,875"
KALIMANTAN TENGAH,BARITO SELATAN,6204,Listrik non-PLN,684
KALIMANTAN TENGAH,BARITO SELATAN,6204,Tidak ada listrik,"2,553"
KALIMANTAN TENGAH,BARITO UTARA,6205,Listrik PLN,"3,079"
KALIMANTAN TENGAH,BARITO UTARA,6205,Listrik non-PLN,"1,971"
KALIMANTAN TENGAH,BARITO UTARA,6205,Tidak ada listrik,"2,190"
KALIMANTAN TENGAH,SUKAMARA,6206,Listrik PLN,"1,498"
KALIMANTAN TENGAH,SUKAMARA,6206,Listrik non-PLN,617
KALIMANTAN TENGAH,SUKAMARA,6206,Tidak ada listrik,520
KALIMANTAN TENGAH,LAMANDAU,6207,Listrik PLN,"1,117"
KALIMANTAN TENGAH,LAMANDAU,6207,Listrik non-PLN,847
KALIMANTAN TENGAH,LAMANDAU,6207,Tidak ada listrik,"1,161"
KALIMANTAN TENGAH,SERUYAN,6208,Listrik PLN,"3,779"
KALIMANTAN TENGAH,SERUYAN,6208,Listrik non-PLN,"1,987"
KALIMANTAN TENGAH,SERUYAN,6208,Tidak ada listrik,989
KALIMANTAN TENGAH,KATINGAN,6209,Listrik PLN,"6,064"
KALIMANTAN TENGAH,KATINGAN,6209,Listrik non-PLN,745
KALIMANTAN TENGAH,KATINGAN,6209,Tidak ada listrik,"2,419"
KALIMANTAN TENGAH,PULANG PISAU,6210,Listrik PLN,"9,706"
KALIMANTAN TENGAH,PULANG PISAU,6210,Listrik non-PLN,497
KALIMANTAN TENGAH,PULANG PISAU,6210,Tidak ada listrik,805
KALIMANTAN TENGAH,GUNUNG MAS,6211,Listrik PLN,442
KALIMANTAN TENGAH,GUNUNG MAS,6211,Listrik non-PLN,345
KALIMANTAN TENGAH,GUNUNG MAS,6211,Tidak ada listrik,656
KALIMANTAN TENGAH,BARITO TIMUR,6212,Listrik PLN,"3,954"
KALIMANTAN TENGAH,BARITO TIMUR,6212,Listrik non-PLN,264
KALIMANTAN TENGAH,BARITO TIMUR,6212,Tidak ada listrik,900
KALIMANTAN TENGAH,MURUNG RAYA,6213,Listrik PLN,"1,205"
KALIMANTAN TENGAH,MURUNG RAYA,6213,Listrik non-PLN,"1,733"
KALIMANTAN TENGAH,MURUNG RAYA,6213,Tidak ada listrik,"2,753"
KALIMANTAN TENGAH,KOTA PALANGKA RAYA,6271,Listrik PLN,"8,680"
KALIMANTAN TENGAH,KOTA PALANGKA RAYA,6271,Listrik non-PLN,274
KALIMANTAN TENGAH,KOTA PALANGKA RAYA,6271,Tidak ada listrik,188
KALIMANTAN TENGAH,TOTAL,"95,114",Listrik PLN,"14,873"
KALIMANTAN TENGAH,TOTAL,"95,114",Listrik non-PLN,"27,010"
KALIMANTAN SELATAN,TANAH LAUT,6301,Listrik PLN,"16,673"
KALIMANTAN SELATAN,TANAH LAUT,6301,Listrik non-PLN,402
KALIMANTAN SELATAN,TANAH LAUT,6301,Tidak ada listrik,523
KALIMANTAN SELATAN,KOTA BARU,6302,Listrik PLN,"8,892"
KALIMANTAN SELATAN,KOTA BARU,6302,Listrik non-PLN,"2,389"
KALIMANTAN SELATAN,KOTA BARU,6302,Tidak ada listrik,"3,452"
KALIMANTAN SELATAN,BANJAR,6303,Listrik PLN,"22,636"
KALIMANTAN SELATAN,BANJAR,6303,Listrik non-PLN,145
KALIMANTAN SELATAN,BANJAR,6303,Tidak ada listrik,"1,282"
KALIMANTAN SELATAN,BARITO KUALA,6304,Listrik PLN,"16,622"
KALIMANTAN SELATAN,BARITO KUALA,6304,Listrik non-PLN,220
KALIMANTAN SELATAN,BARITO KUALA,6304,Tidak ada listrik,"1,329"
KALIMANTAN SELATAN,TAPIN,6305,Listrik PLN,"5,619"
KALIMANTAN SELATAN,TAPIN,6305,Listrik non-PLN,79
KALIMANTAN SELATAN,TAPIN,6305,Tidak ada listrik,735
KALIMANTAN SELATAN,HULU SUNGAI SELATAN,6306,Listrik PLN,"19,324"
KALIMANTAN SELATAN,HULU SUNGAI SELATAN,6306,Listrik non-PLN,275
KALIMANTAN SELATAN,HULU SUNGAI SELATAN,6306,Tidak ada listrik,"1,912"
KALIMANTAN SELATAN,HULU SUNGAI TENGAH,6307,Listrik PLN,"23,325"
KALIMANTAN SELATAN,HULU SUNGAI TENGAH,6307,Listrik non-PLN,798
KALIMANTAN SELATAN,HULU SUNGAI TENGAH,6307,Tidak ada listrik,"2,408"
KALIMANTAN SELATAN,HULU SUNGAI UTARA,6308,Listrik PLN,"24,674"
KALIMANTAN SELATAN,HULU SUNGAI UTARA,6308,Listrik non-PLN,503
KALIMANTAN SELATAN,HULU SUNGAI UTARA,6308,Tidak ada listrik,823
KALIMANTAN SELATAN,TABALONG,6309,Listrik PLN,"17,942"
KALIMANTAN SELATAN,TABALONG,6309,Listrik non-PLN,494
KALIMANTAN SELATAN,TABALONG,6309,Tidak ada listrik,814
KALIMANTAN SELATAN,TANAH BUMBU,6310,Listrik PLN,"15,121"
KALIMANTAN SELATAN,TANAH BUMBU,6310,Listrik non-PLN,713
KALIMANTAN SELATAN,TANAH BUMBU,6310,Tidak ada listrik,923
KALIMANTAN SELATAN,BALANGAN,6311,Listrik PLN,"5,926"
KALIMANTAN SELATAN,BALANGAN,6311,Listrik non-PLN,152
KALIMANTAN SELATAN,BALANGAN,6311,Tidak ada listrik,"1,354"
KALIMANTAN SELATAN,KOTA BANJARMASIN,6371,Listrik PLN,"36,472"
KALIMANTAN SELATAN,KOTA BANJARMASIN,6371,Listrik non-PLN,94
KALIMANTAN SELATAN,KOTA BANJARMASIN,6371,Tidak ada listrik,67
KALIMANTAN SELATAN,KOTA BANJAR BARU,6372,Listrik PLN,"10,563"
KALIMANTAN SELATAN,KOTA BANJAR BARU,6372,Listrik non-PLN,95
KALIMANTAN SELATAN,KOTA BANJAR BARU,6372,Tidak ada listrik,123
KALIMANTAN SELATAN,TOTAL,"223,789",Listrik PLN,"6,359"
KALIMANTAN SELATAN,TOTAL,"223,789",Listrik non-PLN,"15,745"
KALIMANTAN TIMUR,PASER,6401,Listrik PLN,"14,256"
KALIMANTAN TIMUR,PASER,6401,Listrik non-PLN,"4,921"
KALIMANTAN TIMUR,PASER,6401,Tidak ada listrik,"2,249"
KALIMANTAN TIMUR,KUTAI BARAT,6402,Listrik PLN,"4,300"
KALIMANTAN TIMUR,KUTAI BARAT,6402,Listrik non-PLN,"3,042"
KALIMANTAN TIMUR,KUTAI BARAT,6402,Tidak ada listrik,"2,808"
KALIMANTAN TIMUR,KUTAI KARTANEGARA,6403,Listrik PLN,"28,039"
KALIMANTAN TIMUR,KUTAI KARTANEGARA,6403,Listrik non-PLN,"5,140"
KALIMANTAN TIMUR,KUTAI KARTANEGARA,6403,Tidak ada listrik,"2,640"
KALIMANTAN TIMUR,KUTAI TIMUR,6404,Listrik PLN,"10,655"
KALIMANTAN TIMUR,KUTAI TIMUR,6404,Listrik non-PLN,"8,443"
KALIMANTAN TIMUR,KUTAI TIMUR,6404,Tidak ada listrik,"3,236"
KALIMANTAN TIMUR,BERAU,6405,Listrik PLN,"4,653"
KALIMANTAN TIMUR,BERAU,6405,Listrik non-PLN,"1,901"
KALIMANTAN TIMUR,BERAU,6405,Tidak ada listrik,"1,415"
KALIMANTAN TIMUR,PENAJAM PASER UTARA,6409,Listrik PLN,"9,910"
KALIMANTAN TIMUR,PENAJAM PASER UTARA,6409,Listrik non-PLN,246
KALIMANTAN TIMUR,PENAJAM PASER UTARA,6409,Tidak ada listrik,347
KALIMANTAN TIMUR,MAHAKAM HULU,6411,Listrik PLN,286
KALIMANTAN TIMUR,MAHAKAM HULU,6411,Listrik non-PLN,"1,334"
KALIMANTAN TIMUR,MAHAKAM HULU,6411,Tidak ada listrik,493
KALIMANTAN TIMUR,KOTA BALIKPAPAN,6471,Listrik PLN,"24,254"
KALIMANTAN TIMUR,KOTA BALIKPAPAN,6471,Listrik non-PLN,321
KALIMANTAN TIMUR,KOTA BALIKPAPAN,6471,Tidak ada listrik,118
KALIMANTAN TIMUR,KOTA SAMARINDA,6472,Listrik PLN,"27,017"
KALIMANTAN TIMUR,KOTA SAMARINDA,6472,Listrik non-PLN,82
KALIMANTAN TIMUR,KOTA SAMARINDA,6472,Tidak ada listrik,215
KALIMANTAN TIMUR,KOTA BONTANG,6474,Listrik PLN,"6,964"
KALIMANTAN TIMUR,KOTA BONTANG,6474,Listrik non-PLN,377
KALIMANTAN TIMUR,KOTA BONTANG,6474,Tidak ada listrik,99
KALIMANTAN TIMUR,TOTAL,"130,334",Listrik PLN,"25,807"
KALIMANTAN TIMUR,TOTAL,"130,334",Listrik non-PLN,"13,620"
KALIMANTAN UTARA,MALINAU,6501,Listrik PLN,"2,636"
KALIMANTAN UTARA,MALINAU,6501,Listrik non-PLN,"1,122"
KALIMANTAN UTARA,MALINAU,6501,Tidak ada listrik,896
KALIMANTAN UTARA,BULUNGAN,6502,Listrik PLN,"3,422"
KALIMANTAN UTARA,BULUNGAN,6502,Listrik non-PLN,"1,003"
KALIMANTAN UTARA,BULUNGAN,6502,Tidak ada listrik,970
KALIMANTAN UTARA,TANA TIDUNG,6503,Listrik PLN,324
KALIMANTAN UTARA,TANA TIDUNG,6503,Listrik non-PLN,210
KALIMANTAN UTARA,TANA TIDUNG,6503,Tidak ada listrik,159
KALIMANTAN UTARA,NUNUKAN,6504,Listrik PLN,"6,429"
KALIMANTAN UTARA,NUNUKAN,6504,Listrik non-PLN,"2,989"
KALIMANTAN UTARA,NUNUKAN,6504,Tidak ada listrik,"3,482"
KALIMANTAN UTARA,KOTA TARAKAN,6571,Listrik PLN,"9,879"
KALIMANTAN UTARA,KOTA TARAKAN,6571,Listrik non-PLN,169
KALIMANTAN UTARA,KOTA TARAKAN,6571,Tidak ada listrik,132
KALIMANTAN UTARA,TOTAL,"22,690",Listrik PLN,"5,493"
KALIMANTAN UTARA,TOTAL,"22,690",Listrik non-PLN,"5,639"
SULAWESI UTARA,BOLAANG MONGONDOW,7101,Listrik PLN,"25,182"
SULAWESI UTARA,BOLAANG MONGONDOW,7101,Listrik non-PLN,216
SULAWESI UTARA,BOLAANG MONGONDOW,7101,Tidak ada listrik,394
SULAWESI UTARA,MINAHASA,7102,Listrik PLN,"19,899"
SULAWESI UTARA,MINAHASA,7102,Listrik non-PLN,269
SULAWESI UTARA,MINAHASA,7102,Tidak ada listrik,367
SULAWESI UTARA,KEPULAUAN SANGIHE,7103,Listrik PLN,"7,465"
SULAWESI UTARA,KEPULAUAN SANGIHE,7103,Listrik non-PLN,571
SULAWESI UTARA,KEPULAUAN SANGIHE,7103,Tidak ada listrik,"1,623"
SULAWESI UTARA,KEPULAUAN TALAUD,7104,Listrik PLN,"6,781"
SULAWESI UTARA,KEPULAUAN TALAUD,7104,Listrik non-PLN,165
SULAWESI UTARA,KEPULAUAN TALAUD,7104,Tidak ada listrik,262
SULAWESI UTARA,MINAHASA SELATAN,7105,Listrik PLN,"24,605"
SULAWESI UTARA,MINAHASA SELATAN,7105,Listrik non-PLN,102
SULAWESI UTARA,MINAHASA SELATAN,7105,Tidak ada listrik,335
SULAWESI UTARA,MINAHASA UTARA,7106,Listrik PLN,"15,565"
SULAWESI UTARA,MINAHASA UTARA,7106,Listrik non-PLN,295
SULAWESI UTARA,MINAHASA UTARA,7106,Tidak ada listrik,546
SULAWESI UTARA,BOLAANG MONGONDOW UTARA,7107,Listrik PLN,"6,648"
SULAWESI UTARA,BOLAANG MONGONDOW UTARA,7107,Listrik non-PLN,224
SULAWESI UTARA,BOLAANG MONGONDOW UTARA,7107,Tidak ada listrik,222
SULAWESI UTARA,SIAU TAGULANDANG BIARO,7108,Listrik PLN,"2,433"
SULAWESI UTARA,SIAU TAGULANDANG BIARO,7108,Listrik non-PLN,286
SULAWESI UTARA,SIAU TAGULANDANG BIARO,7108,Tidak ada listrik,127
SULAWESI UTARA,MINAHASA TENGGARA,7109,Listrik PLN,"9,282"
SULAWESI UTARA,MINAHASA TENGGARA,7109,Listrik non-PLN,59
SULAWESI UTARA,MINAHASA TENGGARA,7109,Tidak ada listrik,161
SULAWESI UTARA,BOLAANG MONGONDOW SELATAN,7110,Listrik PLN,"4,829"
SULAWESI UTARA,BOLAANG MONGONDOW SELATAN,7110,Listrik non-PLN,71
SULAWESI UTARA,BOLAANG MONGONDOW SELATAN,7110,Tidak ada listrik,234
SULAWESI UTARA,BOLAANG MONGONDOW TIMUR,7111,Listrik PLN,"4,747"
SULAWESI UTARA,BOLAANG MONGONDOW TIMUR,7111,Listrik non-PLN,118
SULAWESI UTARA,BOLAANG MONGONDOW TIMUR,7111,Tidak ada listrik,167
SULAWESI UTARA,KOTA MANADO,7171,Listrik PLN,"18,752"
SULAWESI UTARA,KOTA MANADO,7171,Listrik non-PLN,342
SULAWESI UTARA,KOTA MANADO,7171,Tidak ada listrik,217
SULAWESI UTARA,KOTA BITUNG,7172,Listrik PLN,"11,712"
SULAWESI UTARA,KOTA BITUNG,7172,Listrik non-PLN,"1,018"
SULAWESI UTARA,KOTA BITUNG,7172,Tidak ada listrik,355
SULAWESI UTARA,KOTA TOMOHON,7173,Listrik PLN,"7,631"
SULAWESI UTARA,KOTA TOMOHON,7173,Listrik non-PLN,5
SULAWESI UTARA,KOTA TOMOHON,7173,Tidak ada listrik,38
SULAWESI UTARA,KOTAMOBAGU,7174,Listrik PLN,"7,581"
SULAWESI UTARA,KOTAMOBAGU,7174,Listrik non-PLN,95
SULAWESI UTARA,KOTAMOBAGU,7174,Tidak ada listrik,31
SULAWESI UTARA,TOTAL,"173,112",Listrik PLN,"3,836"
SULAWESI UTARA,TOTAL,"173,112",Listrik non-PLN,"5,079"
SULAWESI TENGAH,BANGGAI KEPULAUAN,7201,Listrik PLN,"5,585"
SULAWESI TENGAH,BANGGAI KEPULAUAN,7201,Listrik non-PLN,"1,745"
SULAWESI TENGAH,BANGGAI KEPULAUAN,7201,Tidak ada listrik,"4,861"
SULAWESI TENGAH,BANGGAI,7202,Listrik PLN,"27,844"
SULAWESI TENGAH,BANGGAI,7202,Listrik non-PLN,"2,139"
SULAWESI TENGAH,BANGGAI,7202,Tidak ada listrik,"5,149"
SULAWESI TENGAH,MOROWALI,7203,Listrik PLN,"5,312"
SULAWESI TENGAH,MOROWALI,7203,Listrik non-PLN,"3,591"
SULAWESI TENGAH,MOROWALI,7203,Tidak ada listrik,"1,109"
SULAWESI TENGAH,POSO,7204,Listrik PLN,"21,768"
SULAWESI TENGAH,POSO,7204,Listrik non-PLN,631
SULAWESI TENGAH,POSO,7204,Tidak ada listrik,"1,838"
SULAWESI TENGAH,DONGGALA,7205,Listrik PLN,"20,442"
SULAWESI TENGAH,DONGGALA,7205,Listrik non-PLN,"3,519"
SULAWESI TENGAH,DONGGALA,7205,Tidak ada listrik,"8,335"
SULAWESI TENGAH,TOLI-TOLI,7206,Listrik PLN,"14,158"
SULAWESI TENGAH,TOLI-TOLI,7206,Listrik non-PLN,"1,454"
SULAWESI TENGAH,TOLI-TOLI,7206,Tidak ada listrik,"3,637"
SULAWESI TENGAH,BUOL,7207,Listrik PLN,"8,400"
SULAWESI TENGAH,BUOL,7207,Listrik non-PLN,"1,435"
SULAWESI TENGAH,BUOL,7207,Tidak ada listrik,"3,566"
SULAWESI TENGAH,PARIGI MOUTONG,7208,Listrik PLN,"32,969"
SULAWESI TENGAH,PARIGI MOUTONG,7208,Listrik non-PLN,"1,392"
SULAWESI TENGAH,PARIGI MOUTONG,7208,Tidak ada listrik,"9,627"
SULAWESI TENGAH,TOJO UNA-UNA,7209,Listrik PLN,"7,069"
SULAWESI TENGAH,TOJO UNA-UNA,7209,Listrik non-PLN,"3,077"
SULAWESI TENGAH,TOJO UNA-UNA,7209,Tidak ada listrik,"4,207"
SULAWESI TENGAH,SIGI,7210,Listrik PLN,"14,602"
SULAWESI TENGAH,SIGI,7210,Listrik non-PLN,"2,227"
SULAWESI TENGAH,SIGI,7210,Tidak ada listrik,"5,254"
SULAWESI TENGAH,BANGGAI LAUT,7211,Listrik PLN,"2,300"
SULAWESI TENGAH,BANGGAI LAUT,7211,Listrik non-PLN,911
SULAWESI TENGAH,BANGGAI LAUT,7211,Tidak ada listrik,"1,058"
SULAWESI TENGAH,MOROWALI UTARA,7212,Listrik PLN,"6,139"
SULAWESI TENGAH,MOROWALI UTARA,7212,Listrik non-PLN,"1,306"
SULAWESI TENGAH,MOROWALI UTARA,7212,Tidak ada listrik,"2,446"
SULAWESI TENGAH,KOTA PALU,7271,Listrik PLN,"12,786"
SULAWESI TENGAH,KOTA PALU,7271,Listrik non-PLN,118
SULAWESI TENGAH,KOTA PALU,7271,Tidak ada listrik,299
SULAWESI TENGAH,TOTAL,"179,374",Listrik PLN,"23,545"
SULAWESI TENGAH,TOTAL,"179,374",Listrik non-PLN,"51,386"
SULAWESI SELATAN,KEPULAUAN SELAYAR,7301,Listrik PLN,"6,495"
SULAWESI SELATAN,KEPULAUAN SELAYAR,7301,Listrik non-PLN,"4,954"
SULAWESI SELATAN,KEPULAUAN SELAYAR,7301,Tidak ada listrik,"2,126"
SULAWESI SELATAN,BULUKUMBA,7302,Listrik PLN,"32,415"
SULAWESI SELATAN,BULUKUMBA,7302,Listrik non-PLN,493
SULAWESI SELATAN,BULUKUMBA,7302,Tidak ada listrik,"2,625"
SULAWESI SELATAN,BANTAENG,7303,Listrik PLN,"14,752"
SULAWESI SELATAN,BANTAENG,7303,Listrik non-PLN,793
SULAWESI SELATAN,BANTAENG,7303,Tidak ada listrik,"1,293"
SULAWESI SELATAN,JENEPONTO,7304,Listrik PLN,"50,619"
SULAWESI SELATAN,JENEPONTO,7304,Listrik non-PLN,329
SULAWESI SELATAN,JENEPONTO,7304,Tidak ada listrik,661
SULAWESI SELATAN,TAKALAR,7305,Listrik PLN,"32,663"
SULAWESI SELATAN,TAKALAR,7305,Listrik non-PLN,830
SULAWESI SELATAN,TAKALAR,7305,Tidak ada listrik,645
SULAWESI SELATAN,GOWA,7306,Listrik PLN,"66,975"
SULAWESI SELATAN,GOWA,7306,Listrik non-PLN,905
SULAWESI SELATAN,GOWA,7306,Tidak ada listrik,"2,147"
SULAWESI SELATAN,SINJAI,7307,Listrik PLN,"16,516"
SULAWESI SELATAN,SINJAI,7307,Listrik non-PLN,"1,332"
SULAWESI SELATAN,SINJAI,7307,Tidak ada listrik,"3,023"
SULAWESI SELATAN,MAROS,7308,Listrik PLN,"26,701"
SULAWESI SELATAN,MAROS,7308,Listrik non-PLN,"1,497"
SULAWESI SELATAN,MAROS,7308,Tidak ada listrik,"2,290"
SULAWESI SELATAN,PANGKAJENE DAN KEPULAUAN,7309,Listrik PLN,"23,864"
SULAWESI SELATAN,PANGKAJENE DAN KEPULAUAN,7309,Listrik non-PLN,"5,312"
SULAWESI SELATAN,PANGKAJENE DAN KEPULAUAN,7309,Tidak ada listrik,"2,911"
SULAWESI SELATAN,BARRU,7310,Listrik PLN,"13,690"
SULAWESI SELATAN,BARRU,7310,Listrik non-PLN,913
SULAWESI SELATAN,BARRU,7310,Tidak ada listrik,"1,922"
SULAWESI SELATAN,BONE,7311,Listrik PLN,"69,445"
SULAWESI SELATAN,BONE,7311,Listrik non-PLN,"2,743"
SULAWESI SELATAN,BONE,7311,Tidak ada listrik,"7,967"
SULAWESI SELATAN,SOPPENG,7312,Listrik PLN,"18,156"
SULAWESI SELATAN,SOPPENG,7312,Listrik non-PLN,"1,032"
SULAWESI SELATAN,SOPPENG,7312,Tidak ada listrik,"2,464"
SULAWESI SELATAN,WAJO,7313,Listrik PLN,"25,625"
SULAWESI SELATAN,WAJO,7313,Listrik non-PLN,605
SULAWESI SELATAN,WAJO,7313,Tidak ada listrik,"3,654"
SULAWESI SELATAN,SIDENRENG RAPPANG,7314,Listrik PLN,"19,354"
SULAWESI SELATAN,SIDENRENG RAPPANG,7314,Listrik non-PLN,912
SULAWESI SELATAN,SIDENRENG RAPPANG,7314,Tidak ada listrik,"1,164"
SULAWESI SELATAN,PINRANG,7315,Listrik PLN,"19,800"
SULAWESI SELATAN,PINRANG,7315,Listrik non-PLN,"2,246"
SULAWESI SELATAN,PINRANG,7315,Tidak ada listrik,961
SULAWESI SELATAN,ENREKANG,7316,Listrik PLN,"16,811"
SULAWESI SELATAN,ENREKANG,7316,Listrik non-PLN,"1,806"
SULAWESI SELATAN,ENREKANG,7316,Tidak ada listrik,"1,202"
SULAWESI SELATAN,LUWU,7317,Listrik PLN,"24,725"
SULAWESI SELATAN,LUWU,7317,Listrik non-PLN,"3,755"
SULAWESI SELATAN,LUWU,7317,Tidak ada listrik,"5,217"
SULAWESI SELATAN,TANA TORAJA,7318,Listrik PLN,"14,024"
SULAWESI SELATAN,TANA TORAJA,7318,Listrik non-PLN,"6,618"
SULAWESI SELATAN,TANA TORAJA,7318,Tidak ada listrik,"3,615"
SULAWESI SELATAN,LUWU UTARA,7322,Listrik PLN,"24,675"
SULAWESI SELATAN,LUWU UTARA,7322,Listrik non-PLN,"4,524"
SULAWESI SELATAN,LUWU UTARA,7322,Tidak ada listrik,"2,764"
SULAWESI SELATAN,LUWU TIMUR,7325,Listrik PLN,"15,215"
SULAWESI SELATAN,LUWU TIMUR,7325,Listrik non-PLN,997
SULAWESI SELATAN,LUWU TIMUR,7325,Tidak ada listrik,"2,301"
SULAWESI SELATAN,TORAJA UTARA,7326,Listrik PLN,"18,323"
SULAWESI SELATAN,TORAJA UTARA,7326,Listrik non-PLN,"3,039"
SULAWESI SELATAN,TORAJA UTARA,7326,Tidak ada listrik,"2,303"
SULAWESI SELATAN,KOTA MAKASSAR,7371,Listrik PLN,"49,140"
SULAWESI SELATAN,KOTA MAKASSAR,7371,Listrik non-PLN,"1,214"
SULAWESI SELATAN,KOTA MAKASSAR,7371,Tidak ada listrik,162
SULAWESI SELATAN,KOTA PAREPARE,7372,Listrik PLN,"7,053"
SULAWESI SELATAN,KOTA PAREPARE,7372,Listrik non-PLN,0
SULAWESI SELATAN,KOTA PAREPARE,7372,Tidak ada listrik,83
SULAWESI SELATAN,KOTA PALOPO,7373,Listrik PLN,"6,999"
SULAWESI SELATAN,KOTA PALOPO,7373,Listrik non-PLN,4
SULAWESI SELATAN,KOTA PALOPO,7373,Tidak ada listrik,272
SULAWESI SELATAN,TOTAL,"614,035",Listrik PLN,"46,853"
SULAWESI SELATAN,TOTAL,"614,035",Listrik non-PLN,"53,772"
SULAWESI TENGGARA,BUTON,7401,Listrik PLN,"7,230"
SULAWESI TENGGARA,BUTON,7401,Listrik non-PLN,927
SULAWESI TENGGARA,BUTON,7401,Tidak ada listrik,"2,309"
SULAWESI TENGGARA,MUNA,7402,Listrik PLN,"19,744"
SULAWESI TENGGARA,MUNA,7402,Listrik non-PLN,"1,402"
SULAWESI TENGGARA,MUNA,7402,Tidak ada listrik,"4,301"
SULAWESI TENGGARA,KONAWE,7403,Listrik PLN,"16,401"
SULAWESI TENGGARA,KONAWE,7403,Listrik non-PLN,"1,416"
SULAWESI TENGGARA,KONAWE,7403,Tidak ada listrik,"3,050"
SULAWESI TENGGARA,KOLAKA,7404,Listrik PLN,"9,394"
SULAWESI TENGGARA,KOLAKA,7404,Listrik non-PLN,"1,217"
SULAWESI TENGGARA,KOLAKA,7404,Tidak ada listrik,"2,487"
SULAWESI TENGGARA,KONAWE SELATAN,7405,Listrik PLN,"19,298"
SULAWESI TENGGARA,KONAWE SELATAN,7405,Listrik non-PLN,981
SULAWESI TENGGARA,KONAWE SELATAN,7405,Tidak ada listrik,"2,999"
SULAWESI TENGGARA,BOMBANA,7406,Listrik PLN,"10,048"
SULAWESI TENGGARA,BOMBANA,7406,Listrik non-PLN,"2,876"
SULAWESI TENGGARA,BOMBANA,7406,Tidak ada listrik,"3,640"
SULAWESI TENGGARA,WAKATOBI,7407,Listrik PLN,"5,049"
SULAWESI TENGGARA,WAKATOBI,7407,Listrik non-PLN,"1,019"
SULAWESI TENGGARA,WAKATOBI,7407,Tidak ada listrik,945
SULAWESI TENGGARA,KOLAKA UTARA,7408,Listrik PLN,"10,951"
SULAWESI TENGGARA,KOLAKA UTARA,7408,Listrik non-PLN,"2,247"
SULAWESI TENGGARA,KOLAKA UTARA,7408,Tidak ada listrik,"3,448"
SULAWESI TENGGARA,BUTON UTARA,7409,Listrik PLN,"2,642"
SULAWESI TENGGARA,BUTON UTARA,7409,Listrik non-PLN,848
SULAWESI TENGGARA,BUTON UTARA,7409,Tidak ada listrik,"3,376"
SULAWESI TENGGARA,KONAWE UTARA,7410,Listrik PLN,"3,184"
SULAWESI TENGGARA,KONAWE UTARA,7410,Listrik non-PLN,"1,105"
SULAWESI TENGGARA,KONAWE UTARA,7410,Tidak ada listrik,"1,065"
SULAWESI TENGGARA,KOLAKA TIMUR,7411,Listrik PLN,"4,827"
SULAWESI TENGGARA,KOLAKA TIMUR,7411,Listrik non-PLN,"1,336"
SULAWESI TENGGARA,KOLAKA TIMUR,7411,Tidak ada listrik,"3,670"
SULAWESI TENGGARA,KONAWE KEPULAUAN,7412,Listrik PLN,"2,860"
SULAWESI TENGGARA,KONAWE KEPULAUAN,7412,Listrik non-PLN,"1,022"
SULAWESI TENGGARA,KONAWE KEPULAUAN,7412,Tidak ada listrik,"1,518"
SULAWESI TENGGARA,MUNA BARAT,7413,Listrik PLN,"8,095"
SULAWESI TENGGARA,MUNA BARAT,7413,Listrik non-PLN,"1,272"
SULAWESI TENGGARA,MUNA BARAT,7413,Tidak ada listrik,"2,238"
SULAWESI TENGGARA,BUTON TENGAH,7414,Listrik PLN,"10,606"
SULAWESI TENGGARA,BUTON TENGAH,7414,Listrik non-PLN,849
SULAWESI TENGGARA,BUTON TENGAH,7414,Tidak ada listrik,"1,509"
SULAWESI TENGGARA,BUTON SELATAN,7415,Listrik PLN,"5,953"
SULAWESI TENGGARA,BUTON SELATAN,7415,Listrik non-PLN,"1,036"
SULAWESI TENGGARA,BUTON SELATAN,7415,Tidak ada listrik,"2,589"
SULAWESI TENGGARA,KOTA KENDARI,7471,Listrik PLN,"17,117"
SULAWESI TENGGARA,KOTA KENDARI,7471,Listrik non-PLN,22
SULAWESI TENGGARA,KOTA KENDARI,7471,Tidak ada listrik,350
SULAWESI TENGGARA,KOTA BAUBAU,7472,Listrik PLN,"12,206"
SULAWESI TENGGARA,KOTA BAUBAU,7472,Listrik non-PLN,62
SULAWESI TENGGARA,KOTA BAUBAU,7472,Tidak ada listrik,326
SULAWESI TENGGARA,TOTAL,"165,605",Listrik PLN,"19,637"
SULAWESI TENGGARA,TOTAL,"165,605",Listrik non-PLN,"39,820"
GORONTALO,BOALEMO,7501,Listrik PLN,"11,292"
GORONTALO,BOALEMO,7501,Listrik non-PLN,923
GORONTALO,BOALEMO,7501,Tidak ada listrik,"2,521"
GORONTALO,GORONTALO,7502,Listrik PLN,"36,911"
GORONTALO,GORONTALO,7502,Listrik non-PLN,"2,125"
GORONTALO,GORONTALO,7502,Tidak ada listrik,"5,693"
GORONTALO,POHUWATO,7503,Listrik PLN,"9,608"
GORONTALO,POHUWATO,7503,Listrik non-PLN,569
GORONTALO,POHUWATO,7503,Tidak ada listrik,"1,181"
GORONTALO,BONE BOLANGO,7504,Listrik PLN,"11,639"
GORONTALO,BONE BOLANGO,7504,Listrik non-PLN,"1,107"
GORONTALO,BONE BOLANGO,7504,Tidak ada listrik,"1,364"
GORONTALO,GORONTALO UTARA,7505,Listrik PLN,"9,446"
GORONTALO,GORONTALO UTARA,7505,Listrik non-PLN,989
GORONTALO,GORONTALO UTARA,7505,Tidak ada listrik,"1,539"
GORONTALO,KOTA GORONTALO,7571,Listrik PLN,"12,848"
GORONTALO,KOTA GORONTALO,7571,Listrik non-PLN,38
GORONTALO,KOTA GORONTALO,7571,Tidak ada listrik,120
GORONTALO,TOTAL,"91,744",Listrik PLN,"5,751"
GORONTALO,TOTAL,"91,744",Listrik non-PLN,"12,418"
SULAWESI BARAT,MAJENE,7601,Listrik PLN,"15,393"
SULAWESI BARAT,MAJENE,7601,Listrik non-PLN,"1,265"
SULAWESI BARAT,MAJENE,7601,Tidak ada listrik,"1,446"
SULAWESI BARAT,POLEWALI MANDAR,7602,Listrik PLN,"32,650"
SULAWESI BARAT,POLEWALI MANDAR,7602,Listrik non-PLN,"6,241"
SULAWESI BARAT,POLEWALI MANDAR,7602,Tidak ada listrik,"4,044"
SULAWESI BARAT,MAMASA,7603,Listrik PLN,"3,348"
SULAWESI BARAT,MAMASA,7603,Listrik non-PLN,"12,263"
SULAWESI BARAT,MAMASA,7603,Tidak ada listrik,"5,107"
SULAWESI BARAT,MAMUJU,7604,Listrik PLN,"10,914"
SULAWESI BARAT,MAMUJU,7604,Listrik non-PLN,"2,840"
SULAWESI BARAT,MAMUJU,7604,Tidak ada listrik,"4,824"
SULAWESI BARAT,MAMUJU UTARA,7605,Listrik PLN,"4,064"
SULAWESI BARAT,MAMUJU UTARA,7605,Listrik non-PLN,"3,601"
SULAWESI BARAT,MAMUJU UTARA,7605,Tidak ada listrik,"2,303"
SULAWESI BARAT,MAMUJU TENGAH,7606,Listrik PLN,"3,355"
SULAWESI BARAT,MAMUJU TENGAH,7606,Listrik non-PLN,"1,401"
SULAWESI BARAT,MAMUJU TENGAH,7606,Tidak ada listrik,"2,139"
SULAWESI BARAT,TOTAL,"69,724",Listrik PLN,"27,611"
SULAWESI BARAT,TOTAL,"69,724",Listrik non-PLN,"19,863"
MALUKU,MALUKU TENGGARA BARAT,8101,Listrik PLN,"4,672"
MALUKU,MALUKU TENGGARA BARAT,8101,Listrik non-PLN,"2,373"
MALUKU,MALUKU TENGGARA BARAT,8101,Tidak ada listrik,"4,705"
MALUKU,MALUKU TENGGARA,8102,Listrik PLN,"3,214"
MALUKU,MALUKU TENGGARA,8102,Listrik non-PLN,274
MALUKU,MALUKU TENGGARA,8102,Tidak ada listrik,"3,470"
MALUKU,MALUKU TENGAH,8103,Listrik PLN,"31,250"
MALUKU,MALUKU TENGAH,8103,Listrik non-PLN,849
MALUKU,MALUKU TENGAH,8103,Tidak ada listrik,"5,433"
MALUKU,BURU,8104,Listrik PLN,"4,594"
MALUKU,BURU,8104,Listrik non-PLN,571
MALUKU,BURU,8104,Tidak ada listrik,"3,365"
MALUKU,KEPULAUAN ARU,8105,Listrik PLN,542
MALUKU,KEPULAUAN ARU,8105,Listrik non-PLN,753
MALUKU,KEPULAUAN ARU,8105,Tidak ada listrik,"5,405"
MALUKU,SERAM BAGIAN BARAT,8106,Listrik PLN,"15,093"
MALUKU,SERAM BAGIAN BARAT,8106,Listrik non-PLN,537
MALUKU,SERAM BAGIAN BARAT,8106,Tidak ada listrik,"4,199"
MALUKU,SERAM BAGIAN TIMUR,8107,Listrik PLN,"3,914"
MALUKU,SERAM BAGIAN TIMUR,8107,Listrik non-PLN,486
MALUKU,SERAM BAGIAN TIMUR,8107,Tidak ada listrik,"4,585"
MALUKU,MALUKU BARAT DAYA,8108,Listrik PLN,"3,189"
MALUKU,MALUKU BARAT DAYA,8108,Listrik non-PLN,"2,368"
MALUKU,MALUKU BARAT DAYA,8108,Tidak ada listrik,"4,487"
MALUKU,BURU SELATAN,8109,Listrik PLN,"2,784"
MALUKU,BURU SELATAN,8109,Listrik non-PLN,"1,063"
MALUKU,BURU SELATAN,8109,Tidak ada listrik,"1,886"
MALUKU,KOTA AMBON,8171,Listrik PLN,"18,462"
MALUKU,KOTA AMBON,8171,Listrik non-PLN,48
MALUKU,KOTA AMBON,8171,Tidak ada listrik,556
MALUKU,KOTA TUAL,8172,Listrik PLN,"2,653"
MALUKU,KOTA TUAL,8172,Listrik non-PLN,530
MALUKU,KOTA TUAL,8172,Tidak ada listrik,"1,164"
MALUKU,TOTAL,"90,367",Listrik PLN,"9,852"
MALUKU,TOTAL,"90,367",Listrik non-PLN,"39,255"
MALUKU UTARA,HALMAHERA BARAT,8201,Listrik PLN,"5,270"
MALUKU UTARA,HALMAHERA BARAT,8201,Listrik non-PLN,610
MALUKU UTARA,HALMAHERA BARAT,8201,Tidak ada listrik,"1,283"
MALUKU UTARA,HALMAHERA TENGAH,8202,Listrik PLN,"2,103"
MALUKU UTARA,HALMAHERA TENGAH,8202,Listrik non-PLN,"1,461"
MALUKU UTARA,HALMAHERA TENGAH,8202,Tidak ada listrik,484
MALUKU UTARA,KEPULAUAN SULA,8203,Listrik PLN,"2,090"
MALUKU UTARA,KEPULAUAN SULA,8203,Listrik non-PLN,324
MALUKU UTARA,KEPULAUAN SULA,8203,Tidak ada listrik,"1,933"
MALUKU UTARA,HALMAHERA SELATAN,8204,Listrik PLN,"3,917"
MALUKU UTARA,HALMAHERA SELATAN,8204,Listrik non-PLN,"2,445"
MALUKU UTARA,HALMAHERA SELATAN,8204,Tidak ada listrik,"3,164"
MALUKU UTARA,HALMAHERA UTARA,8205,Listrik PLN,"4,331"
MALUKU UTARA,HALMAHERA UTARA,8205,Listrik non-PLN,897
MALUKU UTARA,HALMAHERA UTARA,8205,Tidak ada listrik,"1,275"
MALUKU UTARA,HALMAHERA TIMUR,8206,Listrik PLN,"3,763"
MALUKU UTARA,HALMAHERA TIMUR,8206,Listrik non-PLN,"1,072"
MALUKU UTARA,HALMAHERA TIMUR,8206,Tidak ada listrik,"1,442"
MALUKU UTARA,PULAU MOROTAI,8207,Listrik PLN,"1,553"
MALUKU UTARA,PULAU MOROTAI,8207,Listrik non-PLN,714
MALUKU UTARA,PULAU MOROTAI,8207,Tidak ada listrik,"1,241"
MALUKU UTARA,PULAU TALIABU,8208,Listrik PLN,353
MALUKU UTARA,PULAU TALIABU,8208,Listrik non-PLN,459
MALUKU UTARA,PULAU TALIABU,8208,Tidak ada listrik,"1,682"
MALUKU UTARA,KOTA TERNATE,8271,Listrik PLN,"2,349"
MALUKU UTARA,KOTA TERNATE,8271,Listrik non-PLN,710
MALUKU UTARA,KOTA TERNATE,8271,Tidak ada listrik,460
MALUKU UTARA,KOTA TIDORE KEPULAUAN,8272,Listrik PLN,"5,871"
MALUKU UTARA,KOTA TIDORE KEPULAUAN,8272,Listrik non-PLN,120
MALUKU UTARA,KOTA TIDORE KEPULAUAN,8272,Tidak ada listrik,86
MALUKU UTARA,TOTAL,"31,600",Listrik PLN,"8,812"
MALUKU UTARA,TOTAL,"31,600",Listrik non-PLN,"13,050"
PAPUA BARAT,FAKFAK,9101,Listrik PLN,"4,972"
PAPUA BARAT,FAKFAK,9101,Listrik non-PLN,"1,821"
PAPUA BARAT,FAKFAK,9101,Tidak ada listrik,"1,287"
PAPUA BARAT,KAIMANA,9102,Listrik PLN,867
PAPUA BARAT,KAIMANA,9102,Listrik non-PLN,"1,194"
PAPUA BARAT,KAIMANA,9102,Tidak ada listrik,"2,463"
PAPUA BARAT,TELUK WONDAMA,9103,Listrik PLN,271
PAPUA BARAT,TELUK WONDAMA,9103,Listrik non-PLN,416
PAPUA BARAT,TELUK WONDAMA,9103,Tidak ada listrik,"1,879"
PAPUA BARAT,TELUK BINTUNI,9104,Listrik PLN,"1,915"
PAPUA BARAT,TELUK BINTUNI,9104,Listrik non-PLN,"1,790"
PAPUA BARAT,TELUK BINTUNI,9104,Tidak ada listrik,"1,263"
PAPUA BARAT,MANOKWARI,9105,Listrik PLN,"9,029"
PAPUA BARAT,MANOKWARI,9105,Listrik non-PLN,406
PAPUA BARAT,MANOKWARI,9105,Tidak ada listrik,"1,311"
PAPUA BARAT,SORONG SELATAN,9106,Listrik PLN,315
PAPUA BARAT,SORONG SELATAN,9106,Listrik non-PLN,582
PAPUA BARAT,SORONG SELATAN,9106,Tidak ada listrik,"2,441"
PAPUA BARAT,SORONG,9107,Listrik PLN,"4,932"
PAPUA BARAT,SORONG,9107,Listrik non-PLN,"2,246"
PAPUA BARAT,SORONG,9107,Tidak ada listrik,859
PAPUA BARAT,RAJA AMPAT,9108,Listrik PLN,341
PAPUA BARAT,RAJA AMPAT,9108,Listrik non-PLN,"2,712"
PAPUA BARAT,RAJA AMPAT,9108,Tidak ada listrik,"1,253"
PAPUA BARAT,TAMBRAUW,9109,Listrik PLN,565
PAPUA BARAT,TAMBRAUW,9109,Listrik non-PLN,809
PAPUA BARAT,TAMBRAUW,9109,Tidak ada listrik,961
PAPUA BARAT,MAYBRAT,9110,Listrik PLN,"1,809"
PAPUA BARAT,MAYBRAT,9110,Listrik non-PLN,"1,786"
PAPUA BARAT,MAYBRAT,9110,Tidak ada listrik,635
PAPUA BARAT,MANOKWARI SELATAN,9111,Listrik PLN,"1,730"
PAPUA BARAT,MANOKWARI SELATAN,9111,Listrik non-PLN,674
PAPUA BARAT,MANOKWARI SELATAN,9111,Tidak ada listrik,"1,289"
PAPUA BARAT,PEGUNUNGAN ARFAK,9112,Listrik PLN,30
PAPUA BARAT,PEGUNUNGAN ARFAK,9112,Listrik non-PLN,"1,171"
PAPUA BARAT,PEGUNUNGAN ARFAK,9112,Tidak ada listrik,"5,655"
PAPUA BARAT,KOTA SORONG,9171,Listrik PLN,"11,465"
PAPUA BARAT,KOTA SORONG,9171,Listrik non-PLN,322
PAPUA BARAT,KOTA SORONG,9171,Tidak ada listrik,187
PAPUA BARAT,TOTAL,"38,241",Listrik PLN,"15,929"
PAPUA BARAT,TOTAL,"38,241",Listrik non-PLN,"21,483"
PAPUA,MERAUKE,9401,Listrik PLN,"9,973"
PAPUA,MERAUKE,9401,Listrik non-PLN,645
PAPUA,MERAUKE,9401,Tidak ada listrik,"2,445"
PAPUA,JAYAWIJAYA,9402,Listrik PLN,819
PAPUA,JAYAWIJAYA,9402,Listrik non-PLN,"2,106"
PAPUA,JAYAWIJAYA,9402,Tidak ada listrik,"10,221"
PAPUA,JAYAPURA,9403,Listrik PLN,"7,720"
PAPUA,JAYAPURA,9403,Listrik non-PLN,362
PAPUA,JAYAPURA,9403,Tidak ada listrik,"1,253"
PAPUA,NABIRE,9404,Listrik PLN,"6,575"
PAPUA,NABIRE,9404,Listrik non-PLN,574
PAPUA,NABIRE,9404,Tidak ada listrik,"2,135"
PAPUA,KEPULAUAN YAPEN,9408,Listrik PLN,"3,595"
PAPUA,KEPULAUAN YAPEN,9408,Listrik non-PLN,378
PAPUA,KEPULAUAN YAPEN,9408,Tidak ada listrik,"4,093"
PAPUA,BIAK NUMFOR,9409,Listrik PLN,"12,946"
PAPUA,BIAK NUMFOR,9409,Listrik non-PLN,107
PAPUA,BIAK NUMFOR,9409,Tidak ada listrik,798
PAPUA,PANIAI,9410,Listrik PLN,740
PAPUA,PANIAI,9410,Listrik non-PLN,"1,318"
PAPUA,PANIAI,9410,Tidak ada listrik,"4,825"
PAPUA,PUNCAK JAYA,9411,Listrik PLN,1
PAPUA,PUNCAK JAYA,9411,Listrik non-PLN,"2,826"
PAPUA,PUNCAK JAYA,9411,Tidak ada listrik,"4,155"
PAPUA,MIMIKA,9412,Listrik PLN,"8,296"
PAPUA,MIMIKA,9412,Listrik non-PLN,"1,173"
PAPUA,MIMIKA,9412,Tidak ada listrik,"3,783"
PAPUA,BOVEN DIGOEL,9413,Listrik PLN,842
PAPUA,BOVEN DIGOEL,9413,Listrik non-PLN,"1,244"
PAPUA,BOVEN DIGOEL,9413,Tidak ada listrik,"3,260"
PAPUA,MAPPI,9414,Listrik PLN,429
PAPUA,MAPPI,9414,Listrik non-PLN,401
PAPUA,MAPPI,9414,Tidak ada listrik,"9,600"
PAPUA,ASMAT,9415,Listrik PLN,189
PAPUA,ASMAT,9415,Listrik non-PLN,"1,133"
PAPUA,ASMAT,9415,Tidak ada listrik,"10,562"
PAPUA,YAHUKIMO,9416,Listrik PLN,1
PAPUA,YAHUKIMO,9416,Listrik non-PLN,95
PAPUA,YAHUKIMO,9416,Tidak ada listrik,"9,880"
PAPUA,PEGUNUNGAN BINTANG,9417,Listrik PLN,34
PAPUA,PEGUNUNGAN BINTANG,9417,Listrik non-PLN,"2,420"
PAPUA,PEGUNUNGAN BINTANG,9417,Tidak ada listrik,"10,395"
PAPUA,TOLIKARA,9418,Listrik PLN,0
PAPUA,TOLIKARA,9418,Listrik non-PLN,841
PAPUA,TOLIKARA,9418,Tidak ada listrik,"3,445"
PAPUA,SARMI,9419,Listrik PLN,520
PAPUA,SARMI,9419,Listrik non-PLN,982
PAPUA,SARMI,9419,Tidak ada listrik,561
PAPUA,KEEROM,9420,Listrik PLN,"4,753"
PAPUA,KEEROM,9420,Listrik non-PLN,691
PAPUA,KEEROM,9420,Tidak ada listrik,780
PAPUA,WAROPEN,9426,Listrik PLN,"1,027"
PAPUA,WAROPEN,9426,Listrik non-PLN,238
PAPUA,WAROPEN,9426,Tidak ada listrik,338
PAPUA,SUPIORI,9427,Listrik PLN,860
PAPUA,SUPIORI,9427,Listrik non-PLN,166
PAPUA,SUPIORI,9427,Tidak ada listrik,"1,006"
PAPUA,MAMBERAMO RAYA,9428,Listrik PLN,0
PAPUA,MAMBERAMO RAYA,9428,Listrik non-PLN,512
PAPUA,MAMBERAMO RAYA,9428,Tidak ada listrik,176
PAPUA,NDUGA,9429,Listrik PLN,0
PAPUA,NDUGA,9429,Listrik non-PLN,0
PAPUA,NDUGA,9429,Tidak ada listrik,0
PAPUA,LANNY JAYA,9430,Listrik PLN,2
PAPUA,LANNY JAYA,9430,Listrik non-PLN,539
PAPUA,LANNY JAYA,9430,Tidak ada listrik,"5,088"
PAPUA,MAMBERAMO TENGAH,9431,Listrik PLN,0
PAPUA,MAMBERAMO TENGAH,9431,Listrik non-PLN,283
PAPUA,MAMBERAMO TENGAH,9431,Tidak ada listrik,404
PAPUA,YALIMO,9432,Listrik PLN,0
PAPUA,YALIMO,9432,Listrik non-PLN,"1,963"
PAPUA,YALIMO,9432,Tidak ada listrik,"2,928"
PAPUA,PUNCAK,9433,Listrik PLN,0
PAPUA,PUNCAK,9433,Listrik non-PLN,455
PAPUA,PUNCAK,9433,Tidak ada listrik,"10,871"
PAPUA,DOGIYAI,9434,Listrik PLN,2
PAPUA,DOGIYAI,9434,Listrik non-PLN,455
PAPUA,DOGIYAI,9434,Tidak ada listrik,"4,126"
PAPUA,INTAN JAYA,9435,Listrik PLN,0
PAPUA,INTAN JAYA,9435,Listrik non-PLN,6
PAPUA,INTAN JAYA,9435,Tidak ada listrik,200
PAPUA,DEIYAI,9436,Listrik PLN,382
PAPUA,DEIYAI,9436,Listrik non-PLN,"1,511"
PAPUA,DEIYAI,9436,Tidak ada listrik,"1,098"
PAPUA,KOTA JAYAPURA,9471,Listrik PLN,"15,117"
PAPUA,KOTA JAYAPURA,9471,Listrik non-PLN,366
PAPUA,KOTA JAYAPURA,9471,Tidak ada listrik,694
PAPUA,TOTAL,"74,823",Listrik PLN,"23,790"
PAPUA,TOTAL,"74,823",Listrik non-PLN,"109,120"
